ID_Matriz;Area;Curso;Modalidade;ID_Disciplina;Nome_Disciplina;Sinergia;Carga_Horaria;CH_Teorica;CH_Pratica_Sala;CH_Pratica_Lab;CH_EAD;CH_ASM;CH_Estagio;CH_Extensao;Eh_EAD
MAT001;Saúde;Enfermagem;Semipresencial;MAT001_D001;Disciplina 1 - Enfermagem;Não;40;0;0;0;30;10;0;0;1
MAT001;Saúde;Enfermagem;Semipresencial;MAT001_D002;Disciplina 2 - Enfermagem;Não;40;0;0;0;40;0;0;0;1
MAT001;Saúde;Enfermagem;Semipresencial;MAT001_D003;Disciplina 3 - Enfermagem;Sim;120;0;0;0;100;20;0;0;1
MAT001;Saúde;Enfermagem;Semipresencial;MAT001_D004;Disciplina 4 - Enfermagem;Não;40;0;0;0;40;0;0;0;1
MAT001;Saúde;Enfermagem;Semipresencial;MAT001_D005;Disciplina 5 - Enfermagem;Não;40;0;0;0;30;10;0;0;1
MAT001;Saúde;Enfermagem;Semipresencial;MAT001_D006;Disciplina 6 - Enfermagem;Não;40;0;0;0;30;10;0;0;1
MAT001;Saúde;Enfermagem;Semipresencial;MAT001_D007;Disciplina 7 - Enfermagem;Sim;60;0;0;0;50;10;0;0;1
MAT001;Saúde;Enfermagem;Semipresencial;MAT001_D008;Disciplina 8 - Enfermagem;Não;60;0;0;0;50;10;0;0;1
MAT001;Saúde;Enfermagem;Semipresencial;MAT001_D009;Disciplina 9 - Enfermagem;Não;40;0;0;0;40;0;0;0;1
MAT001;Saúde;Enfermagem;Semipresencial;MAT001_D010;Disciplina 10 - Enfermagem;Não;60;0;0;0;50;10;0;0;1
MAT001;Saúde;Enfermagem;Semipresencial;MAT001_D011;Disciplina 11 - Enfermagem;Sim;120;0;0;0;100;20;0;0;1
MAT001;Saúde;Enfermagem;Semipresencial;MAT001_D012;Disciplina 12 - Enfermagem;Sim;60;0;0;0;50;10;0;0;1
MAT001;Saúde;Enfermagem;Semipresencial;MAT001_D013;Disciplina 13 - Enfermagem [PROJETO DE EXTENSÃO];Sim;120;0;0;0;70;10;0;40;1
MAT001;Saúde;Enfermagem;Semipresencial;MAT001_D014;Disciplina 14 - Enfermagem;Não;80;0;0;0;60;20;0;0;1
MAT001;Saúde;Enfermagem;Semipresencial;MAT001_D015;Disciplina 15 - Enfermagem;Sim;40;0;0;0;40;0;0;0;1
MAT001;Saúde;Enfermagem;Semipresencial;MAT001_D016;Disciplina 16 - Enfermagem;Não;60;0;0;0;50;10;0;0;1
MAT001;Saúde;Enfermagem;Semipresencial;MAT001_D017;Disciplina 17 - Enfermagem;Sim;120;0;0;0;100;20;0;0;1
MAT001;Saúde;Enfermagem;Semipresencial;MAT001_D018;Disciplina 18 - Enfermagem;Não;80;0;0;0;70;10;0;0;1
MAT001;Saúde;Enfermagem;Semipresencial;MAT001_D019;Disciplina 19 - Enfermagem;Não;80;0;0;0;70;10;0;0;1
MAT001;Saúde;Enfermagem;Semipresencial;MAT001_D020;Disciplina 20 - Enfermagem;Sim;60;0;0;0;50;10;0;0;1
MAT001;Saúde;Enfermagem;Semipresencial;MAT001_D021;Disciplina 21 - Enfermagem;Não;60;0;0;0;50;10;0;0;1
MAT001;Saúde;Enfermagem;Semipresencial;MAT001_D022;Disciplina 22 - Enfermagem;Sim;80;20;20;40;0;0;0;0;0
MAT001;Saúde;Enfermagem;Semipresencial;MAT001_D023;Disciplina 23 - Enfermagem;Não;40;10;20;10;0;0;0;0;0
MAT001;Saúde;Enfermagem;Semipresencial;MAT001_D024;Disciplina 24 - Enfermagem;Sim;40;0;30;10;0;0;0;0;0
MAT001;Saúde;Enfermagem;Semipresencial;MAT001_D025;Disciplina 25 - Enfermagem;Sim;120;20;50;50;0;0;0;0;0
MAT001;Saúde;Enfermagem;Semipresencial;MAT001_D026;Disciplina 26 - Enfermagem;Sim;40;10;20;10;0;0;0;0;0
MAT001;Saúde;Enfermagem;Semipresencial;MAT001_D027;Disciplina 27 - Enfermagem;Sim;80;20;30;30;0;0;0;0;0
MAT001;Saúde;Enfermagem;Semipresencial;MAT001_D028;Disciplina 28 - Enfermagem;Sim;80;20;30;30;0;0;0;0;0
MAT001;Saúde;Enfermagem;Semipresencial;MAT001_D029;Disciplina 29 - Enfermagem;Sim;80;10;40;30;0;0;0;0;0
MAT001;Saúde;Enfermagem;Semipresencial;MAT001_D030;Disciplina 30 - Enfermagem;Sim;40;0;30;10;0;0;0;0;0
MAT001;Saúde;Enfermagem;Semipresencial;MAT001_D031;Disciplina 31 - Enfermagem;Sim;120;30;30;60;0;0;0;0;0
MAT001;Saúde;Enfermagem;Semipresencial;MAT001_D032;Disciplina 32 - Enfermagem;Sim;40;10;20;10;0;0;0;0;0
MAT001;Saúde;Enfermagem;Semipresencial;MAT001_D033;Disciplina 33 - Enfermagem;Sim;120;30;40;50;0;0;0;0;0
MAT001;Saúde;Enfermagem;Semipresencial;MAT001_D034;Disciplina 34 - Enfermagem;Não;40;0;30;10;0;0;0;0;0
MAT001;Saúde;Enfermagem;Semipresencial;MAT001_D035;Disciplina 35 - Enfermagem [PROJETO DE EXTENSÃO];Sim;80;0;20;0;0;0;0;60;0
MAT001;Saúde;Enfermagem;Semipresencial;MAT001_D036;Disciplina 36 - Enfermagem;Não;80;10;30;40;0;0;0;0;0
MAT001;Saúde;Enfermagem;Semipresencial;MAT001_D037;Disciplina 37 - Enfermagem;Sim;60;10;30;20;0;0;0;0;0
MAT001;Saúde;Enfermagem;Semipresencial;MAT001_D038;Disciplina 38 - Enfermagem;Não;40;10;20;10;0;0;0;0;0
MAT001;Saúde;Enfermagem;Semipresencial;MAT001_D039;Disciplina 39 - Enfermagem;Não;40;0;30;10;0;0;0;0;0
MAT001;Saúde;Enfermagem;Semipresencial;MAT001_D040;Disciplina 40 - Enfermagem;Sim;60;10;30;20;0;0;0;0;0
MAT001;Saúde;Enfermagem;Semipresencial;MAT001_D041;Estágio Supervisionado - Enfermagem;Não;80;0;0;0;0;0;80;0;0
MAT001;Saúde;Enfermagem;Semipresencial;MAT001_D042;Estágio Supervisionado - Enfermagem;Não;20;0;0;0;0;0;20;0;0
MAT002;Engenharias;Engenharia Civil;Presencial;MAT002_D001;Disciplina 1 - Engenharia Civil;Não;80;0;0;0;80;0;0;0;1
MAT002;Engenharias;Engenharia Civil;Presencial;MAT002_D002;Disciplina 2 - Engenharia Civil;Não;60;0;0;0;60;0;0;0;1
MAT002;Engenharias;Engenharia Civil;Presencial;MAT002_D003;Disciplina 3 - Engenharia Civil;Não;80;0;0;0;80;0;0;0;1
MAT002;Engenharias;Engenharia Civil;Presencial;MAT002_D004;Disciplina 4 - Engenharia Civil;Não;80;0;0;0;80;0;0;0;1
MAT002;Engenharias;Engenharia Civil;Presencial;MAT002_D005;Disciplina 5 - Engenharia Civil;Sim;60;0;0;0;60;0;0;0;1
MAT002;Engenharias;Engenharia Civil;Presencial;MAT002_D006;Disciplina 6 - Engenharia Civil;Sim;80;0;0;0;80;0;0;0;1
MAT002;Engenharias;Engenharia Civil;Presencial;MAT002_D007;Disciplina 7 - Engenharia Civil;Sim;40;0;0;0;40;0;0;0;1
MAT002;Engenharias;Engenharia Civil;Presencial;MAT002_D008;Disciplina 8 - Engenharia Civil;Não;60;0;0;0;60;0;0;0;1
MAT002;Engenharias;Engenharia Civil;Presencial;MAT002_D009;Disciplina 9 - Engenharia Civil;Sim;60;0;0;0;60;0;0;0;1
MAT002;Engenharias;Engenharia Civil;Presencial;MAT002_D010;Disciplina 10 - Engenharia Civil [PROJETO DE EXTENSÃO];Sim;60;0;0;0;20;0;0;40;1
MAT002;Engenharias;Engenharia Civil;Presencial;MAT002_D011;Disciplina 11 - Engenharia Civil [PROJETO DE EXTENSÃO];Sim;120;0;0;0;60;0;0;60;1
MAT002;Engenharias;Engenharia Civil;Presencial;MAT002_D012;Disciplina 12 - Engenharia Civil;Não;120;0;0;0;120;0;0;0;1
MAT002;Engenharias;Engenharia Civil;Presencial;MAT002_D013;Disciplina 13 - Engenharia Civil;Não;80;0;0;0;80;0;0;0;1
MAT002;Engenharias;Engenharia Civil;Presencial;MAT002_D014;Disciplina 14 - Engenharia Civil;Não;60;0;0;0;60;0;0;0;1
MAT002;Engenharias;Engenharia Civil;Presencial;MAT002_D015;Disciplina 15 - Engenharia Civil;Não;80;0;0;0;80;0;0;0;1
MAT002;Engenharias;Engenharia Civil;Presencial;MAT002_D016;Disciplina 16 - Engenharia Civil;Não;40;0;0;0;40;0;0;0;1
MAT002;Engenharias;Engenharia Civil;Presencial;MAT002_D017;Disciplina 17 - Engenharia Civil;Sim;60;0;0;0;60;0;0;0;1
MAT002;Engenharias;Engenharia Civil;Presencial;MAT002_D018;Disciplina 18 - Engenharia Civil;Não;40;0;0;0;40;0;0;0;1
MAT002;Engenharias;Engenharia Civil;Presencial;MAT002_D019;Disciplina 19 - Engenharia Civil;Não;80;0;0;0;80;0;0;0;1
MAT002;Engenharias;Engenharia Civil;Presencial;MAT002_D020;Disciplina 20 - Engenharia Civil;Não;120;40;40;40;0;0;0;0;0
MAT002;Engenharias;Engenharia Civil;Presencial;MAT002_D021;Disciplina 21 - Engenharia Civil;Sim;80;20;40;20;0;0;0;0;0
MAT002;Engenharias;Engenharia Civil;Presencial;MAT002_D022;Disciplina 22 - Engenharia Civil;Sim;40;10;20;10;0;0;0;0;0
MAT002;Engenharias;Engenharia Civil;Presencial;MAT002_D023;Disciplina 23 - Engenharia Civil;Não;60;10;30;20;0;0;0;0;0
MAT002;Engenharias;Engenharia Civil;Presencial;MAT002_D024;Disciplina 24 - Engenharia Civil [PROJETO DE EXTENSÃO];Não;80;0;20;0;0;0;0;60;0
MAT002;Engenharias;Engenharia Civil;Presencial;MAT002_D025;Disciplina 25 - Engenharia Civil;Sim;60;20;30;10;0;0;0;0;0
MAT002;Engenharias;Engenharia Civil;Presencial;MAT002_D026;Disciplina 26 - Engenharia Civil [PROJETO DE EXTENSÃO];Não;120;10;30;20;0;0;0;60;0
MAT002;Engenharias;Engenharia Civil;Presencial;MAT002_D027;Disciplina 27 - Engenharia Civil;Não;120;50;50;20;0;0;0;0;0
MAT002;Engenharias;Engenharia Civil;Presencial;MAT002_D028;Disciplina 28 - Engenharia Civil;Não;120;50;30;40;0;0;0;0;0
MAT002;Engenharias;Engenharia Civil;Presencial;MAT002_D029;Disciplina 29 - Engenharia Civil;Sim;60;20;30;10;0;0;0;0;0
MAT002;Engenharias;Engenharia Civil;Presencial;MAT002_D030;Disciplina 30 - Engenharia Civil;Não;80;30;40;10;0;0;0;0;0
MAT002;Engenharias;Engenharia Civil;Presencial;MAT002_D031;Disciplina 31 - Engenharia Civil [PROJETO DE EXTENSÃO];Não;60;0;20;0;0;0;0;40;0
MAT002;Engenharias;Engenharia Civil;Presencial;MAT002_D032;Disciplina 32 - Engenharia Civil;Sim;60;20;30;10;0;0;0;0;0
MAT002;Engenharias;Engenharia Civil;Presencial;MAT002_D033;Disciplina 33 - Engenharia Civil;Sim;80;20;40;20;0;0;0;0;0
MAT002;Engenharias;Engenharia Civil;Presencial;MAT002_D034;Disciplina 34 - Engenharia Civil;Sim;120;40;60;20;0;0;0;0;0
MAT002;Engenharias;Engenharia Civil;Presencial;MAT002_D035;Disciplina 35 - Engenharia Civil;Sim;120;30;50;40;0;0;0;0;0
MAT002;Engenharias;Engenharia Civil;Presencial;MAT002_D036;Disciplina 36 - Engenharia Civil;Não;80;20;30;30;0;0;0;0;0
MAT002;Engenharias;Engenharia Civil;Presencial;MAT002_D037;Disciplina 37 - Engenharia Civil [PROJETO DE EXTENSÃO];Não;60;0;20;0;0;0;0;40;0
MAT002;Engenharias;Engenharia Civil;Presencial;MAT002_D038;Disciplina 38 - Engenharia Civil;Não;60;20;20;20;0;0;0;0;0
MAT002;Engenharias;Engenharia Civil;Presencial;MAT002_D039;Disciplina 39 - Engenharia Civil;Não;120;30;60;30;0;0;0;0;0
MAT002;Engenharias;Engenharia Civil;Presencial;MAT002_D040;Disciplina 40 - Engenharia Civil;Não;40;10;20;10;0;0;0;0;0
MAT002;Engenharias;Engenharia Civil;Presencial;MAT002_D041;Disciplina 41 - Engenharia Civil;Não;40;10;30;0;0;0;0;0;0
MAT002;Engenharias;Engenharia Civil;Presencial;MAT002_D042;Estágio Supervisionado - Engenharia Civil;Não;40;0;0;0;0;0;40;0;0
MAT002;Engenharias;Engenharia Civil;Presencial;MAT002_D043;Estágio Supervisionado - Engenharia Civil;Não;40;0;0;0;0;0;40;0;0
MAT003;Engenharias;Engenharia Mecânica;Semipresencial;MAT003_D001;Disciplina 1 - Engenharia Mecânica;Não;120;0;0;0;110;10;0;0;1
MAT003;Engenharias;Engenharia Mecânica;Semipresencial;MAT003_D002;Disciplina 2 - Engenharia Mecânica;Sim;80;0;0;0;70;10;0;0;1
MAT003;Engenharias;Engenharia Mecânica;Semipresencial;MAT003_D003;Disciplina 3 - Engenharia Mecânica;Não;40;0;0;0;40;0;0;0;1
MAT003;Engenharias;Engenharia Mecânica;Semipresencial;MAT003_D004;Disciplina 4 - Engenharia Mecânica;Não;40;0;0;0;40;0;0;0;1
MAT003;Engenharias;Engenharia Mecânica;Semipresencial;MAT003_D005;Disciplina 5 - Engenharia Mecânica;Sim;80;0;0;0;60;20;0;0;1
MAT003;Engenharias;Engenharia Mecânica;Semipresencial;MAT003_D006;Disciplina 6 - Engenharia Mecânica;Não;80;0;0;0;70;10;0;0;1
MAT003;Engenharias;Engenharia Mecânica;Semipresencial;MAT003_D007;Disciplina 7 - Engenharia Mecânica;Sim;40;0;0;0;40;0;0;0;1
MAT003;Engenharias;Engenharia Mecânica;Semipresencial;MAT003_D008;Disciplina 8 - Engenharia Mecânica;Não;80;0;0;0;60;20;0;0;1
MAT003;Engenharias;Engenharia Mecânica;Semipresencial;MAT003_D009;Disciplina 9 - Engenharia Mecânica;Sim;120;0;0;0;90;30;0;0;1
MAT003;Engenharias;Engenharia Mecânica;Semipresencial;MAT003_D010;Disciplina 10 - Engenharia Mecânica;Não;60;0;0;0;50;10;0;0;1
MAT003;Engenharias;Engenharia Mecânica;Semipresencial;MAT003_D011;Disciplina 11 - Engenharia Mecânica;Não;120;0;0;0;110;10;0;0;1
MAT003;Engenharias;Engenharia Mecânica;Semipresencial;MAT003_D012;Disciplina 12 - Engenharia Mecânica;Não;40;0;0;0;40;0;0;0;1
MAT003;Engenharias;Engenharia Mecânica;Semipresencial;MAT003_D013;Disciplina 13 - Engenharia Mecânica;Sim;80;0;0;0;70;10;0;0;1
MAT003;Engenharias;Engenharia Mecânica;Semipresencial;MAT003_D014;Disciplina 14 - Engenharia Mecânica;Não;60;0;0;0;50;10;0;0;1
MAT003;Engenharias;Engenharia Mecânica;Semipresencial;MAT003_D015;Disciplina 15 - Engenharia Mecânica;Não;40;0;0;0;40;0;0;0;1
MAT003;Engenharias;Engenharia Mecânica;Semipresencial;MAT003_D016;Disciplina 16 - Engenharia Mecânica;Não;80;0;0;0;70;10;0;0;1
MAT003;Engenharias;Engenharia Mecânica;Semipresencial;MAT003_D017;Disciplina 17 - Engenharia Mecânica;Não;60;0;0;0;50;10;0;0;1
MAT003;Engenharias;Engenharia Mecânica;Semipresencial;MAT003_D018;Disciplina 18 - Engenharia Mecânica;Sim;60;0;0;0;50;10;0;0;1
MAT003;Engenharias;Engenharia Mecânica;Semipresencial;MAT003_D019;Disciplina 19 - Engenharia Mecânica;Sim;80;0;0;0;70;10;0;0;1
MAT003;Engenharias;Engenharia Mecânica;Semipresencial;MAT003_D020;Disciplina 20 - Engenharia Mecânica;Não;60;0;0;0;50;10;0;0;1
MAT003;Engenharias;Engenharia Mecânica;Semipresencial;MAT003_D021;Disciplina 21 - Engenharia Mecânica;Sim;40;0;0;0;40;0;0;0;1
MAT003;Engenharias;Engenharia Mecânica;Semipresencial;MAT003_D022;Disciplina 22 - Engenharia Mecânica [PROJETO DE EXTENSÃO];Não;80;0;0;0;40;0;0;40;1
MAT003;Engenharias;Engenharia Mecânica;Semipresencial;MAT003_D023;Disciplina 23 - Engenharia Mecânica;Não;120;0;0;0;100;20;0;0;1
MAT003;Engenharias;Engenharia Mecânica;Semipresencial;MAT003_D024;Disciplina 24 - Engenharia Mecânica;Sim;40;0;0;0;40;0;0;0;1
MAT003;Engenharias;Engenharia Mecânica;Semipresencial;MAT003_D025;Disciplina 25 - Engenharia Mecânica;Sim;40;0;0;0;30;10;0;0;1
MAT003;Engenharias;Engenharia Mecânica;Semipresencial;MAT003_D026;Disciplina 26 - Engenharia Mecânica;Não;80;0;0;0;60;20;0;0;1
MAT003;Engenharias;Engenharia Mecânica;Semipresencial;MAT003_D027;Disciplina 27 - Engenharia Mecânica;Sim;80;30;30;20;0;0;0;0;0
MAT003;Engenharias;Engenharia Mecânica;Semipresencial;MAT003_D028;Disciplina 28 - Engenharia Mecânica;Sim;60;20;30;10;0;0;0;0;0
MAT003;Engenharias;Engenharia Mecânica;Semipresencial;MAT003_D029;Disciplina 29 - Engenharia Mecânica;Sim;40;10;20;10;0;0;0;0;0
MAT003;Engenharias;Engenharia Mecânica;Semipresencial;MAT003_D030;Disciplina 30 - Engenharia Mecânica [PROJETO DE EXTENSÃO];Sim;60;0;20;0;0;0;0;40;0
MAT003;Engenharias;Engenharia Mecânica;Semipresencial;MAT003_D031;Disciplina 31 - Engenharia Mecânica;Sim;40;10;20;10;0;0;0;0;0
MAT003;Engenharias;Engenharia Mecânica;Semipresencial;MAT003_D032;Disciplina 32 - Engenharia Mecânica;Sim;40;10;20;10;0;0;0;0;0
MAT003;Engenharias;Engenharia Mecânica;Semipresencial;MAT003_D033;Disciplina 33 - Engenharia Mecânica;Não;120;40;50;30;0;0;0;0;0
MAT003;Engenharias;Engenharia Mecânica;Semipresencial;MAT003_D034;Disciplina 34 - Engenharia Mecânica;Sim;40;10;20;10;0;0;0;0;0
MAT003;Engenharias;Engenharia Mecânica;Semipresencial;MAT003_D035;Disciplina 35 - Engenharia Mecânica;Sim;60;10;40;10;0;0;0;0;0
MAT003;Engenharias;Engenharia Mecânica;Semipresencial;MAT003_D036;Disciplina 36 - Engenharia Mecânica;Não;60;20;20;20;0;0;0;0;0
MAT003;Engenharias;Engenharia Mecânica;Semipresencial;MAT003_D037;Disciplina 37 - Engenharia Mecânica [PROJETO DE EXTENSÃO];Não;120;20;30;10;0;0;0;60;0
MAT003;Engenharias;Engenharia Mecânica;Semipresencial;MAT003_D038;Disciplina 38 - Engenharia Mecânica;Não;60;20;30;10;0;0;0;0;0
MAT003;Engenharias;Engenharia Mecânica;Semipresencial;MAT003_D039;Disciplina 39 - Engenharia Mecânica;Não;80;20;40;20;0;0;0;0;0
MAT003;Engenharias;Engenharia Mecânica;Semipresencial;MAT003_D040;Disciplina 40 - Engenharia Mecânica [PROJETO DE EXTENSÃO];Não;120;20;20;20;0;0;0;60;0
MAT003;Engenharias;Engenharia Mecânica;Semipresencial;MAT003_D041;Disciplina 41 - Engenharia Mecânica;Não;60;20;30;10;0;0;0;0;0
MAT003;Engenharias;Engenharia Mecânica;Semipresencial;MAT003_D042;Disciplina 42 - Engenharia Mecânica [PROJETO DE EXTENSÃO];Sim;60;0;20;0;0;0;0;40;0
MAT003;Engenharias;Engenharia Mecânica;Semipresencial;MAT003_D043;Disciplina 43 - Engenharia Mecânica;Sim;80;30;40;10;0;0;0;0;0
MAT003;Engenharias;Engenharia Mecânica;Semipresencial;MAT003_D044;Estágio Supervisionado - Engenharia Mecânica;Não;120;0;0;0;0;0;120;0;0
MAT003;Engenharias;Engenharia Mecânica;Semipresencial;MAT003_D045;Estágio Supervisionado - Engenharia Mecânica;Não;80;0;0;0;0;0;80;0;0
MAT004;Negócios;Logística;Semipresencial;MAT004_D001;Disciplina 1 - Logística;Não;80;0;0;0;70;10;0;0;1
MAT004;Negócios;Logística;Semipresencial;MAT004_D002;Disciplina 2 - Logística;Não;40;0;0;0;40;0;0;0;1
MAT004;Negócios;Logística;Semipresencial;MAT004_D003;Disciplina 3 - Logística;Não;60;0;0;0;60;0;0;0;1
MAT004;Negócios;Logística;Semipresencial;MAT004_D004;Disciplina 4 - Logística [PROJETO DE EXTENSÃO];Sim;60;0;0;0;20;0;0;40;1
MAT004;Negócios;Logística;Semipresencial;MAT004_D005;Disciplina 5 - Logística;Sim;40;0;0;0;40;0;0;0;1
MAT004;Negócios;Logística;Semipresencial;MAT004_D006;Disciplina 6 - Logística;Não;40;0;0;0;40;0;0;0;1
MAT004;Negócios;Logística;Semipresencial;MAT004_D007;Disciplina 7 - Logística;Sim;40;0;0;0;40;0;0;0;1
MAT004;Negócios;Logística;Semipresencial;MAT004_D008;Disciplina 8 - Logística;Sim;60;0;0;0;50;10;0;0;1
MAT004;Negócios;Logística;Semipresencial;MAT004_D009;Disciplina 9 - Logística;Sim;40;0;0;0;40;0;0;0;1
MAT004;Negócios;Logística;Semipresencial;MAT004_D010;Disciplina 10 - Logística;Não;40;0;0;0;40;0;0;0;1
MAT004;Negócios;Logística;Semipresencial;MAT004_D011;Disciplina 11 - Logística;Não;80;0;0;0;70;10;0;0;1
MAT004;Negócios;Logística;Semipresencial;MAT004_D012;Disciplina 12 - Logística;Não;40;0;0;0;40;0;0;0;1
MAT004;Negócios;Logística;Semipresencial;MAT004_D013;Disciplina 13 - Logística;Sim;60;0;0;0;50;10;0;0;1
MAT004;Negócios;Logística;Semipresencial;MAT004_D014;Disciplina 14 - Logística [PROJETO DE EXTENSÃO];Não;80;0;0;0;40;0;0;40;1
MAT004;Negócios;Logística;Semipresencial;MAT004_D015;Disciplina 15 - Logística;Sim;120;0;0;0;110;10;0;0;1
MAT004;Negócios;Logística;Semipresencial;MAT004_D016;Disciplina 16 - Logística;Não;60;0;0;0;50;10;0;0;1
MAT004;Negócios;Logística;Semipresencial;MAT004_D017;Disciplina 17 - Logística;Não;60;0;0;0;50;10;0;0;1
MAT004;Negócios;Logística;Semipresencial;MAT004_D018;Disciplina 18 - Logística [PROJETO DE EXTENSÃO];Não;120;0;0;0;50;10;0;60;1
MAT004;Negócios;Logística;Semipresencial;MAT004_D019;Disciplina 19 - Logística;Sim;60;0;0;0;50;10;0;0;1
MAT004;Negócios;Logística;Semipresencial;MAT004_D020;Disciplina 20 - Logística;Sim;120;0;0;0;110;10;0;0;1
MAT004;Negócios;Logística;Semipresencial;MAT004_D021;Disciplina 21 - Logística;Sim;120;0;0;0;90;30;0;0;1
MAT004;Negócios;Logística;Semipresencial;MAT004_D022;Disciplina 22 - Logística;Não;60;40;20;0;0;0;0;0;0
MAT004;Negócios;Logística;Semipresencial;MAT004_D023;Disciplina 23 - Logística;Sim;40;20;20;0;0;0;0;0;0
MAT004;Negócios;Logística;Semipresencial;MAT004_D024;Disciplina 24 - Logística;Não;40;20;20;0;0;0;0;0;0
MAT004;Negócios;Logística;Semipresencial;MAT004_D025;Disciplina 25 - Logística;Não;120;90;30;0;0;0;0;0;0
MAT004;Negócios;Logística;Semipresencial;MAT004_D026;Disciplina 26 - Logística;Não;80;50;30;0;0;0;0;0;0
MAT004;Negócios;Logística;Semipresencial;MAT004_D027;Disciplina 27 - Logística;Sim;120;60;60;0;0;0;0;0;0
MAT004;Negócios;Logística;Semipresencial;MAT004_D028;Disciplina 28 - Logística;Sim;120;80;40;0;0;0;0;0;0
MAT004;Negócios;Logística;Semipresencial;MAT004_D029;Disciplina 29 - Logística [PROJETO DE EXTENSÃO];Não;120;60;20;0;0;0;0;40;0
MAT004;Negócios;Logística;Semipresencial;MAT004_D030;Disciplina 30 - Logística;Sim;40;20;20;0;0;0;0;0;0
MAT004;Negócios;Logística;Semipresencial;MAT004_D031;Disciplina 31 - Logística;Não;40;20;20;0;0;0;0;0;0
MAT004;Negócios;Logística;Semipresencial;MAT004_D032;Disciplina 32 - Logística;Sim;40;20;20;0;0;0;0;0;0
MAT004;Negócios;Logística;Semipresencial;MAT004_D033;Disciplina 33 - Logística;Não;120;60;60;0;0;0;0;0;0
MAT004;Negócios;Logística;Semipresencial;MAT004_D034;Disciplina 34 - Logística;Sim;80;50;30;0;0;0;0;0;0
MAT004;Negócios;Logística;Semipresencial;MAT004_D035;Disciplina 35 - Logística;Sim;40;20;20;0;0;0;0;0;0
MAT004;Negócios;Logística;Semipresencial;MAT004_D036;Disciplina 36 - Logística [PROJETO DE EXTENSÃO];Sim;60;10;10;0;0;0;0;40;0
MAT004;Negócios;Logística;Semipresencial;MAT004_D037;Disciplina 37 - Logística;Não;60;40;20;0;0;0;0;0;0
MAT004;Negócios;Logística;Semipresencial;MAT004_D038;Disciplina 38 - Logística;Não;60;40;20;0;0;0;0;0;0
MAT004;Negócios;Logística;Semipresencial;MAT004_D039;Disciplina 39 - Logística;Sim;120;60;60;0;0;0;0;0;0
MAT004;Negócios;Logística;Semipresencial;MAT004_D040;Estágio Supervisionado - Logística;Não;20;0;0;0;0;0;20;0;0
MAT005;Negócios;Ciências Contábeis;Presencial;MAT005_D001;Disciplina 1 - Ciências Contábeis;Não;40;0;0;0;40;0;0;0;1
MAT005;Negócios;Ciências Contábeis;Presencial;MAT005_D002;Disciplina 2 - Ciências Contábeis;Não;120;0;0;0;120;0;0;0;1
MAT005;Negócios;Ciências Contábeis;Presencial;MAT005_D003;Disciplina 3 - Ciências Contábeis;Não;40;0;0;0;40;0;0;0;1
MAT005;Negócios;Ciências Contábeis;Presencial;MAT005_D004;Disciplina 4 - Ciências Contábeis;Não;40;0;0;0;40;0;0;0;1
MAT005;Negócios;Ciências Contábeis;Presencial;MAT005_D005;Disciplina 5 - Ciências Contábeis;Não;40;0;0;0;40;0;0;0;1
MAT005;Negócios;Ciências Contábeis;Presencial;MAT005_D006;Disciplina 6 - Ciências Contábeis;Não;40;0;0;0;40;0;0;0;1
MAT005;Negócios;Ciências Contábeis;Presencial;MAT005_D007;Disciplina 7 - Ciências Contábeis [PROJETO DE EXTENSÃO];Não;60;0;0;0;20;0;0;40;1
MAT005;Negócios;Ciências Contábeis;Presencial;MAT005_D008;Disciplina 8 - Ciências Contábeis;Não;60;0;0;0;60;0;0;0;1
MAT005;Negócios;Ciências Contábeis;Presencial;MAT005_D009;Disciplina 9 - Ciências Contábeis;Sim;120;0;0;0;120;0;0;0;1
MAT005;Negócios;Ciências Contábeis;Presencial;MAT005_D010;Disciplina 10 - Ciências Contábeis;Sim;120;0;0;0;120;0;0;0;1
MAT005;Negócios;Ciências Contábeis;Presencial;MAT005_D011;Disciplina 11 - Ciências Contábeis;Não;120;0;0;0;120;0;0;0;1
MAT005;Negócios;Ciências Contábeis;Presencial;MAT005_D012;Disciplina 12 - Ciências Contábeis;Sim;60;0;0;0;60;0;0;0;1
MAT005;Negócios;Ciências Contábeis;Presencial;MAT005_D013;Disciplina 13 - Ciências Contábeis;Não;120;0;0;0;120;0;0;0;1
MAT005;Negócios;Ciências Contábeis;Presencial;MAT005_D014;Disciplina 14 - Ciências Contábeis;Não;40;0;0;0;40;0;0;0;1
MAT005;Negócios;Ciências Contábeis;Presencial;MAT005_D015;Disciplina 15 - Ciências Contábeis [PROJETO DE EXTENSÃO];Não;60;0;0;0;20;0;0;40;1
MAT005;Negócios;Ciências Contábeis;Presencial;MAT005_D016;Disciplina 16 - Ciências Contábeis;Não;120;0;0;0;120;0;0;0;1
MAT005;Negócios;Ciências Contábeis;Presencial;MAT005_D017;Disciplina 17 - Ciências Contábeis;Sim;40;0;0;0;40;0;0;0;1
MAT005;Negócios;Ciências Contábeis;Presencial;MAT005_D018;Disciplina 18 - Ciências Contábeis;Não;120;0;0;0;120;0;0;0;1
MAT005;Negócios;Ciências Contábeis;Presencial;MAT005_D019;Disciplina 19 - Ciências Contábeis;Não;80;0;0;0;80;0;0;0;1
MAT005;Negócios;Ciências Contábeis;Presencial;MAT005_D020;Disciplina 20 - Ciências Contábeis;Não;120;0;0;0;120;0;0;0;1
MAT005;Negócios;Ciências Contábeis;Presencial;MAT005_D021;Disciplina 21 - Ciências Contábeis;Não;80;60;20;0;0;0;0;0;0
MAT005;Negócios;Ciências Contábeis;Presencial;MAT005_D022;Disciplina 22 - Ciências Contábeis;Não;120;80;40;0;0;0;0;0;0
MAT005;Negócios;Ciências Contábeis;Presencial;MAT005_D023;Disciplina 23 - Ciências Contábeis;Não;120;60;60;0;0;0;0;0;0
MAT005;Negócios;Ciências Contábeis;Presencial;MAT005_D024;Disciplina 24 - Ciências Contábeis;Sim;60;30;30;0;0;0;0;0;0
MAT005;Negócios;Ciências Contábeis;Presencial;MAT005_D025;Disciplina 25 - Ciências Contábeis;Não;60;40;20;0;0;0;0;0;0
MAT005;Negócios;Ciências Contábeis;Presencial;MAT005_D026;Disciplina 26 - Ciências Contábeis;Sim;80;50;30;0;0;0;0;0;0
MAT005;Negócios;Ciências Contábeis;Presencial;MAT005_D027;Disciplina 27 - Ciências Contábeis;Não;60;30;30;0;0;0;0;0;0
MAT005;Negócios;Ciências Contábeis;Presencial;MAT005_D028;Disciplina 28 - Ciências Contábeis;Não;40;20;20;0;0;0;0;0;0
MAT005;Negócios;Ciências Contábeis;Presencial;MAT005_D029;Disciplina 29 - Ciências Contábeis;Sim;40;20;20;0;0;0;0;0;0
MAT005;Negócios;Ciências Contábeis;Presencial;MAT005_D030;Disciplina 30 - Ciências Contábeis;Sim;80;40;40;0;0;0;0;0;0
MAT005;Negócios;Ciências Contábeis;Presencial;MAT005_D031;Disciplina 31 - Ciências Contábeis;Sim;40;20;20;0;0;0;0;0;0
MAT005;Negócios;Ciências Contábeis;Presencial;MAT005_D032;Disciplina 32 - Ciências Contábeis;Sim;40;20;20;0;0;0;0;0;0
MAT005;Negócios;Ciências Contábeis;Presencial;MAT005_D033;Disciplina 33 - Ciências Contábeis [PROJETO DE EXTENSÃO];Não;120;60;20;0;0;0;0;40;0
MAT005;Negócios;Ciências Contábeis;Presencial;MAT005_D034;Disciplina 34 - Ciências Contábeis [PROJETO DE EXTENSÃO];Sim;60;10;10;0;0;0;0;40;0
MAT005;Negócios;Ciências Contábeis;Presencial;MAT005_D035;Disciplina 35 - Ciências Contábeis;Não;40;20;20;0;0;0;0;0;0
MAT005;Negócios;Ciências Contábeis;Presencial;MAT005_D036;Disciplina 36 - Ciências Contábeis;Não;40;20;20;0;0;0;0;0;0
MAT005;Negócios;Ciências Contábeis;Presencial;MAT005_D037;Disciplina 37 - Ciências Contábeis;Não;60;30;30;0;0;0;0;0;0
MAT005;Negócios;Ciências Contábeis;Presencial;MAT005_D038;Disciplina 38 - Ciências Contábeis;Sim;40;20;20;0;0;0;0;0;0
MAT005;Negócios;Ciências Contábeis;Presencial;MAT005_D039;Disciplina 39 - Ciências Contábeis;Não;40;20;20;0;0;0;0;0;0
MAT005;Negócios;Ciências Contábeis;Presencial;MAT005_D040;Disciplina 40 - Ciências Contábeis;Não;20;10;10;0;0;0;0;0;0
MAT006;Negócios;Administração;100% EAD;MAT006_D001;Disciplina 1 - Administração;Sim;60;0;0;0;50;10;0;0;1
MAT006;Negócios;Administração;100% EAD;MAT006_D002;Disciplina 2 - Administração;Não;40;0;0;0;30;10;0;0;1
MAT006;Negócios;Administração;100% EAD;MAT006_D003;Disciplina 3 - Administração;Não;40;0;0;0;30;10;0;0;1
MAT006;Negócios;Administração;100% EAD;MAT006_D004;Disciplina 4 - Administração;Não;120;0;0;0;90;30;0;0;1
MAT006;Negócios;Administração;100% EAD;MAT006_D005;Disciplina 5 - Administração;Não;80;0;0;0;70;10;0;0;1
MAT006;Negócios;Administração;100% EAD;MAT006_D006;Disciplina 6 - Administração;Sim;80;0;0;0;70;10;0;0;1
MAT006;Negócios;Administração;100% EAD;MAT006_D007;Disciplina 7 - Administração;Não;60;0;0;0;50;10;0;0;1
MAT006;Negócios;Administração;100% EAD;MAT006_D008;Disciplina 8 - Administração;Não;80;0;0;0;70;10;0;0;1
MAT006;Negócios;Administração;100% EAD;MAT006_D009;Disciplina 9 - Administração;Sim;60;0;0;0;50;10;0;0;1
MAT006;Negócios;Administração;100% EAD;MAT006_D010;Disciplina 10 - Administração;Sim;80;0;0;0;70;10;0;0;1
MAT006;Negócios;Administração;100% EAD;MAT006_D011;Disciplina 11 - Administração;Sim;120;0;0;0;100;20;0;0;1
MAT006;Negócios;Administração;100% EAD;MAT006_D012;Disciplina 12 - Administração;Sim;60;0;0;0;60;0;0;0;1
MAT006;Negócios;Administração;100% EAD;MAT006_D013;Disciplina 13 - Administração [PROJETO DE EXTENSÃO];Não;80;0;0;0;40;0;0;40;1
MAT006;Negócios;Administração;100% EAD;MAT006_D014;Disciplina 14 - Administração;Sim;120;0;0;0;100;20;0;0;1
MAT006;Negócios;Administração;100% EAD;MAT006_D015;Disciplina 15 - Administração [PROJETO DE EXTENSÃO];Sim;80;0;0;0;20;0;0;60;1
MAT006;Negócios;Administração;100% EAD;MAT006_D016;Disciplina 16 - Administração;Sim;40;0;0;0;40;0;0;0;1
MAT006;Negócios;Administração;100% EAD;MAT006_D017;Disciplina 17 - Administração;Sim;40;0;0;0;40;0;0;0;1
MAT006;Negócios;Administração;100% EAD;MAT006_D018;Disciplina 18 - Administração;Sim;120;0;0;0;110;10;0;0;1
MAT006;Negócios;Administração;100% EAD;MAT006_D019;Disciplina 19 - Administração;Sim;40;0;0;0;40;0;0;0;1
MAT006;Negócios;Administração;100% EAD;MAT006_D020;Disciplina 20 - Administração;Não;40;0;0;0;40;0;0;0;1
MAT006;Negócios;Administração;100% EAD;MAT006_D021;Disciplina 21 - Administração;Não;60;0;0;0;50;10;0;0;1
MAT006;Negócios;Administração;100% EAD;MAT006_D022;Disciplina 22 - Administração [PROJETO DE EXTENSÃO];Sim;80;0;0;0;40;0;0;40;1
MAT006;Negócios;Administração;100% EAD;MAT006_D023;Disciplina 23 - Administração;Sim;60;0;0;0;60;0;0;0;1
MAT006;Negócios;Administração;100% EAD;MAT006_D024;Disciplina 24 - Administração;Sim;80;0;0;0;70;10;0;0;1
MAT006;Negócios;Administração;100% EAD;MAT006_D025;Disciplina 25 - Administração;Sim;40;0;0;0;30;10;0;0;1
MAT006;Negócios;Administração;100% EAD;MAT006_D026;Disciplina 26 - Administração;Não;60;0;0;0;50;10;0;0;1
MAT006;Negócios;Administração;100% EAD;MAT006_D027;Disciplina 27 - Administração;Sim;80;0;0;0;70;10;0;0;1
MAT006;Negócios;Administração;100% EAD;MAT006_D028;Disciplina 28 - Administração;Sim;80;0;0;0;70;10;0;0;1
MAT006;Negócios;Administração;100% EAD;MAT006_D029;Disciplina 29 - Administração;Não;60;0;0;0;50;10;0;0;1
MAT006;Negócios;Administração;100% EAD;MAT006_D030;Disciplina 30 - Administração;Não;120;0;0;0;90;30;0;0;1
MAT006;Negócios;Administração;100% EAD;MAT006_D031;Disciplina 31 - Administração;Sim;80;0;0;0;70;10;0;0;1
MAT006;Negócios;Administração;100% EAD;MAT006_D032;Disciplina 32 - Administração;Sim;40;0;0;0;40;0;0;0;1
MAT006;Negócios;Administração;100% EAD;MAT006_D033;Disciplina 33 - Administração;Não;80;0;0;0;70;10;0;0;1
MAT006;Negócios;Administração;100% EAD;MAT006_D034;Disciplina 34 - Administração;Sim;40;0;0;0;40;0;0;0;1
MAT006;Negócios;Administração;100% EAD;MAT006_D035;Disciplina 35 - Administração;Não;60;0;0;0;50;10;0;0;1
MAT006;Negócios;Administração;100% EAD;MAT006_D036;Disciplina 36 - Administração;Não;80;0;0;0;70;10;0;0;1
MAT006;Negócios;Administração;100% EAD;MAT006_D037;Disciplina 37 - Administração;Não;40;0;0;0;30;10;0;0;1
MAT006;Negócios;Administração;100% EAD;MAT006_D038;Disciplina 38 - Administração;Não;40;0;0;0;40;0;0;0;1
MAT006;Negócios;Administração;100% EAD;MAT006_D039;Disciplina 39 - Administração;Sim;60;0;0;0;50;10;0;0;1
MAT006;Negócios;Administração;100% EAD;MAT006_D040;Disciplina 40 - Administração;Não;80;0;0;0;70;10;0;0;1
MAT006;Negócios;Administração;100% EAD;MAT006_D041;Disciplina 41 - Administração;Não;80;0;0;0;70;10;0;0;1
MAT006;Negócios;Administração;100% EAD;MAT006_D042;Disciplina 42 - Administração;Sim;60;0;0;0;60;0;0;0;1
MAT006;Negócios;Administração;100% EAD;MAT006_D043;Disciplina 43 - Administração;Não;80;0;0;0;70;10;0;0;1
MAT006;Negócios;Administração;100% EAD;MAT006_D044;Disciplina 44 - Administração;Não;60;0;0;0;50;10;0;0;1
MAT006;Negócios;Administração;100% EAD;MAT006_D045;Disciplina 45 - Administração;Sim;80;0;0;0;70;10;0;0;1
MAT006;Negócios;Administração;100% EAD;MAT006_D046;Disciplina 46 - Administração;Sim;120;0;0;0;100;20;0;0;1
MAT006;Negócios;Administração;100% EAD;MAT006_D047;Disciplina 47 - Administração;Sim;80;0;0;0;70;10;0;0;1
MAT006;Negócios;Administração;100% EAD;MAT006_D048;Disciplina 48 - Administração;Não;40;0;0;0;40;0;0;0;1
MAT006;Negócios;Administração;100% EAD;MAT006_D049;Disciplina 49 - Administração;Sim;40;0;0;0;30;10;0;0;1
MAT006;Negócios;Administração;100% EAD;MAT006_D050;Disciplina 50 - Administração;Sim;120;0;0;0;100;20;0;0;1
MAT006;Negócios;Administração;100% EAD;MAT006_D051;Disciplina 51 - Administração;Não;80;0;0;0;70;10;0;0;1
MAT007;Saúde;Enfermagem;Presencial;MAT007_D001;Disciplina 1 - Enfermagem;Não;80;0;0;0;80;0;0;0;1
MAT007;Saúde;Enfermagem;Presencial;MAT007_D002;Disciplina 2 - Enfermagem;Não;60;0;0;0;60;0;0;0;1
MAT007;Saúde;Enfermagem;Presencial;MAT007_D003;Disciplina 3 - Enfermagem;Sim;120;0;0;0;120;0;0;0;1
MAT007;Saúde;Enfermagem;Presencial;MAT007_D004;Disciplina 4 - Enfermagem [PROJETO DE EXTENSÃO];Não;120;0;0;0;60;0;0;60;1
MAT007;Saúde;Enfermagem;Presencial;MAT007_D005;Disciplina 5 - Enfermagem;Não;40;0;0;0;40;0;0;0;1
MAT007;Saúde;Enfermagem;Presencial;MAT007_D006;Disciplina 6 - Enfermagem;Não;40;0;0;0;40;0;0;0;1
MAT007;Saúde;Enfermagem;Presencial;MAT007_D007;Disciplina 7 - Enfermagem;Sim;40;0;0;0;40;0;0;0;1
MAT007;Saúde;Enfermagem;Presencial;MAT007_D008;Disciplina 8 - Enfermagem;Sim;60;0;0;0;60;0;0;0;1
MAT007;Saúde;Enfermagem;Presencial;MAT007_D009;Disciplina 9 - Enfermagem;Não;40;0;0;0;40;0;0;0;1
MAT007;Saúde;Enfermagem;Presencial;MAT007_D010;Disciplina 10 - Enfermagem;Não;80;0;0;0;80;0;0;0;1
MAT007;Saúde;Enfermagem;Presencial;MAT007_D011;Disciplina 11 - Enfermagem;Sim;60;0;0;0;60;0;0;0;1
MAT007;Saúde;Enfermagem;Presencial;MAT007_D012;Disciplina 12 - Enfermagem;Sim;120;0;0;0;120;0;0;0;1
MAT007;Saúde;Enfermagem;Presencial;MAT007_D013;Disciplina 13 - Enfermagem;Não;60;0;0;0;60;0;0;0;1
MAT007;Saúde;Enfermagem;Presencial;MAT007_D014;Disciplina 14 - Enfermagem;Não;40;0;0;0;40;0;0;0;1
MAT007;Saúde;Enfermagem;Presencial;MAT007_D015;Disciplina 15 - Enfermagem;Não;80;0;0;0;80;0;0;0;1
MAT007;Saúde;Enfermagem;Presencial;MAT007_D016;Disciplina 16 - Enfermagem;Não;80;0;0;0;80;0;0;0;1
MAT007;Saúde;Enfermagem;Presencial;MAT007_D017;Disciplina 17 - Enfermagem;Não;40;0;0;0;40;0;0;0;1
MAT007;Saúde;Enfermagem;Presencial;MAT007_D018;Disciplina 18 - Enfermagem;Não;80;0;0;0;80;0;0;0;1
MAT007;Saúde;Enfermagem;Presencial;MAT007_D019;Disciplina 19 - Enfermagem;Não;60;10;20;30;0;0;0;0;0
MAT007;Saúde;Enfermagem;Presencial;MAT007_D020;Disciplina 20 - Enfermagem;Não;60;10;20;30;0;0;0;0;0
MAT007;Saúde;Enfermagem;Presencial;MAT007_D021;Disciplina 21 - Enfermagem;Sim;40;0;20;20;0;0;0;0;0
MAT007;Saúde;Enfermagem;Presencial;MAT007_D022;Disciplina 22 - Enfermagem;Não;80;10;30;40;0;0;0;0;0
MAT007;Saúde;Enfermagem;Presencial;MAT007_D023;Disciplina 23 - Enfermagem;Não;120;20;60;40;0;0;0;0;0
MAT007;Saúde;Enfermagem;Presencial;MAT007_D024;Disciplina 24 - Enfermagem [PROJETO DE EXTENSÃO];Não;60;0;20;0;0;0;0;40;0
MAT007;Saúde;Enfermagem;Presencial;MAT007_D025;Disciplina 25 - Enfermagem;Não;60;10;20;30;0;0;0;0;0
MAT007;Saúde;Enfermagem;Presencial;MAT007_D026;Disciplina 26 - Enfermagem;Não;60;10;30;20;0;0;0;0;0
MAT007;Saúde;Enfermagem;Presencial;MAT007_D027;Disciplina 27 - Enfermagem;Não;60;10;20;30;0;0;0;0;0
MAT007;Saúde;Enfermagem;Presencial;MAT007_D028;Disciplina 28 - Enfermagem;Sim;120;30;40;50;0;0;0;0;0
MAT007;Saúde;Enfermagem;Presencial;MAT007_D029;Disciplina 29 - Enfermagem;Sim;40;10;10;20;0;0;0;0;0
MAT007;Saúde;Enfermagem;Presencial;MAT007_D030;Disciplina 30 - Enfermagem [PROJETO DE EXTENSÃO];Não;60;0;20;0;0;0;0;40;0
MAT007;Saúde;Enfermagem;Presencial;MAT007_D031;Disciplina 31 - Enfermagem;Não;80;20;20;40;0;0;0;0;0
MAT007;Saúde;Enfermagem;Presencial;MAT007_D032;Disciplina 32 - Enfermagem;Sim;120;30;40;50;0;0;0;0;0
MAT007;Saúde;Enfermagem;Presencial;MAT007_D033;Disciplina 33 - Enfermagem;Não;60;10;30;20;0;0;0;0;0
MAT007;Saúde;Enfermagem;Presencial;MAT007_D034;Disciplina 34 - Enfermagem;Sim;80;20;30;30;0;0;0;0;0
MAT007;Saúde;Enfermagem;Presencial;MAT007_D035;Disciplina 35 - Enfermagem;Não;60;10;20;30;0;0;0;0;0
MAT007;Saúde;Enfermagem;Presencial;MAT007_D036;Disciplina 36 - Enfermagem;Não;40;0;20;20;0;0;0;0;0
MAT007;Saúde;Enfermagem;Presencial;MAT007_D037;Disciplina 37 - Enfermagem;Sim;120;30;30;60;0;0;0;0;0
MAT007;Saúde;Enfermagem;Presencial;MAT007_D038;Disciplina 38 - Enfermagem;Não;40;10;20;10;0;0;0;0;0
MAT007;Saúde;Enfermagem;Presencial;MAT007_D039;Estágio Supervisionado - Enfermagem;Não;120;0;0;0;0;0;120;0;0
MAT007;Saúde;Enfermagem;Presencial;MAT007_D040;Estágio Supervisionado - Enfermagem;Não;20;0;0;0;0;0;20;0;0
MAT008;Engenharias;Engenharia Mecânica;Presencial;MAT008_D001;Disciplina 1 - Engenharia Mecânica;Sim;60;0;0;0;60;0;0;0;1
MAT008;Engenharias;Engenharia Mecânica;Presencial;MAT008_D002;Disciplina 2 - Engenharia Mecânica;Não;120;0;0;0;120;0;0;0;1
MAT008;Engenharias;Engenharia Mecânica;Presencial;MAT008_D003;Disciplina 3 - Engenharia Mecânica;Não;80;0;0;0;80;0;0;0;1
MAT008;Engenharias;Engenharia Mecânica;Presencial;MAT008_D004;Disciplina 4 - Engenharia Mecânica;Não;80;0;0;0;80;0;0;0;1
MAT008;Engenharias;Engenharia Mecânica;Presencial;MAT008_D005;Disciplina 5 - Engenharia Mecânica;Não;40;0;0;0;40;0;0;0;1
MAT008;Engenharias;Engenharia Mecânica;Presencial;MAT008_D006;Disciplina 6 - Engenharia Mecânica;Não;80;0;0;0;80;0;0;0;1
MAT008;Engenharias;Engenharia Mecânica;Presencial;MAT008_D007;Disciplina 7 - Engenharia Mecânica;Sim;80;0;0;0;80;0;0;0;1
MAT008;Engenharias;Engenharia Mecânica;Presencial;MAT008_D008;Disciplina 8 - Engenharia Mecânica;Sim;120;0;0;0;120;0;0;0;1
MAT008;Engenharias;Engenharia Mecânica;Presencial;MAT008_D009;Disciplina 9 - Engenharia Mecânica [PROJETO DE EXTENSÃO];Sim;80;10;20;10;0;0;0;40;0
MAT008;Engenharias;Engenharia Mecânica;Presencial;MAT008_D010;Disciplina 10 - Engenharia Mecânica;Sim;40;10;20;10;0;0;0;0;0
MAT008;Engenharias;Engenharia Mecânica;Presencial;MAT008_D011;Disciplina 11 - Engenharia Mecânica;Não;40;10;20;10;0;0;0;0;0
MAT008;Engenharias;Engenharia Mecânica;Presencial;MAT008_D012;Disciplina 12 - Engenharia Mecânica;Não;80;30;30;20;0;0;0;0;0
MAT008;Engenharias;Engenharia Mecânica;Presencial;MAT008_D013;Disciplina 13 - Engenharia Mecânica;Sim;60;20;20;20;0;0;0;0;0
MAT008;Engenharias;Engenharia Mecânica;Presencial;MAT008_D014;Disciplina 14 - Engenharia Mecânica;Sim;80;30;40;10;0;0;0;0;0
MAT008;Engenharias;Engenharia Mecânica;Presencial;MAT008_D015;Disciplina 15 - Engenharia Mecânica;Não;40;10;20;10;0;0;0;0;0
MAT008;Engenharias;Engenharia Mecânica;Presencial;MAT008_D016;Disciplina 16 - Engenharia Mecânica;Não;40;10;20;10;0;0;0;0;0
MAT008;Engenharias;Engenharia Mecânica;Presencial;MAT008_D017;Disciplina 17 - Engenharia Mecânica;Não;120;40;50;30;0;0;0;0;0
MAT008;Engenharias;Engenharia Mecânica;Presencial;MAT008_D018;Disciplina 18 - Engenharia Mecânica;Não;80;20;40;20;0;0;0;0;0
MAT008;Engenharias;Engenharia Mecânica;Presencial;MAT008_D019;Disciplina 19 - Engenharia Mecânica;Não;80;20;40;20;0;0;0;0;0
MAT008;Engenharias;Engenharia Mecânica;Presencial;MAT008_D020;Disciplina 20 - Engenharia Mecânica;Não;120;50;50;20;0;0;0;0;0
MAT008;Engenharias;Engenharia Mecânica;Presencial;MAT008_D021;Disciplina 21 - Engenharia Mecânica;Não;40;10;30;0;0;0;0;0;0
MAT008;Engenharias;Engenharia Mecânica;Presencial;MAT008_D022;Disciplina 22 - Engenharia Mecânica;Não;120;40;40;40;0;0;0;0;0
MAT008;Engenharias;Engenharia Mecânica;Presencial;MAT008_D023;Disciplina 23 - Engenharia Mecânica;Não;60;20;30;10;0;0;0;0;0
MAT008;Engenharias;Engenharia Mecânica;Presencial;MAT008_D024;Disciplina 24 - Engenharia Mecânica;Não;80;30;40;10;0;0;0;0;0
MAT008;Engenharias;Engenharia Mecânica;Presencial;MAT008_D025;Disciplina 25 - Engenharia Mecânica;Não;40;10;20;10;0;0;0;0;0
MAT008;Engenharias;Engenharia Mecânica;Presencial;MAT008_D026;Disciplina 26 - Engenharia Mecânica;Sim;120;40;60;20;0;0;0;0;0
MAT008;Engenharias;Engenharia Mecânica;Presencial;MAT008_D027;Disciplina 27 - Engenharia Mecânica;Não;40;10;20;10;0;0;0;0;0
MAT008;Engenharias;Engenharia Mecânica;Presencial;MAT008_D028;Disciplina 28 - Engenharia Mecânica;Sim;60;20;30;10;0;0;0;0;0
MAT008;Engenharias;Engenharia Mecânica;Presencial;MAT008_D029;Disciplina 29 - Engenharia Mecânica [PROJETO DE EXTENSÃO];Não;80;10;30;0;0;0;0;40;0
MAT008;Engenharias;Engenharia Mecânica;Presencial;MAT008_D030;Disciplina 30 - Engenharia Mecânica;Não;120;50;40;30;0;0;0;0;0
MAT008;Engenharias;Engenharia Mecânica;Presencial;MAT008_D031;Disciplina 31 - Engenharia Mecânica;Não;40;10;30;0;0;0;0;0;0
MAT008;Engenharias;Engenharia Mecânica;Presencial;MAT008_D032;Disciplina 32 - Engenharia Mecânica;Não;80;20;50;10;0;0;0;0;0
MAT008;Engenharias;Engenharia Mecânica;Presencial;MAT008_D033;Disciplina 33 - Engenharia Mecânica;Não;80;20;40;20;0;0;0;0;0
MAT008;Engenharias;Engenharia Mecânica;Presencial;MAT008_D034;Disciplina 34 - Engenharia Mecânica;Não;40;10;20;10;0;0;0;0;0
MAT008;Engenharias;Engenharia Mecânica;Presencial;MAT008_D035;Disciplina 35 - Engenharia Mecânica;Sim;80;30;40;10;0;0;0;0;0
MAT008;Engenharias;Engenharia Mecânica;Presencial;MAT008_D036;Estágio Supervisionado - Engenharia Mecânica;Não;80;0;0;0;0;0;80;0;0
MAT008;Engenharias;Engenharia Mecânica;Presencial;MAT008_D037;Estágio Supervisionado - Engenharia Mecânica;Não;120;0;0;0;0;0;120;0;0
MAT009;Licenciaturas;História;Semipresencial;MAT009_D001;Disciplina 1 - História;Não;120;0;0;0;90;30;0;0;1
MAT009;Licenciaturas;História;Semipresencial;MAT009_D002;Disciplina 2 - História;Sim;120;0;0;0;90;30;0;0;1
MAT009;Licenciaturas;História;Semipresencial;MAT009_D003;Disciplina 3 - História;Não;60;0;0;0;50;10;0;0;1
MAT009;Licenciaturas;História;Semipresencial;MAT009_D004;Disciplina 4 - História;Não;80;0;0;0;70;10;0;0;1
MAT009;Licenciaturas;História;Semipresencial;MAT009_D005;Disciplina 5 - História;Sim;120;0;0;0;90;30;0;0;1
MAT009;Licenciaturas;História;Semipresencial;MAT009_D006;Disciplina 6 - História;Não;40;0;0;0;40;0;0;0;1
MAT009;Licenciaturas;História;Semipresencial;MAT009_D007;Disciplina 7 - História;Não;80;0;0;0;70;10;0;0;1
MAT009;Licenciaturas;História;Semipresencial;MAT009_D008;Disciplina 8 - História;Não;80;0;0;0;70;10;0;0;1
MAT009;Licenciaturas;História;Semipresencial;MAT009_D009;Disciplina 9 - História;Não;60;0;0;0;50;10;0;0;1
MAT009;Licenciaturas;História;Semipresencial;MAT009_D010;Disciplina 10 - História;Não;120;0;0;0;100;20;0;0;1
MAT009;Licenciaturas;História;Semipresencial;MAT009_D011;Disciplina 11 - História [PROJETO DE EXTENSÃO];Não;80;0;0;0;40;0;0;40;1
MAT009;Licenciaturas;História;Semipresencial;MAT009_D012;Disciplina 12 - História;Sim;120;0;0;0;100;20;0;0;1
MAT009;Licenciaturas;História;Semipresencial;MAT009_D013;Disciplina 13 - História [PROJETO DE EXTENSÃO];Não;120;0;0;0;50;10;0;60;1
MAT009;Licenciaturas;História;Semipresencial;MAT009_D014;Disciplina 14 - História;Não;120;0;0;0;100;20;0;0;1
MAT009;Licenciaturas;História;Semipresencial;MAT009_D015;Disciplina 15 - História;Não;60;0;0;0;50;10;0;0;1
MAT009;Licenciaturas;História;Semipresencial;MAT009_D016;Disciplina 16 - História [PROJETO DE EXTENSÃO];Não;120;0;0;0;50;10;0;60;1
MAT009;Licenciaturas;História;Semipresencial;MAT009_D017;Disciplina 17 - História;Não;60;0;0;0;50;10;0;0;1
MAT009;Licenciaturas;História;Semipresencial;MAT009_D018;Disciplina 18 - História;Sim;40;0;0;0;30;10;0;0;1
MAT009;Licenciaturas;História;Semipresencial;MAT009_D019;Disciplina 19 - História;Sim;80;0;0;0;70;10;0;0;1
MAT009;Licenciaturas;História;Semipresencial;MAT009_D020;Disciplina 20 - História;Não;80;50;30;0;0;0;0;0;0
MAT009;Licenciaturas;História;Semipresencial;MAT009_D021;Disciplina 21 - História;Sim;40;20;20;0;0;0;0;0;0
MAT009;Licenciaturas;História;Semipresencial;MAT009_D022;Disciplina 22 - História;Sim;60;40;20;0;0;0;0;0;0
MAT009;Licenciaturas;História;Semipresencial;MAT009_D023;Disciplina 23 - História;Sim;80;40;40;0;0;0;0;0;0
MAT009;Licenciaturas;História;Semipresencial;MAT009_D024;Disciplina 24 - História;Não;60;30;30;0;0;0;0;0;0
MAT009;Licenciaturas;História;Semipresencial;MAT009_D025;Disciplina 25 - História;Não;60;40;20;0;0;0;0;0;0
MAT009;Licenciaturas;História;Semipresencial;MAT009_D026;Disciplina 26 - História;Não;60;30;30;0;0;0;0;0;0
MAT009;Licenciaturas;História;Semipresencial;MAT009_D027;Disciplina 27 - História;Não;40;20;20;0;0;0;0;0;0
MAT009;Licenciaturas;História;Semipresencial;MAT009_D028;Disciplina 28 - História;Não;40;20;20;0;0;0;0;0;0
MAT009;Licenciaturas;História;Semipresencial;MAT009_D029;Disciplina 29 - História;Sim;60;30;30;0;0;0;0;0;0
MAT009;Licenciaturas;História;Semipresencial;MAT009_D030;Disciplina 30 - História;Sim;120;60;60;0;0;0;0;0;0
MAT009;Licenciaturas;História;Semipresencial;MAT009_D031;Disciplina 31 - História;Sim;40;20;20;0;0;0;0;0;0
MAT009;Licenciaturas;História;Semipresencial;MAT009_D032;Disciplina 32 - História;Não;120;70;50;0;0;0;0;0;0
MAT009;Licenciaturas;História;Semipresencial;MAT009_D033;Disciplina 33 - História;Sim;120;70;50;0;0;0;0;0;0
MAT009;Licenciaturas;História;Semipresencial;MAT009_D034;Disciplina 34 - História;Sim;60;30;30;0;0;0;0;0;0
MAT009;Licenciaturas;História;Semipresencial;MAT009_D035;Disciplina 35 - História;Sim;120;70;50;0;0;0;0;0;0
MAT009;Licenciaturas;História;Semipresencial;MAT009_D036;Disciplina 36 - História;Sim;120;60;60;0;0;0;0;0;0
MAT009;Licenciaturas;História;Semipresencial;MAT009_D037;Disciplina 37 - História;Sim;120;70;50;0;0;0;0;0;0
MAT009;Licenciaturas;História;Semipresencial;MAT009_D038;Disciplina 38 - História;Sim;60;30;30;0;0;0;0;0;0
MAT009;Licenciaturas;História;Semipresencial;MAT009_D039;Disciplina 39 - História;Não;60;30;30;0;0;0;0;0;0
MAT009;Licenciaturas;História;Semipresencial;MAT009_D040;Disciplina 40 - História;Não;40;20;20;0;0;0;0;0;0
MAT009;Licenciaturas;História;Semipresencial;MAT009_D041;Disciplina 41 - História;Não;40;20;20;0;0;0;0;0;0
MAT009;Licenciaturas;História;Semipresencial;MAT009_D042;Disciplina 42 - História;Não;120;70;50;0;0;0;0;0;0
MAT009;Licenciaturas;História;Semipresencial;MAT009_D043;Disciplina 43 - História;Sim;60;30;30;0;0;0;0;0;0
MAT009;Licenciaturas;História;Semipresencial;MAT009_D044;Estágio Supervisionado - História;Não;60;0;0;0;0;0;60;0;0
MAT009;Licenciaturas;História;Semipresencial;MAT009_D045;Estágio Supervisionado - História;Não;80;0;0;0;0;0;80;0;0
MAT010;Saúde;Odontologia;Presencial;MAT010_D001;Disciplina 1 - Odontologia [PROJETO DE EXTENSÃO];Sim;120;0;0;0;60;0;0;60;1
MAT010;Saúde;Odontologia;Presencial;MAT010_D002;Disciplina 2 - Odontologia;Não;80;0;0;0;80;0;0;0;1
MAT010;Saúde;Odontologia;Presencial;MAT010_D003;Disciplina 3 - Odontologia;Não;120;0;0;0;120;0;0;0;1
MAT010;Saúde;Odontologia;Presencial;MAT010_D004;Disciplina 4 - Odontologia;Sim;120;0;0;0;120;0;0;0;1
MAT010;Saúde;Odontologia;Presencial;MAT010_D005;Disciplina 5 - Odontologia;Não;120;0;0;0;120;0;0;0;1
MAT010;Saúde;Odontologia;Presencial;MAT010_D006;Disciplina 6 - Odontologia;Sim;60;0;0;0;60;0;0;0;1
MAT010;Saúde;Odontologia;Presencial;MAT010_D007;Disciplina 7 - Odontologia;Não;120;0;0;0;120;0;0;0;1
MAT010;Saúde;Odontologia;Presencial;MAT010_D008;Disciplina 8 - Odontologia;Não;120;0;0;0;120;0;0;0;1
MAT010;Saúde;Odontologia;Presencial;MAT010_D009;Disciplina 9 - Odontologia;Não;80;20;20;40;0;0;0;0;0
MAT010;Saúde;Odontologia;Presencial;MAT010_D010;Disciplina 10 - Odontologia [PROJETO DE EXTENSÃO];Não;60;0;20;0;0;0;0;40;0
MAT010;Saúde;Odontologia;Presencial;MAT010_D011;Disciplina 11 - Odontologia;Sim;80;10;40;30;0;0;0;0;0
MAT010;Saúde;Odontologia;Presencial;MAT010_D012;Disciplina 12 - Odontologia [PROJETO DE EXTENSÃO];Sim;120;10;30;20;0;0;0;60;0
MAT010;Saúde;Odontologia;Presencial;MAT010_D013;Disciplina 13 - Odontologia;Sim;60;10;20;30;0;0;0;0;0
MAT010;Saúde;Odontologia;Presencial;MAT010_D014;Disciplina 14 - Odontologia;Não;80;10;40;30;0;0;0;0;0
MAT010;Saúde;Odontologia;Presencial;MAT010_D015;Disciplina 15 - Odontologia [PROJETO DE EXTENSÃO];Não;120;10;20;30;0;0;0;60;0
MAT010;Saúde;Odontologia;Presencial;MAT010_D016;Disciplina 16 - Odontologia;Não;40;10;20;10;0;0;0;0;0
MAT010;Saúde;Odontologia;Presencial;MAT010_D017;Disciplina 17 - Odontologia;Não;80;10;40;30;0;0;0;0;0
MAT010;Saúde;Odontologia;Presencial;MAT010_D018;Disciplina 18 - Odontologia;Sim;60;10;30;20;0;0;0;0;0
MAT010;Saúde;Odontologia;Presencial;MAT010_D019;Disciplina 19 - Odontologia;Não;80;10;30;40;0;0;0;0;0
MAT010;Saúde;Odontologia;Presencial;MAT010_D020;Disciplina 20 - Odontologia;Não;80;20;20;40;0;0;0;0;0
MAT010;Saúde;Odontologia;Presencial;MAT010_D021;Disciplina 21 - Odontologia;Não;80;20;30;30;0;0;0;0;0
MAT010;Saúde;Odontologia;Presencial;MAT010_D022;Disciplina 22 - Odontologia;Não;40;10;10;20;0;0;0;0;0
MAT010;Saúde;Odontologia;Presencial;MAT010_D023;Disciplina 23 - Odontologia;Não;60;10;30;20;0;0;0;0;0
MAT010;Saúde;Odontologia;Presencial;MAT010_D024;Disciplina 24 - Odontologia [PROJETO DE EXTENSÃO];Não;60;0;20;0;0;0;0;40;0
MAT010;Saúde;Odontologia;Presencial;MAT010_D025;Disciplina 25 - Odontologia;Não;60;10;30;20;0;0;0;0;0
MAT010;Saúde;Odontologia;Presencial;MAT010_D026;Disciplina 26 - Odontologia;Sim;120;30;40;50;0;0;0;0;0
MAT010;Saúde;Odontologia;Presencial;MAT010_D027;Disciplina 27 - Odontologia;Não;60;10;20;30;0;0;0;0;0
MAT010;Saúde;Odontologia;Presencial;MAT010_D028;Disciplina 28 - Odontologia;Não;60;10;20;30;0;0;0;0;0
MAT010;Saúde;Odontologia;Presencial;MAT010_D029;Disciplina 29 - Odontologia;Não;40;10;20;10;0;0;0;0;0
MAT010;Saúde;Odontologia;Presencial;MAT010_D030;Disciplina 30 - Odontologia;Não;120;20;60;40;0;0;0;0;0
MAT010;Saúde;Odontologia;Presencial;MAT010_D031;Disciplina 31 - Odontologia;Não;120;20;40;60;0;0;0;0;0
MAT010;Saúde;Odontologia;Presencial;MAT010_D032;Disciplina 32 - Odontologia [PROJETO DE EXTENSÃO];Não;80;0;10;10;0;0;0;60;0
MAT010;Saúde;Odontologia;Presencial;MAT010_D033;Disciplina 33 - Odontologia;Não;120;20;40;60;0;0;0;0;0
MAT010;Saúde;Odontologia;Presencial;MAT010_D034;Disciplina 34 - Odontologia;Não;120;20;50;50;0;0;0;0;0
MAT010;Saúde;Odontologia;Presencial;MAT010_D035;Disciplina 35 - Odontologia;Não;40;10;20;10;0;0;0;0;0
MAT010;Saúde;Odontologia;Presencial;MAT010_D036;Disciplina 36 - Odontologia;Não;60;10;30;20;0;0;0;0;0
MAT010;Saúde;Odontologia;Presencial;MAT010_D037;Disciplina 37 - Odontologia;Sim;120;30;50;40;0;0;0;0;0
MAT010;Saúde;Odontologia;Presencial;MAT010_D038;Disciplina 38 - Odontologia;Sim;120;20;50;50;0;0;0;0;0
MAT010;Saúde;Odontologia;Presencial;MAT010_D039;Disciplina 39 - Odontologia;Não;40;0;20;20;0;0;0;0;0
MAT010;Saúde;Odontologia;Presencial;MAT010_D040;Disciplina 40 - Odontologia;Não;120;20;40;60;0;0;0;0;0
MAT010;Saúde;Odontologia;Presencial;MAT010_D041;Disciplina 41 - Odontologia;Não;120;30;20;70;0;0;0;0;0
MAT010;Saúde;Odontologia;Presencial;MAT010_D042;Disciplina 42 - Odontologia;Não;40;0;30;10;0;0;0;0;0
MAT010;Saúde;Odontologia;Presencial;MAT010_D043;Disciplina 43 - Odontologia;Não;80;10;40;30;0;0;0;0;0
MAT010;Saúde;Odontologia;Presencial;MAT010_D044;Disciplina 44 - Odontologia;Sim;80;10;30;40;0;0;0;0;0
MAT010;Saúde;Odontologia;Presencial;MAT010_D045;Disciplina 45 - Odontologia [PROJETO DE EXTENSÃO];Não;120;10;40;30;0;0;0;40;0
MAT010;Saúde;Odontologia;Presencial;MAT010_D046;Disciplina 46 - Odontologia;Não;120;30;40;50;0;0;0;0;0
MAT010;Saúde;Odontologia;Presencial;MAT010_D047;Disciplina 47 - Odontologia;Sim;60;10;30;20;0;0;0;0;0
MAT010;Saúde;Odontologia;Presencial;MAT010_D048;Disciplina 48 - Odontologia;Não;120;30;40;50;0;0;0;0;0
MAT010;Saúde;Odontologia;Presencial;MAT010_D049;Disciplina 49 - Odontologia;Não;60;10;20;30;0;0;0;0;0
MAT010;Saúde;Odontologia;Presencial;MAT010_D050;Disciplina 50 - Odontologia;Sim;80;20;30;30;0;0;0;0;0
MAT010;Saúde;Odontologia;Presencial;MAT010_D051;Disciplina 51 - Odontologia;Sim;120;20;40;60;0;0;0;0;0
MAT010;Saúde;Odontologia;Presencial;MAT010_D052;Disciplina 52 - Odontologia [PROJETO DE EXTENSÃO];Sim;120;10;40;30;0;0;0;40;0
MAT010;Saúde;Odontologia;Presencial;MAT010_D053;Disciplina 53 - Odontologia;Não;40;10;10;20;0;0;0;0;0
MAT010;Saúde;Odontologia;Presencial;MAT010_D054;Disciplina 54 - Odontologia;Não;120;20;40;60;0;0;0;0;0
MAT010;Saúde;Odontologia;Presencial;MAT010_D055;Disciplina 55 - Odontologia;Não;80;20;20;40;0;0;0;0;0
MAT010;Saúde;Odontologia;Presencial;MAT010_D056;Disciplina 56 - Odontologia;Não;120;30;40;50;0;0;0;0;0
MAT010;Saúde;Odontologia;Presencial;MAT010_D057;Estágio Supervisionado - Odontologia;Não;60;0;0;0;0;0;60;0;0
MAT010;Saúde;Odontologia;Presencial;MAT010_D058;Estágio Supervisionado - Odontologia;Não;20;0;0;0;0;0;20;0;0
MAT011;Engenharias;Engenharia de Software;Semipresencial;MAT011_D001;Disciplina 1 - Engenharia de Software;Não;40;0;0;0;40;0;0;0;1
MAT011;Engenharias;Engenharia de Software;Semipresencial;MAT011_D002;Disciplina 2 - Engenharia de Software;Não;40;0;0;0;40;0;0;0;1
MAT011;Engenharias;Engenharia de Software;Semipresencial;MAT011_D003;Disciplina 3 - Engenharia de Software [PROJETO DE EXTENSÃO];Sim;120;0;0;0;60;20;0;40;1
MAT011;Engenharias;Engenharia de Software;Semipresencial;MAT011_D004;Disciplina 4 - Engenharia de Software [PROJETO DE EXTENSÃO];Sim;60;0;0;0;20;0;0;40;1
MAT011;Engenharias;Engenharia de Software;Semipresencial;MAT011_D005;Disciplina 5 - Engenharia de Software;Sim;120;0;0;0;90;30;0;0;1
MAT011;Engenharias;Engenharia de Software;Semipresencial;MAT011_D006;Disciplina 6 - Engenharia de Software;Sim;60;0;0;0;50;10;0;0;1
MAT011;Engenharias;Engenharia de Software;Semipresencial;MAT011_D007;Disciplina 7 - Engenharia de Software;Não;40;0;0;0;30;10;0;0;1
MAT011;Engenharias;Engenharia de Software;Semipresencial;MAT011_D008;Disciplina 8 - Engenharia de Software;Não;80;0;0;0;70;10;0;0;1
MAT011;Engenharias;Engenharia de Software;Semipresencial;MAT011_D009;Disciplina 9 - Engenharia de Software;Não;120;0;0;0;100;20;0;0;1
MAT011;Engenharias;Engenharia de Software;Semipresencial;MAT011_D010;Disciplina 10 - Engenharia de Software;Não;80;0;0;0;70;10;0;0;1
MAT011;Engenharias;Engenharia de Software;Semipresencial;MAT011_D011;Disciplina 11 - Engenharia de Software [PROJETO DE EXTENSÃO];Sim;60;0;0;0;20;0;0;40;1
MAT011;Engenharias;Engenharia de Software;Semipresencial;MAT011_D012;Disciplina 12 - Engenharia de Software;Sim;120;0;0;0;100;20;0;0;1
MAT011;Engenharias;Engenharia de Software;Semipresencial;MAT011_D013;Disciplina 13 - Engenharia de Software;Sim;80;0;0;0;70;10;0;0;1
MAT011;Engenharias;Engenharia de Software;Semipresencial;MAT011_D014;Disciplina 14 - Engenharia de Software;Sim;80;0;0;0;60;20;0;0;1
MAT011;Engenharias;Engenharia de Software;Semipresencial;MAT011_D015;Disciplina 15 - Engenharia de Software;Sim;120;0;0;0;100;20;0;0;1
MAT011;Engenharias;Engenharia de Software;Semipresencial;MAT011_D016;Disciplina 16 - Engenharia de Software;Não;80;0;0;0;60;20;0;0;1
MAT011;Engenharias;Engenharia de Software;Semipresencial;MAT011_D017;Disciplina 17 - Engenharia de Software;Sim;120;0;0;0;90;30;0;0;1
MAT011;Engenharias;Engenharia de Software;Semipresencial;MAT011_D018;Disciplina 18 - Engenharia de Software;Sim;80;0;0;0;70;10;0;0;1
MAT011;Engenharias;Engenharia de Software;Semipresencial;MAT011_D019;Disciplina 19 - Engenharia de Software;Não;40;0;0;0;40;0;0;0;1
MAT011;Engenharias;Engenharia de Software;Semipresencial;MAT011_D020;Disciplina 20 - Engenharia de Software;Sim;120;0;0;0;90;30;0;0;1
MAT011;Engenharias;Engenharia de Software;Semipresencial;MAT011_D021;Disciplina 21 - Engenharia de Software;Não;40;0;0;0;30;10;0;0;1
MAT011;Engenharias;Engenharia de Software;Semipresencial;MAT011_D022;Disciplina 22 - Engenharia de Software;Não;40;0;0;0;40;0;0;0;1
MAT011;Engenharias;Engenharia de Software;Semipresencial;MAT011_D023;Disciplina 23 - Engenharia de Software;Sim;80;0;0;0;70;10;0;0;1
MAT011;Engenharias;Engenharia de Software;Semipresencial;MAT011_D024;Disciplina 24 - Engenharia de Software;Não;60;0;0;0;50;10;0;0;1
MAT011;Engenharias;Engenharia de Software;Semipresencial;MAT011_D025;Disciplina 25 - Engenharia de Software;Não;40;0;0;0;40;0;0;0;1
MAT011;Engenharias;Engenharia de Software;Semipresencial;MAT011_D026;Disciplina 26 - Engenharia de Software;Sim;40;0;0;0;30;10;0;0;1
MAT011;Engenharias;Engenharia de Software;Semipresencial;MAT011_D027;Disciplina 27 - Engenharia de Software;Não;40;0;0;0;40;0;0;0;1
MAT011;Engenharias;Engenharia de Software;Semipresencial;MAT011_D028;Disciplina 28 - Engenharia de Software;Não;60;0;0;0;50;10;0;0;1
MAT011;Engenharias;Engenharia de Software;Semipresencial;MAT011_D029;Disciplina 29 - Engenharia de Software;Não;60;20;20;20;0;0;0;0;0
MAT011;Engenharias;Engenharia de Software;Semipresencial;MAT011_D030;Disciplina 30 - Engenharia de Software;Não;40;10;30;0;0;0;0;0;0
MAT011;Engenharias;Engenharia de Software;Semipresencial;MAT011_D031;Disciplina 31 - Engenharia de Software;Não;60;20;30;10;0;0;0;0;0
MAT011;Engenharias;Engenharia de Software;Semipresencial;MAT011_D032;Disciplina 32 - Engenharia de Software;Sim;60;20;30;10;0;0;0;0;0
MAT011;Engenharias;Engenharia de Software;Semipresencial;MAT011_D033;Disciplina 33 - Engenharia de Software;Não;60;20;30;10;0;0;0;0;0
MAT011;Engenharias;Engenharia de Software;Semipresencial;MAT011_D034;Disciplina 34 - Engenharia de Software;Sim;120;50;30;40;0;0;0;0;0
MAT011;Engenharias;Engenharia de Software;Semipresencial;MAT011_D035;Disciplina 35 - Engenharia de Software;Sim;40;10;20;10;0;0;0;0;0
MAT011;Engenharias;Engenharia de Software;Semipresencial;MAT011_D036;Disciplina 36 - Engenharia de Software;Sim;60;20;30;10;0;0;0;0;0
MAT011;Engenharias;Engenharia de Software;Semipresencial;MAT011_D037;Disciplina 37 - Engenharia de Software;Não;120;50;30;40;0;0;0;0;0
MAT011;Engenharias;Engenharia de Software;Semipresencial;MAT011_D038;Disciplina 38 - Engenharia de Software;Sim;80;20;40;20;0;0;0;0;0
MAT011;Engenharias;Engenharia de Software;Semipresencial;MAT011_D039;Disciplina 39 - Engenharia de Software;Sim;80;30;30;20;0;0;0;0;0
MAT011;Engenharias;Engenharia de Software;Semipresencial;MAT011_D040;Disciplina 40 - Engenharia de Software;Não;60;10;40;10;0;0;0;0;0
MAT011;Engenharias;Engenharia de Software;Semipresencial;MAT011_D041;Disciplina 41 - Engenharia de Software;Sim;40;10;20;10;0;0;0;0;0
MAT011;Engenharias;Engenharia de Software;Semipresencial;MAT011_D042;Disciplina 42 - Engenharia de Software [PROJETO DE EXTENSÃO];Sim;60;0;20;0;0;0;0;40;0
MAT011;Engenharias;Engenharia de Software;Semipresencial;MAT011_D043;Disciplina 43 - Engenharia de Software;Sim;80;30;20;30;0;0;0;0;0
MAT011;Engenharias;Engenharia de Software;Semipresencial;MAT011_D044;Disciplina 44 - Engenharia de Software;Sim;40;10;20;10;0;0;0;0;0
MAT011;Engenharias;Engenharia de Software;Semipresencial;MAT011_D045;Estágio Supervisionado - Engenharia de Software;Não;40;0;0;0;0;0;40;0;0
MAT011;Engenharias;Engenharia de Software;Semipresencial;MAT011_D046;Estágio Supervisionado - Engenharia de Software;Não;40;0;0;0;0;0;40;0;0
MAT012;Tecnologia;Redes;Presencial;MAT012_D001;Disciplina 1 - Redes;Sim;60;0;0;0;60;0;0;0;1
MAT012;Tecnologia;Redes;Presencial;MAT012_D002;Disciplina 2 - Redes;Sim;40;0;0;0;40;0;0;0;1
MAT012;Tecnologia;Redes;Presencial;MAT012_D003;Disciplina 3 - Redes;Não;80;0;0;0;80;0;0;0;1
MAT012;Tecnologia;Redes;Presencial;MAT012_D004;Disciplina 4 - Redes;Sim;40;0;0;0;40;0;0;0;1
MAT012;Tecnologia;Redes;Presencial;MAT012_D005;Disciplina 5 - Redes;Não;40;0;0;0;40;0;0;0;1
MAT012;Tecnologia;Redes;Presencial;MAT012_D006;Disciplina 6 - Redes [PROJETO DE EXTENSÃO];Não;80;0;0;0;40;0;0;40;1
MAT012;Tecnologia;Redes;Presencial;MAT012_D007;Disciplina 7 - Redes;Não;120;0;0;0;120;0;0;0;1
MAT012;Tecnologia;Redes;Presencial;MAT012_D008;Disciplina 8 - Redes [PROJETO DE EXTENSÃO];Não;80;0;0;0;40;0;0;40;1
MAT012;Tecnologia;Redes;Presencial;MAT012_D009;Disciplina 9 - Redes;Sim;40;0;0;0;40;0;0;0;1
MAT012;Tecnologia;Redes;Presencial;MAT012_D010;Disciplina 10 - Redes;Não;80;0;0;0;80;0;0;0;1
MAT012;Tecnologia;Redes;Presencial;MAT012_D011;Disciplina 11 - Redes;Sim;40;0;0;0;40;0;0;0;1
MAT012;Tecnologia;Redes;Presencial;MAT012_D012;Disciplina 12 - Redes;Não;120;0;0;0;120;0;0;0;1
MAT012;Tecnologia;Redes;Presencial;MAT012_D013;Disciplina 13 - Redes;Não;120;40;50;30;0;0;0;0;0
MAT012;Tecnologia;Redes;Presencial;MAT012_D014;Disciplina 14 - Redes;Não;40;10;30;0;0;0;0;0;0
MAT012;Tecnologia;Redes;Presencial;MAT012_D015;Disciplina 15 - Redes;Não;120;50;30;40;0;0;0;0;0
MAT012;Tecnologia;Redes;Presencial;MAT012_D016;Disciplina 16 - Redes [PROJETO DE EXTENSÃO];Não;80;10;30;0;0;0;0;40;0
MAT012;Tecnologia;Redes;Presencial;MAT012_D017;Disciplina 17 - Redes;Não;120;50;50;20;0;0;0;0;0
MAT012;Tecnologia;Redes;Presencial;MAT012_D018;Disciplina 18 - Redes;Não;60;20;20;20;0;0;0;0;0
MAT012;Tecnologia;Redes;Presencial;MAT012_D019;Disciplina 19 - Redes;Não;120;50;40;30;0;0;0;0;0
MAT012;Tecnologia;Redes;Presencial;MAT012_D020;Disciplina 20 - Redes;Não;60;10;30;20;0;0;0;0;0
MAT012;Tecnologia;Redes;Presencial;MAT012_D021;Disciplina 21 - Redes;Não;80;30;40;10;0;0;0;0;0
MAT012;Tecnologia;Redes;Presencial;MAT012_D022;Disciplina 22 - Redes [PROJETO DE EXTENSÃO];Não;120;20;20;20;0;0;0;60;0
MAT012;Tecnologia;Redes;Presencial;MAT012_D023;Disciplina 23 - Redes;Sim;120;50;40;30;0;0;0;0;0
MAT012;Tecnologia;Redes;Presencial;MAT012_D024;Disciplina 24 - Redes;Não;120;50;30;40;0;0;0;0;0
MAT012;Tecnologia;Redes;Presencial;MAT012_D025;Disciplina 25 - Redes;Não;80;30;40;10;0;0;0;0;0
MAT012;Tecnologia;Redes;Presencial;MAT012_D026;Disciplina 26 - Redes;Sim;80;30;30;20;0;0;0;0;0
MAT012;Tecnologia;Redes;Presencial;MAT012_D027;Disciplina 27 - Redes;Não;60;10;30;20;0;0;0;0;0
MAT012;Tecnologia;Redes;Presencial;MAT012_D028;Disciplina 28 - Redes;Sim;40;10;20;10;0;0;0;0;0
MAT012;Tecnologia;Redes;Presencial;MAT012_D029;Disciplina 29 - Redes;Não;80;30;30;20;0;0;0;0;0
MAT012;Tecnologia;Redes;Presencial;MAT012_D030;Disciplina 30 - Redes;Sim;120;50;40;30;0;0;0;0;0
MAT012;Tecnologia;Redes;Presencial;MAT012_D031;Disciplina 31 - Redes [PROJETO DE EXTENSÃO];Não;60;0;20;0;0;0;0;40;0
MAT012;Tecnologia;Redes;Presencial;MAT012_D032;Disciplina 32 - Redes;Não;120;40;60;20;0;0;0;0;0
MAT012;Tecnologia;Redes;Presencial;MAT012_D033;Disciplina 33 - Redes;Sim;120;40;40;40;0;0;0;0;0
MAT012;Tecnologia;Redes;Presencial;MAT012_D034;Disciplina 34 - Redes;Não;80;30;40;10;0;0;0;0;0
MAT012;Tecnologia;Redes;Presencial;MAT012_D035;Disciplina 35 - Redes;Não;40;10;30;0;0;0;0;0;0
MAT012;Tecnologia;Redes;Presencial;MAT012_D036;Disciplina 36 - Redes;Não;120;40;60;20;0;0;0;0;0
MAT012;Tecnologia;Redes;Presencial;MAT012_D037;Disciplina 37 - Redes;Sim;80;30;30;20;0;0;0;0;0
MAT012;Tecnologia;Redes;Presencial;MAT012_D038;Disciplina 38 - Redes;Não;60;20;30;10;0;0;0;0;0
MAT012;Tecnologia;Redes;Presencial;MAT012_D039;Disciplina 39 - Redes;Não;120;40;40;40;0;0;0;0;0
MAT012;Tecnologia;Redes;Presencial;MAT012_D040;Disciplina 40 - Redes;Não;60;20;30;10;0;0;0;0;0
MAT012;Tecnologia;Redes;Presencial;MAT012_D041;Disciplina 41 - Redes [PROJETO DE EXTENSÃO];Sim;80;0;20;0;0;0;0;60;0
MAT012;Tecnologia;Redes;Presencial;MAT012_D042;Disciplina 42 - Redes;Não;80;30;20;30;0;0;0;0;0
MAT012;Tecnologia;Redes;Presencial;MAT012_D043;Disciplina 43 - Redes;Não;80;20;50;10;0;0;0;0;0
MAT012;Tecnologia;Redes;Presencial;MAT012_D044;Disciplina 44 - Redes;Não;80;30;30;20;0;0;0;0;0
MAT012;Tecnologia;Redes;Presencial;MAT012_D045;Disciplina 45 - Redes;Sim;80;30;30;20;0;0;0;0;0
MAT012;Tecnologia;Redes;Presencial;MAT012_D046;Disciplina 46 - Redes;Não;40;10;20;10;0;0;0;0;0
MAT012;Tecnologia;Redes;Presencial;MAT012_D047;Disciplina 47 - Redes;Sim;60;20;20;20;0;0;0;0;0
MAT012;Tecnologia;Redes;Presencial;MAT012_D048;Disciplina 48 - Redes;Não;40;10;20;10;0;0;0;0;0
MAT012;Tecnologia;Redes;Presencial;MAT012_D049;Disciplina 49 - Redes;Sim;60;20;30;10;0;0;0;0;0
MAT012;Tecnologia;Redes;Presencial;MAT012_D050;Disciplina 50 - Redes;Não;100;40;30;30;0;0;0;0;0
MAT013;Negócios;Logística;Semipresencial;MAT013_D001;Disciplina 1 - Logística [PROJETO DE EXTENSÃO];Sim;120;0;0;0;50;10;0;60;1
MAT013;Negócios;Logística;Semipresencial;MAT013_D002;Disciplina 2 - Logística;Sim;120;0;0;0;90;30;0;0;1
MAT013;Negócios;Logística;Semipresencial;MAT013_D003;Disciplina 3 - Logística;Não;40;0;0;0;40;0;0;0;1
MAT013;Negócios;Logística;Semipresencial;MAT013_D004;Disciplina 4 - Logística;Não;40;0;0;0;40;0;0;0;1
MAT013;Negócios;Logística;Semipresencial;MAT013_D005;Disciplina 5 - Logística;Não;80;0;0;0;60;20;0;0;1
MAT013;Negócios;Logística;Semipresencial;MAT013_D006;Disciplina 6 - Logística;Sim;60;0;0;0;50;10;0;0;1
MAT013;Negócios;Logística;Semipresencial;MAT013_D007;Disciplina 7 - Logística [PROJETO DE EXTENSÃO];Sim;120;0;0;0;60;20;0;40;1
MAT013;Negócios;Logística;Semipresencial;MAT013_D008;Disciplina 8 - Logística;Não;60;0;0;0;50;10;0;0;1
MAT013;Negócios;Logística;Semipresencial;MAT013_D009;Disciplina 9 - Logística;Não;80;0;0;0;70;10;0;0;1
MAT013;Negócios;Logística;Semipresencial;MAT013_D010;Disciplina 10 - Logística;Não;80;0;0;0;70;10;0;0;1
MAT013;Negócios;Logística;Semipresencial;MAT013_D011;Disciplina 11 - Logística;Não;120;0;0;0;90;30;0;0;1
MAT013;Negócios;Logística;Semipresencial;MAT013_D012;Disciplina 12 - Logística [PROJETO DE EXTENSÃO];Sim;80;0;0;0;20;0;0;60;1
MAT013;Negócios;Logística;Semipresencial;MAT013_D013;Disciplina 13 - Logística;Sim;120;0;0;0;100;20;0;0;1
MAT013;Negócios;Logística;Semipresencial;MAT013_D014;Disciplina 14 - Logística;Não;80;0;0;0;70;10;0;0;1
MAT013;Negócios;Logística;Semipresencial;MAT013_D015;Disciplina 15 - Logística;Sim;80;0;0;0;70;10;0;0;1
MAT013;Negócios;Logística;Semipresencial;MAT013_D016;Disciplina 16 - Logística;Sim;120;0;0;0;100;20;0;0;1
MAT013;Negócios;Logística;Semipresencial;MAT013_D017;Disciplina 17 - Logística [PROJETO DE EXTENSÃO];Sim;80;0;0;0;20;0;0;60;1
MAT013;Negócios;Logística;Semipresencial;MAT013_D018;Disciplina 18 - Logística;Sim;80;0;0;0;60;20;0;0;1
MAT013;Negócios;Logística;Semipresencial;MAT013_D019;Disciplina 19 - Logística;Não;80;0;0;0;70;10;0;0;1
MAT013;Negócios;Logística;Semipresencial;MAT013_D020;Disciplina 20 - Logística;Sim;60;0;0;0;50;10;0;0;1
MAT013;Negócios;Logística;Semipresencial;MAT013_D021;Disciplina 21 - Logística;Não;40;0;0;0;40;0;0;0;1
MAT013;Negócios;Logística;Semipresencial;MAT013_D022;Disciplina 22 - Logística;Sim;60;0;0;0;50;10;0;0;1
MAT013;Negócios;Logística;Semipresencial;MAT013_D023;Disciplina 23 - Logística;Não;80;0;0;0;60;20;0;0;1
MAT013;Negócios;Logística;Semipresencial;MAT013_D024;Disciplina 24 - Logística;Sim;40;0;0;0;40;0;0;0;1
MAT013;Negócios;Logística;Semipresencial;MAT013_D025;Disciplina 25 - Logística;Não;60;0;0;0;50;10;0;0;1
MAT013;Negócios;Logística;Semipresencial;MAT013_D026;Disciplina 26 - Logística;Não;60;0;0;0;50;10;0;0;1
MAT013;Negócios;Logística;Semipresencial;MAT013_D027;Disciplina 27 - Logística;Não;60;0;0;0;50;10;0;0;1
MAT013;Negócios;Logística;Semipresencial;MAT013_D028;Disciplina 28 - Logística;Não;120;0;0;0;90;30;0;0;1
MAT013;Negócios;Logística;Semipresencial;MAT013_D029;Disciplina 29 - Logística;Sim;80;0;0;0;70;10;0;0;1
MAT013;Negócios;Logística;Semipresencial;MAT013_D030;Disciplina 30 - Logística [PROJETO DE EXTENSÃO];Sim;80;0;0;0;30;10;0;40;1
MAT013;Negócios;Logística;Semipresencial;MAT013_D031;Disciplina 31 - Logística;Não;40;20;20;0;0;0;0;0;0
MAT013;Negócios;Logística;Semipresencial;MAT013_D032;Disciplina 32 - Logística;Não;60;40;20;0;0;0;0;0;0
MAT013;Negócios;Logística;Semipresencial;MAT013_D033;Disciplina 33 - Logística;Não;80;40;40;0;0;0;0;0;0
MAT013;Negócios;Logística;Semipresencial;MAT013_D034;Disciplina 34 - Logística;Não;60;30;30;0;0;0;0;0;0
MAT013;Negócios;Logística;Semipresencial;MAT013_D035;Disciplina 35 - Logística;Sim;80;40;40;0;0;0;0;0;0
MAT013;Negócios;Logística;Semipresencial;MAT013_D036;Disciplina 36 - Logística;Não;60;40;20;0;0;0;0;0;0
MAT013;Negócios;Logística;Semipresencial;MAT013_D037;Disciplina 37 - Logística;Não;80;50;30;0;0;0;0;0;0
MAT013;Negócios;Logística;Semipresencial;MAT013_D038;Disciplina 38 - Logística;Sim;40;20;20;0;0;0;0;0;0
MAT013;Negócios;Logística;Semipresencial;MAT013_D039;Disciplina 39 - Logística;Sim;60;30;30;0;0;0;0;0;0
MAT013;Negócios;Logística;Semipresencial;MAT013_D040;Disciplina 40 - Logística;Sim;80;60;20;0;0;0;0;0;0
MAT013;Negócios;Logística;Semipresencial;MAT013_D041;Disciplina 41 - Logística;Sim;40;30;10;0;0;0;0;0;0
MAT013;Negócios;Logística;Semipresencial;MAT013_D042;Disciplina 42 - Logística;Sim;40;20;20;0;0;0;0;0;0
MAT013;Negócios;Logística;Semipresencial;MAT013_D043;Disciplina 43 - Logística;Sim;80;50;30;0;0;0;0;0;0
MAT013;Negócios;Logística;Semipresencial;MAT013_D044;Disciplina 44 - Logística;Sim;60;40;20;0;0;0;0;0;0
MAT013;Negócios;Logística;Semipresencial;MAT013_D045;Disciplina 45 - Logística;Não;120;70;50;0;0;0;0;0;0
MAT013;Negócios;Logística;Semipresencial;MAT013_D046;Disciplina 46 - Logística;Não;40;30;10;0;0;0;0;0;0
MAT013;Negócios;Logística;Semipresencial;MAT013_D047;Disciplina 47 - Logística;Não;40;20;20;0;0;0;0;0;0
MAT013;Negócios;Logística;Semipresencial;MAT013_D048;Disciplina 48 - Logística;Sim;80;60;20;0;0;0;0;0;0
MAT013;Negócios;Logística;Semipresencial;MAT013_D049;Disciplina 49 - Logística;Não;120;70;50;0;0;0;0;0;0
MAT013;Negócios;Logística;Semipresencial;MAT013_D050;Disciplina 50 - Logística;Sim;120;90;30;0;0;0;0;0;0
MAT013;Negócios;Logística;Semipresencial;MAT013_D051;Disciplina 51 - Logística;Sim;120;80;40;0;0;0;0;0;0
MAT013;Negócios;Logística;Semipresencial;MAT013_D052;Disciplina 52 - Logística;Sim;80;40;40;0;0;0;0;0;0
MAT013;Negócios;Logística;Semipresencial;MAT013_D053;Disciplina 53 - Logística;Sim;40;20;20;0;0;0;0;0;0
MAT014;Saúde;Biomedicina;100% EAD;MAT014_D001;Disciplina 1 - Biomedicina;Não;40;0;0;0;30;10;0;0;1
MAT014;Saúde;Biomedicina;100% EAD;MAT014_D002;Disciplina 2 - Biomedicina;Sim;40;0;0;0;40;0;0;0;1
MAT014;Saúde;Biomedicina;100% EAD;MAT014_D003;Disciplina 3 - Biomedicina;Sim;120;0;0;0;90;30;0;0;1
MAT014;Saúde;Biomedicina;100% EAD;MAT014_D004;Disciplina 4 - Biomedicina;Não;120;0;0;0;100;20;0;0;1
MAT014;Saúde;Biomedicina;100% EAD;MAT014_D005;Disciplina 5 - Biomedicina;Sim;40;0;0;0;30;10;0;0;1
MAT014;Saúde;Biomedicina;100% EAD;MAT014_D006;Disciplina 6 - Biomedicina;Não;40;0;0;0;30;10;0;0;1
MAT014;Saúde;Biomedicina;100% EAD;MAT014_D007;Disciplina 7 - Biomedicina;Sim;60;0;0;0;50;10;0;0;1
MAT014;Saúde;Biomedicina;100% EAD;MAT014_D008;Disciplina 8 - Biomedicina [PROJETO DE EXTENSÃO];Sim;60;0;0;0;20;0;0;40;1
MAT014;Saúde;Biomedicina;100% EAD;MAT014_D009;Disciplina 9 - Biomedicina;Sim;80;0;0;0;70;10;0;0;1
MAT014;Saúde;Biomedicina;100% EAD;MAT014_D010;Disciplina 10 - Biomedicina;Sim;40;0;0;0;30;10;0;0;1
MAT014;Saúde;Biomedicina;100% EAD;MAT014_D011;Disciplina 11 - Biomedicina;Sim;60;0;0;0;50;10;0;0;1
MAT014;Saúde;Biomedicina;100% EAD;MAT014_D012;Disciplina 12 - Biomedicina;Não;40;0;0;0;40;0;0;0;1
MAT014;Saúde;Biomedicina;100% EAD;MAT014_D013;Disciplina 13 - Biomedicina;Não;120;0;0;0;90;30;0;0;1
MAT014;Saúde;Biomedicina;100% EAD;MAT014_D014;Disciplina 14 - Biomedicina;Não;60;0;0;0;50;10;0;0;1
MAT014;Saúde;Biomedicina;100% EAD;MAT014_D015;Disciplina 15 - Biomedicina;Sim;120;0;0;0;100;20;0;0;1
MAT014;Saúde;Biomedicina;100% EAD;MAT014_D016;Disciplina 16 - Biomedicina;Sim;120;0;0;0;100;20;0;0;1
MAT014;Saúde;Biomedicina;100% EAD;MAT014_D017;Disciplina 17 - Biomedicina;Não;120;0;0;0;100;20;0;0;1
MAT014;Saúde;Biomedicina;100% EAD;MAT014_D018;Disciplina 18 - Biomedicina;Sim;80;0;0;0;70;10;0;0;1
MAT014;Saúde;Biomedicina;100% EAD;MAT014_D019;Disciplina 19 - Biomedicina;Não;120;0;0;0;100;20;0;0;1
MAT014;Saúde;Biomedicina;100% EAD;MAT014_D020;Disciplina 20 - Biomedicina [PROJETO DE EXTENSÃO];Sim;80;0;0;0;20;0;0;60;1
MAT014;Saúde;Biomedicina;100% EAD;MAT014_D021;Disciplina 21 - Biomedicina;Não;40;0;0;0;40;0;0;0;1
MAT014;Saúde;Biomedicina;100% EAD;MAT014_D022;Disciplina 22 - Biomedicina;Sim;40;0;0;0;40;0;0;0;1
MAT014;Saúde;Biomedicina;100% EAD;MAT014_D023;Disciplina 23 - Biomedicina;Sim;60;0;0;0;50;10;0;0;1
MAT014;Saúde;Biomedicina;100% EAD;MAT014_D024;Disciplina 24 - Biomedicina;Não;60;0;0;0;50;10;0;0;1
MAT014;Saúde;Biomedicina;100% EAD;MAT014_D025;Disciplina 25 - Biomedicina;Sim;80;0;0;0;70;10;0;0;1
MAT014;Saúde;Biomedicina;100% EAD;MAT014_D026;Disciplina 26 - Biomedicina;Não;40;0;0;0;40;0;0;0;1
MAT014;Saúde;Biomedicina;100% EAD;MAT014_D027;Disciplina 27 - Biomedicina;Não;60;0;0;0;50;10;0;0;1
MAT014;Saúde;Biomedicina;100% EAD;MAT014_D028;Disciplina 28 - Biomedicina;Sim;60;0;0;0;50;10;0;0;1
MAT014;Saúde;Biomedicina;100% EAD;MAT014_D029;Disciplina 29 - Biomedicina;Sim;60;0;0;0;50;10;0;0;1
MAT014;Saúde;Biomedicina;100% EAD;MAT014_D030;Disciplina 30 - Biomedicina;Não;40;0;0;0;30;10;0;0;1
MAT014;Saúde;Biomedicina;100% EAD;MAT014_D031;Disciplina 31 - Biomedicina;Sim;60;0;0;0;50;10;0;0;1
MAT014;Saúde;Biomedicina;100% EAD;MAT014_D032;Disciplina 32 - Biomedicina;Sim;40;0;0;0;40;0;0;0;1
MAT014;Saúde;Biomedicina;100% EAD;MAT014_D033;Disciplina 33 - Biomedicina;Sim;120;0;0;0;90;30;0;0;1
MAT014;Saúde;Biomedicina;100% EAD;MAT014_D034;Disciplina 34 - Biomedicina;Sim;120;0;0;0;100;20;0;0;1
MAT014;Saúde;Biomedicina;100% EAD;MAT014_D035;Disciplina 35 - Biomedicina;Não;120;0;0;0;100;20;0;0;1
MAT014;Saúde;Biomedicina;100% EAD;MAT014_D036;Disciplina 36 - Biomedicina [PROJETO DE EXTENSÃO];Sim;80;0;0;0;20;0;0;60;1
MAT014;Saúde;Biomedicina;100% EAD;MAT014_D037;Disciplina 37 - Biomedicina;Sim;40;0;0;0;40;0;0;0;1
MAT014;Saúde;Biomedicina;100% EAD;MAT014_D038;Disciplina 38 - Biomedicina [PROJETO DE EXTENSÃO];Não;60;0;0;0;20;0;0;40;1
MAT014;Saúde;Biomedicina;100% EAD;MAT014_D039;Disciplina 39 - Biomedicina;Sim;80;0;0;0;70;10;0;0;1
MAT014;Saúde;Biomedicina;100% EAD;MAT014_D040;Disciplina 40 - Biomedicina;Não;80;0;0;0;70;10;0;0;1
MAT014;Saúde;Biomedicina;100% EAD;MAT014_D041;Disciplina 41 - Biomedicina;Sim;120;0;0;0;90;30;0;0;1
MAT014;Saúde;Biomedicina;100% EAD;MAT014_D042;Disciplina 42 - Biomedicina;Sim;40;0;0;0;40;0;0;0;1
MAT014;Saúde;Biomedicina;100% EAD;MAT014_D043;Disciplina 43 - Biomedicina [PROJETO DE EXTENSÃO];Não;60;0;0;0;20;0;0;40;1
MAT014;Saúde;Biomedicina;100% EAD;MAT014_D044;Disciplina 44 - Biomedicina;Sim;80;0;0;0;70;10;0;0;1
MAT015;Tecnologia;Sistemas de Informação;Semipresencial;MAT015_D001;Disciplina 1 - Sistemas de Informação;Não;60;0;0;0;50;10;0;0;1
MAT015;Tecnologia;Sistemas de Informação;Semipresencial;MAT015_D002;Disciplina 2 - Sistemas de Informação;Sim;80;0;0;0;60;20;0;0;1
MAT015;Tecnologia;Sistemas de Informação;Semipresencial;MAT015_D003;Disciplina 3 - Sistemas de Informação [PROJETO DE EXTENSÃO];Sim;60;0;0;0;20;0;0;40;1
MAT015;Tecnologia;Sistemas de Informação;Semipresencial;MAT015_D004;Disciplina 4 - Sistemas de Informação;Não;40;0;0;0;40;0;0;0;1
MAT015;Tecnologia;Sistemas de Informação;Semipresencial;MAT015_D005;Disciplina 5 - Sistemas de Informação;Não;40;0;0;0;40;0;0;0;1
MAT015;Tecnologia;Sistemas de Informação;Semipresencial;MAT015_D006;Disciplina 6 - Sistemas de Informação;Sim;60;0;0;0;50;10;0;0;1
MAT015;Tecnologia;Sistemas de Informação;Semipresencial;MAT015_D007;Disciplina 7 - Sistemas de Informação;Não;80;0;0;0;70;10;0;0;1
MAT015;Tecnologia;Sistemas de Informação;Semipresencial;MAT015_D008;Disciplina 8 - Sistemas de Informação [PROJETO DE EXTENSÃO];Sim;80;0;0;0;40;0;0;40;1
MAT015;Tecnologia;Sistemas de Informação;Semipresencial;MAT015_D009;Disciplina 9 - Sistemas de Informação;Não;120;0;0;0;100;20;0;0;1
MAT015;Tecnologia;Sistemas de Informação;Semipresencial;MAT015_D010;Disciplina 10 - Sistemas de Informação;Não;40;0;0;0;30;10;0;0;1
MAT015;Tecnologia;Sistemas de Informação;Semipresencial;MAT015_D011;Disciplina 11 - Sistemas de Informação;Não;120;0;0;0;90;30;0;0;1
MAT015;Tecnologia;Sistemas de Informação;Semipresencial;MAT015_D012;Disciplina 12 - Sistemas de Informação;Não;80;0;0;0;70;10;0;0;1
MAT015;Tecnologia;Sistemas de Informação;Semipresencial;MAT015_D013;Disciplina 13 - Sistemas de Informação;Sim;120;0;0;0;100;20;0;0;1
MAT015;Tecnologia;Sistemas de Informação;Semipresencial;MAT015_D014;Disciplina 14 - Sistemas de Informação;Sim;80;0;0;0;70;10;0;0;1
MAT015;Tecnologia;Sistemas de Informação;Semipresencial;MAT015_D015;Disciplina 15 - Sistemas de Informação;Não;120;0;0;0;100;20;0;0;1
MAT015;Tecnologia;Sistemas de Informação;Semipresencial;MAT015_D016;Disciplina 16 - Sistemas de Informação;Sim;120;0;0;0;100;20;0;0;1
MAT015;Tecnologia;Sistemas de Informação;Semipresencial;MAT015_D017;Disciplina 17 - Sistemas de Informação;Não;40;0;0;0;30;10;0;0;1
MAT015;Tecnologia;Sistemas de Informação;Semipresencial;MAT015_D018;Disciplina 18 - Sistemas de Informação;Não;40;0;0;0;40;0;0;0;1
MAT015;Tecnologia;Sistemas de Informação;Semipresencial;MAT015_D019;Disciplina 19 - Sistemas de Informação;Sim;120;0;0;0;100;20;0;0;1
MAT015;Tecnologia;Sistemas de Informação;Semipresencial;MAT015_D020;Disciplina 20 - Sistemas de Informação [PROJETO DE EXTENSÃO];Não;80;0;0;0;40;0;0;40;1
MAT015;Tecnologia;Sistemas de Informação;Semipresencial;MAT015_D021;Disciplina 21 - Sistemas de Informação;Não;80;0;0;0;70;10;0;0;1
MAT015;Tecnologia;Sistemas de Informação;Semipresencial;MAT015_D022;Disciplina 22 - Sistemas de Informação;Sim;40;0;0;0;40;0;0;0;1
MAT015;Tecnologia;Sistemas de Informação;Semipresencial;MAT015_D023;Disciplina 23 - Sistemas de Informação;Não;40;0;0;0;40;0;0;0;1
MAT015;Tecnologia;Sistemas de Informação;Semipresencial;MAT015_D024;Disciplina 24 - Sistemas de Informação;Sim;60;0;0;0;50;10;0;0;1
MAT015;Tecnologia;Sistemas de Informação;Semipresencial;MAT015_D025;Disciplina 25 - Sistemas de Informação;Não;40;10;20;10;0;0;0;0;0
MAT015;Tecnologia;Sistemas de Informação;Semipresencial;MAT015_D026;Disciplina 26 - Sistemas de Informação;Sim;80;30;30;20;0;0;0;0;0
MAT015;Tecnologia;Sistemas de Informação;Semipresencial;MAT015_D027;Disciplina 27 - Sistemas de Informação;Sim;40;10;20;10;0;0;0;0;0
MAT015;Tecnologia;Sistemas de Informação;Semipresencial;MAT015_D028;Disciplina 28 - Sistemas de Informação;Sim;60;20;20;20;0;0;0;0;0
MAT015;Tecnologia;Sistemas de Informação;Semipresencial;MAT015_D029;Disciplina 29 - Sistemas de Informação;Não;120;40;50;30;0;0;0;0;0
MAT015;Tecnologia;Sistemas de Informação;Semipresencial;MAT015_D030;Disciplina 30 - Sistemas de Informação;Sim;120;40;40;40;0;0;0;0;0
MAT015;Tecnologia;Sistemas de Informação;Semipresencial;MAT015_D031;Disciplina 31 - Sistemas de Informação [PROJETO DE EXTENSÃO];Não;80;10;20;10;0;0;0;40;0
MAT015;Tecnologia;Sistemas de Informação;Semipresencial;MAT015_D032;Disciplina 32 - Sistemas de Informação;Não;60;20;30;10;0;0;0;0;0
MAT015;Tecnologia;Sistemas de Informação;Semipresencial;MAT015_D033;Disciplina 33 - Sistemas de Informação;Não;120;40;50;30;0;0;0;0;0
MAT015;Tecnologia;Sistemas de Informação;Semipresencial;MAT015_D034;Disciplina 34 - Sistemas de Informação [PROJETO DE EXTENSÃO];Sim;120;20;30;10;0;0;0;60;0
MAT015;Tecnologia;Sistemas de Informação;Semipresencial;MAT015_D035;Disciplina 35 - Sistemas de Informação;Não;40;10;20;10;0;0;0;0;0
MAT015;Tecnologia;Sistemas de Informação;Semipresencial;MAT015_D036;Disciplina 36 - Sistemas de Informação;Sim;120;40;40;40;0;0;0;0;0
MAT015;Tecnologia;Sistemas de Informação;Semipresencial;MAT015_D037;Disciplina 37 - Sistemas de Informação;Não;80;30;40;10;0;0;0;0;0
MAT015;Tecnologia;Sistemas de Informação;Semipresencial;MAT015_D038;Disciplina 38 - Sistemas de Informação;Sim;120;50;50;20;0;0;0;0;0
MAT015;Tecnologia;Sistemas de Informação;Semipresencial;MAT015_D039;Disciplina 39 - Sistemas de Informação;Sim;80;20;50;10;0;0;0;0;0
MAT015;Tecnologia;Sistemas de Informação;Semipresencial;MAT015_D040;Disciplina 40 - Sistemas de Informação;Não;80;20;40;20;0;0;0;0;0
MAT015;Tecnologia;Sistemas de Informação;Semipresencial;MAT015_D041;Disciplina 41 - Sistemas de Informação;Sim;40;10;20;10;0;0;0;0;0
MAT015;Tecnologia;Sistemas de Informação;Semipresencial;MAT015_D042;Disciplina 42 - Sistemas de Informação;Sim;60;20;30;10;0;0;0;0;0
MAT015;Tecnologia;Sistemas de Informação;Semipresencial;MAT015_D043;Disciplina 43 - Sistemas de Informação;Não;80;30;30;20;0;0;0;0;0
MAT015;Tecnologia;Sistemas de Informação;Semipresencial;MAT015_D044;Disciplina 44 - Sistemas de Informação;Sim;120;50;40;30;0;0;0;0;0
MAT015;Tecnologia;Sistemas de Informação;Semipresencial;MAT015_D045;Disciplina 45 - Sistemas de Informação;Não;120;40;60;20;0;0;0;0;0
MAT015;Tecnologia;Sistemas de Informação;Semipresencial;MAT015_D046;Estágio Supervisionado - Sistemas de Informação;Não;20;0;0;0;0;0;20;0;0
MAT016;Negócios;Logística;Presencial;MAT016_D001;Disciplina 1 - Logística;Não;80;0;0;0;80;0;0;0;1
MAT016;Negócios;Logística;Presencial;MAT016_D002;Disciplina 2 - Logística;Sim;40;0;0;0;40;0;0;0;1
MAT016;Negócios;Logística;Presencial;MAT016_D003;Disciplina 3 - Logística [PROJETO DE EXTENSÃO];Não;120;0;0;0;60;0;0;60;1
MAT016;Negócios;Logística;Presencial;MAT016_D004;Disciplina 4 - Logística;Não;40;0;0;0;40;0;0;0;1
MAT016;Negócios;Logística;Presencial;MAT016_D005;Disciplina 5 - Logística [PROJETO DE EXTENSÃO];Não;120;0;0;0;60;0;0;60;1
MAT016;Negócios;Logística;Presencial;MAT016_D006;Disciplina 6 - Logística;Não;120;0;0;0;120;0;0;0;1
MAT016;Negócios;Logística;Presencial;MAT016_D007;Disciplina 7 - Logística;Não;40;0;0;0;40;0;0;0;1
MAT016;Negócios;Logística;Presencial;MAT016_D008;Disciplina 8 - Logística;Não;60;0;0;0;60;0;0;0;1
MAT016;Negócios;Logística;Presencial;MAT016_D009;Disciplina 9 - Logística;Sim;80;50;30;0;0;0;0;0;0
MAT016;Negócios;Logística;Presencial;MAT016_D010;Disciplina 10 - Logística [PROJETO DE EXTENSÃO];Não;120;40;40;0;0;0;0;40;0
MAT016;Negócios;Logística;Presencial;MAT016_D011;Disciplina 11 - Logística;Não;120;80;40;0;0;0;0;0;0
MAT016;Negócios;Logística;Presencial;MAT016_D012;Disciplina 12 - Logística;Não;40;20;20;0;0;0;0;0;0
MAT016;Negócios;Logística;Presencial;MAT016_D013;Disciplina 13 - Logística;Não;60;30;30;0;0;0;0;0;0
MAT016;Negócios;Logística;Presencial;MAT016_D014;Disciplina 14 - Logística;Não;80;60;20;0;0;0;0;0;0
MAT016;Negócios;Logística;Presencial;MAT016_D015;Disciplina 15 - Logística;Não;60;30;30;0;0;0;0;0;0
MAT016;Negócios;Logística;Presencial;MAT016_D016;Disciplina 16 - Logística;Sim;80;40;40;0;0;0;0;0;0
MAT016;Negócios;Logística;Presencial;MAT016_D017;Disciplina 17 - Logística;Sim;120;70;50;0;0;0;0;0;0
MAT016;Negócios;Logística;Presencial;MAT016_D018;Disciplina 18 - Logística;Sim;120;60;60;0;0;0;0;0;0
MAT016;Negócios;Logística;Presencial;MAT016_D019;Disciplina 19 - Logística;Não;40;20;20;0;0;0;0;0;0
MAT016;Negócios;Logística;Presencial;MAT016_D020;Disciplina 20 - Logística;Não;40;20;20;0;0;0;0;0;0
MAT016;Negócios;Logística;Presencial;MAT016_D021;Disciplina 21 - Logística;Sim;60;40;20;0;0;0;0;0;0
MAT016;Negócios;Logística;Presencial;MAT016_D022;Disciplina 22 - Logística;Não;60;30;30;0;0;0;0;0;0
MAT016;Negócios;Logística;Presencial;MAT016_D023;Disciplina 23 - Logística;Não;80;50;30;0;0;0;0;0;0
MAT016;Negócios;Logística;Presencial;MAT016_D024;Disciplina 24 - Logística;Sim;40;20;20;0;0;0;0;0;0
MAT016;Negócios;Logística;Presencial;MAT016_D025;Disciplina 25 - Logística;Não;120;70;50;0;0;0;0;0;0
MAT016;Negócios;Logística;Presencial;MAT016_D026;Disciplina 26 - Logística;Não;40;20;20;0;0;0;0;0;0
MAT016;Negócios;Logística;Presencial;MAT016_D027;Disciplina 27 - Logística;Não;60;30;30;0;0;0;0;0;0
MAT016;Negócios;Logística;Presencial;MAT016_D028;Disciplina 28 - Logística;Não;40;20;20;0;0;0;0;0;0
MAT016;Negócios;Logística;Presencial;MAT016_D029;Disciplina 29 - Logística;Não;120;80;40;0;0;0;0;0;0
MAT016;Negócios;Logística;Presencial;MAT016_D030;Disciplina 30 - Logística;Sim;40;30;10;0;0;0;0;0;0
MAT016;Negócios;Logística;Presencial;MAT016_D031;Disciplina 31 - Logística;Sim;60;30;30;0;0;0;0;0;0
MAT016;Negócios;Logística;Presencial;MAT016_D032;Disciplina 32 - Logística [PROJETO DE EXTENSÃO];Sim;100;40;20;0;0;0;0;40;0
MAT017;Licenciaturas;Geografia;Semipresencial;MAT017_D001;Disciplina 1 - Geografia;Sim;120;0;0;0;90;30;0;0;1
MAT017;Licenciaturas;Geografia;Semipresencial;MAT017_D002;Disciplina 2 - Geografia;Não;60;0;0;0;50;10;0;0;1
MAT017;Licenciaturas;Geografia;Semipresencial;MAT017_D003;Disciplina 3 - Geografia;Sim;120;0;0;0;90;30;0;0;1
MAT017;Licenciaturas;Geografia;Semipresencial;MAT017_D004;Disciplina 4 - Geografia;Sim;60;0;0;0;50;10;0;0;1
MAT017;Licenciaturas;Geografia;Semipresencial;MAT017_D005;Disciplina 5 - Geografia;Não;120;0;0;0;100;20;0;0;1
MAT017;Licenciaturas;Geografia;Semipresencial;MAT017_D006;Disciplina 6 - Geografia;Sim;60;0;0;0;50;10;0;0;1
MAT017;Licenciaturas;Geografia;Semipresencial;MAT017_D007;Disciplina 7 - Geografia;Sim;60;0;0;0;50;10;0;0;1
MAT017;Licenciaturas;Geografia;Semipresencial;MAT017_D008;Disciplina 8 - Geografia;Não;40;0;0;0;40;0;0;0;1
MAT017;Licenciaturas;Geografia;Semipresencial;MAT017_D009;Disciplina 9 - Geografia;Não;80;0;0;0;70;10;0;0;1
MAT017;Licenciaturas;Geografia;Semipresencial;MAT017_D010;Disciplina 10 - Geografia;Sim;120;0;0;0;100;20;0;0;1
MAT017;Licenciaturas;Geografia;Semipresencial;MAT017_D011;Disciplina 11 - Geografia;Não;80;0;0;0;70;10;0;0;1
MAT017;Licenciaturas;Geografia;Semipresencial;MAT017_D012;Disciplina 12 - Geografia;Sim;80;0;0;0;60;20;0;0;1
MAT017;Licenciaturas;Geografia;Semipresencial;MAT017_D013;Disciplina 13 - Geografia;Não;40;0;0;0;40;0;0;0;1
MAT017;Licenciaturas;Geografia;Semipresencial;MAT017_D014;Disciplina 14 - Geografia [PROJETO DE EXTENSÃO];Não;80;0;0;0;40;0;0;40;1
MAT017;Licenciaturas;Geografia;Semipresencial;MAT017_D015;Disciplina 15 - Geografia [PROJETO DE EXTENSÃO];Sim;80;0;0;0;20;0;0;60;1
MAT017;Licenciaturas;Geografia;Semipresencial;MAT017_D016;Disciplina 16 - Geografia;Sim;120;0;0;0;110;10;0;0;1
MAT017;Licenciaturas;Geografia;Semipresencial;MAT017_D017;Disciplina 17 - Geografia;Sim;60;0;0;0;50;10;0;0;1
MAT017;Licenciaturas;Geografia;Semipresencial;MAT017_D018;Disciplina 18 - Geografia;Sim;120;0;0;0;100;20;0;0;1
MAT017;Licenciaturas;Geografia;Semipresencial;MAT017_D019;Disciplina 19 - Geografia;Sim;120;0;0;0;100;20;0;0;1
MAT017;Licenciaturas;Geografia;Semipresencial;MAT017_D020;Disciplina 20 - Geografia;Não;80;0;0;0;60;20;0;0;1
MAT017;Licenciaturas;Geografia;Semipresencial;MAT017_D021;Disciplina 21 - Geografia;Não;80;0;0;0;70;10;0;0;1
MAT017;Licenciaturas;Geografia;Semipresencial;MAT017_D022;Disciplina 22 - Geografia;Sim;120;0;0;0;100;20;0;0;1
MAT017;Licenciaturas;Geografia;Semipresencial;MAT017_D023;Disciplina 23 - Geografia;Não;120;0;0;0;90;30;0;0;1
MAT017;Licenciaturas;Geografia;Semipresencial;MAT017_D024;Disciplina 24 - Geografia;Não;80;0;0;0;70;10;0;0;1
MAT017;Licenciaturas;Geografia;Semipresencial;MAT017_D025;Disciplina 25 - Geografia;Não;60;0;0;0;50;10;0;0;1
MAT017;Licenciaturas;Geografia;Semipresencial;MAT017_D026;Disciplina 26 - Geografia;Sim;60;0;0;0;50;10;0;0;1
MAT017;Licenciaturas;Geografia;Semipresencial;MAT017_D027;Disciplina 27 - Geografia;Sim;120;0;0;0;90;30;0;0;1
MAT017;Licenciaturas;Geografia;Semipresencial;MAT017_D028;Disciplina 28 - Geografia;Não;60;0;0;0;50;10;0;0;1
MAT017;Licenciaturas;Geografia;Semipresencial;MAT017_D029;Disciplina 29 - Geografia;Sim;120;70;50;0;0;0;0;0;0
MAT017;Licenciaturas;Geografia;Semipresencial;MAT017_D030;Disciplina 30 - Geografia;Sim;40;20;20;0;0;0;0;0;0
MAT017;Licenciaturas;Geografia;Semipresencial;MAT017_D031;Disciplina 31 - Geografia;Sim;80;40;40;0;0;0;0;0;0
MAT017;Licenciaturas;Geografia;Semipresencial;MAT017_D032;Disciplina 32 - Geografia [PROJETO DE EXTENSÃO];Sim;120;50;30;0;0;0;0;40;0
MAT017;Licenciaturas;Geografia;Semipresencial;MAT017_D033;Disciplina 33 - Geografia;Sim;120;60;60;0;0;0;0;0;0
MAT017;Licenciaturas;Geografia;Semipresencial;MAT017_D034;Disciplina 34 - Geografia;Não;120;60;50;10;0;0;0;0;0
MAT017;Licenciaturas;Geografia;Semipresencial;MAT017_D035;Disciplina 35 - Geografia;Não;60;30;30;0;0;0;0;0;0
MAT017;Licenciaturas;Geografia;Semipresencial;MAT017_D036;Estágio Supervisionado - Geografia;Não;120;0;0;0;0;0;120;0;0
MAT017;Licenciaturas;Geografia;Semipresencial;MAT017_D037;Estágio Supervisionado - Geografia;Não;20;0;0;0;0;0;20;0;0
MAT018;Engenharias;Engenharia de Software;100% EAD;MAT018_D001;Disciplina 1 - Engenharia de Software;Sim;40;0;0;0;30;10;0;0;1
MAT018;Engenharias;Engenharia de Software;100% EAD;MAT018_D002;Disciplina 2 - Engenharia de Software;Não;120;0;0;0;90;30;0;0;1
MAT018;Engenharias;Engenharia de Software;100% EAD;MAT018_D003;Disciplina 3 - Engenharia de Software;Sim;40;0;0;0;40;0;0;0;1
MAT018;Engenharias;Engenharia de Software;100% EAD;MAT018_D004;Disciplina 4 - Engenharia de Software;Não;120;0;0;0;110;10;0;0;1
MAT018;Engenharias;Engenharia de Software;100% EAD;MAT018_D005;Disciplina 5 - Engenharia de Software;Sim;40;0;0;0;40;0;0;0;1
MAT018;Engenharias;Engenharia de Software;100% EAD;MAT018_D006;Disciplina 6 - Engenharia de Software;Sim;60;0;0;0;60;0;0;0;1
MAT018;Engenharias;Engenharia de Software;100% EAD;MAT018_D007;Disciplina 7 - Engenharia de Software;Sim;120;0;0;0;90;30;0;0;1
MAT018;Engenharias;Engenharia de Software;100% EAD;MAT018_D008;Disciplina 8 - Engenharia de Software;Sim;60;0;0;0;50;10;0;0;1
MAT018;Engenharias;Engenharia de Software;100% EAD;MAT018_D009;Disciplina 9 - Engenharia de Software;Não;40;0;0;0;40;0;0;0;1
MAT018;Engenharias;Engenharia de Software;100% EAD;MAT018_D010;Disciplina 10 - Engenharia de Software;Não;120;0;0;0;90;30;0;0;1
MAT018;Engenharias;Engenharia de Software;100% EAD;MAT018_D011;Disciplina 11 - Engenharia de Software;Sim;80;0;0;0;70;10;0;0;1
MAT018;Engenharias;Engenharia de Software;100% EAD;MAT018_D012;Disciplina 12 - Engenharia de Software [PROJETO DE EXTENSÃO];Sim;80;0;0;0;30;10;0;40;1
MAT018;Engenharias;Engenharia de Software;100% EAD;MAT018_D013;Disciplina 13 - Engenharia de Software;Não;120;0;0;0;100;20;0;0;1
MAT018;Engenharias;Engenharia de Software;100% EAD;MAT018_D014;Disciplina 14 - Engenharia de Software;Não;40;0;0;0;40;0;0;0;1
MAT018;Engenharias;Engenharia de Software;100% EAD;MAT018_D015;Disciplina 15 - Engenharia de Software [PROJETO DE EXTENSÃO];Não;80;0;0;0;30;10;0;40;1
MAT018;Engenharias;Engenharia de Software;100% EAD;MAT018_D016;Disciplina 16 - Engenharia de Software;Não;120;0;0;0;110;10;0;0;1
MAT018;Engenharias;Engenharia de Software;100% EAD;MAT018_D017;Disciplina 17 - Engenharia de Software;Não;80;0;0;0;70;10;0;0;1
MAT018;Engenharias;Engenharia de Software;100% EAD;MAT018_D018;Disciplina 18 - Engenharia de Software;Sim;120;0;0;0;100;20;0;0;1
MAT018;Engenharias;Engenharia de Software;100% EAD;MAT018_D019;Disciplina 19 - Engenharia de Software;Sim;40;0;0;0;30;10;0;0;1
MAT018;Engenharias;Engenharia de Software;100% EAD;MAT018_D020;Disciplina 20 - Engenharia de Software;Sim;40;0;0;0;40;0;0;0;1
MAT018;Engenharias;Engenharia de Software;100% EAD;MAT018_D021;Disciplina 21 - Engenharia de Software;Sim;60;0;0;0;50;10;0;0;1
MAT018;Engenharias;Engenharia de Software;100% EAD;MAT018_D022;Disciplina 22 - Engenharia de Software;Sim;80;0;0;0;70;10;0;0;1
MAT018;Engenharias;Engenharia de Software;100% EAD;MAT018_D023;Disciplina 23 - Engenharia de Software;Não;60;0;0;0;50;10;0;0;1
MAT018;Engenharias;Engenharia de Software;100% EAD;MAT018_D024;Disciplina 24 - Engenharia de Software;Não;40;0;0;0;40;0;0;0;1
MAT018;Engenharias;Engenharia de Software;100% EAD;MAT018_D025;Disciplina 25 - Engenharia de Software;Sim;120;0;0;0;100;20;0;0;1
MAT018;Engenharias;Engenharia de Software;100% EAD;MAT018_D026;Disciplina 26 - Engenharia de Software;Sim;40;0;0;0;40;0;0;0;1
MAT018;Engenharias;Engenharia de Software;100% EAD;MAT018_D027;Disciplina 27 - Engenharia de Software;Não;40;0;0;0;40;0;0;0;1
MAT018;Engenharias;Engenharia de Software;100% EAD;MAT018_D028;Disciplina 28 - Engenharia de Software [PROJETO DE EXTENSÃO];Não;120;0;0;0;50;10;0;60;1
MAT018;Engenharias;Engenharia de Software;100% EAD;MAT018_D029;Disciplina 29 - Engenharia de Software;Sim;60;0;0;0;50;10;0;0;1
MAT018;Engenharias;Engenharia de Software;100% EAD;MAT018_D030;Disciplina 30 - Engenharia de Software;Sim;80;0;0;0;70;10;0;0;1
MAT018;Engenharias;Engenharia de Software;100% EAD;MAT018_D031;Disciplina 31 - Engenharia de Software;Sim;40;0;0;0;30;10;0;0;1
MAT018;Engenharias;Engenharia de Software;100% EAD;MAT018_D032;Disciplina 32 - Engenharia de Software;Sim;40;0;0;0;40;0;0;0;1
MAT018;Engenharias;Engenharia de Software;100% EAD;MAT018_D033;Disciplina 33 - Engenharia de Software [PROJETO DE EXTENSÃO];Não;80;0;0;0;40;0;0;40;1
MAT018;Engenharias;Engenharia de Software;100% EAD;MAT018_D034;Disciplina 34 - Engenharia de Software;Não;40;0;0;0;40;0;0;0;1
MAT018;Engenharias;Engenharia de Software;100% EAD;MAT018_D035;Disciplina 35 - Engenharia de Software;Sim;80;0;0;0;70;10;0;0;1
MAT018;Engenharias;Engenharia de Software;100% EAD;MAT018_D036;Disciplina 36 - Engenharia de Software;Sim;80;0;0;0;70;10;0;0;1
MAT018;Engenharias;Engenharia de Software;100% EAD;MAT018_D037;Disciplina 37 - Engenharia de Software;Não;80;0;0;0;60;20;0;0;1
MAT018;Engenharias;Engenharia de Software;100% EAD;MAT018_D038;Disciplina 38 - Engenharia de Software;Não;120;0;0;0;100;20;0;0;1
MAT018;Engenharias;Engenharia de Software;100% EAD;MAT018_D039;Disciplina 39 - Engenharia de Software;Sim;60;0;0;0;50;10;0;0;1
MAT018;Engenharias;Engenharia de Software;100% EAD;MAT018_D040;Disciplina 40 - Engenharia de Software;Não;60;0;0;0;50;10;0;0;1
MAT018;Engenharias;Engenharia de Software;100% EAD;MAT018_D041;Disciplina 41 - Engenharia de Software;Não;60;0;0;0;50;10;0;0;1
MAT019;Tecnologia;Sistemas de Informação;Presencial;MAT019_D001;Disciplina 1 - Sistemas de Informação;Sim;120;0;0;0;120;0;0;0;1
MAT019;Tecnologia;Sistemas de Informação;Presencial;MAT019_D002;Disciplina 2 - Sistemas de Informação;Não;60;0;0;0;60;0;0;0;1
MAT019;Tecnologia;Sistemas de Informação;Presencial;MAT019_D003;Disciplina 3 - Sistemas de Informação;Não;120;0;0;0;120;0;0;0;1
MAT019;Tecnologia;Sistemas de Informação;Presencial;MAT019_D004;Disciplina 4 - Sistemas de Informação;Sim;60;0;0;0;60;0;0;0;1
MAT019;Tecnologia;Sistemas de Informação;Presencial;MAT019_D005;Disciplina 5 - Sistemas de Informação;Sim;60;0;0;0;60;0;0;0;1
MAT019;Tecnologia;Sistemas de Informação;Presencial;MAT019_D006;Disciplina 6 - Sistemas de Informação;Não;120;0;0;0;120;0;0;0;1
MAT019;Tecnologia;Sistemas de Informação;Presencial;MAT019_D007;Disciplina 7 - Sistemas de Informação;Sim;80;0;0;0;80;0;0;0;1
MAT019;Tecnologia;Sistemas de Informação;Presencial;MAT019_D008;Disciplina 8 - Sistemas de Informação;Não;120;0;0;0;120;0;0;0;1
MAT019;Tecnologia;Sistemas de Informação;Presencial;MAT019_D009;Disciplina 9 - Sistemas de Informação;Não;80;0;0;0;80;0;0;0;1
MAT019;Tecnologia;Sistemas de Informação;Presencial;MAT019_D010;Disciplina 10 - Sistemas de Informação;Não;40;0;0;0;40;0;0;0;1
MAT019;Tecnologia;Sistemas de Informação;Presencial;MAT019_D011;Disciplina 11 - Sistemas de Informação;Sim;120;0;0;0;120;0;0;0;1
MAT019;Tecnologia;Sistemas de Informação;Presencial;MAT019_D012;Disciplina 12 - Sistemas de Informação [PROJETO DE EXTENSÃO];Não;80;0;20;0;0;0;0;60;0
MAT019;Tecnologia;Sistemas de Informação;Presencial;MAT019_D013;Disciplina 13 - Sistemas de Informação [PROJETO DE EXTENSÃO];Sim;60;0;20;0;0;0;0;40;0
MAT019;Tecnologia;Sistemas de Informação;Presencial;MAT019_D014;Disciplina 14 - Sistemas de Informação;Não;40;10;20;10;0;0;0;0;0
MAT019;Tecnologia;Sistemas de Informação;Presencial;MAT019_D015;Disciplina 15 - Sistemas de Informação;Não;120;40;60;20;0;0;0;0;0
MAT019;Tecnologia;Sistemas de Informação;Presencial;MAT019_D016;Disciplina 16 - Sistemas de Informação;Sim;80;30;30;20;0;0;0;0;0
MAT019;Tecnologia;Sistemas de Informação;Presencial;MAT019_D017;Disciplina 17 - Sistemas de Informação;Não;80;20;40;20;0;0;0;0;0
MAT019;Tecnologia;Sistemas de Informação;Presencial;MAT019_D018;Disciplina 18 - Sistemas de Informação;Não;120;30;60;30;0;0;0;0;0
MAT019;Tecnologia;Sistemas de Informação;Presencial;MAT019_D019;Disciplina 19 - Sistemas de Informação;Sim;80;30;30;20;0;0;0;0;0
MAT019;Tecnologia;Sistemas de Informação;Presencial;MAT019_D020;Disciplina 20 - Sistemas de Informação;Não;120;50;30;40;0;0;0;0;0
MAT019;Tecnologia;Sistemas de Informação;Presencial;MAT019_D021;Disciplina 21 - Sistemas de Informação;Não;80;30;40;10;0;0;0;0;0
MAT019;Tecnologia;Sistemas de Informação;Presencial;MAT019_D022;Disciplina 22 - Sistemas de Informação;Não;60;20;30;10;0;0;0;0;0
MAT019;Tecnologia;Sistemas de Informação;Presencial;MAT019_D023;Disciplina 23 - Sistemas de Informação;Sim;120;50;30;40;0;0;0;0;0
MAT019;Tecnologia;Sistemas de Informação;Presencial;MAT019_D024;Disciplina 24 - Sistemas de Informação [PROJETO DE EXTENSÃO];Não;120;20;20;20;0;0;0;60;0
MAT019;Tecnologia;Sistemas de Informação;Presencial;MAT019_D025;Disciplina 25 - Sistemas de Informação;Não;40;10;20;10;0;0;0;0;0
MAT019;Tecnologia;Sistemas de Informação;Presencial;MAT019_D026;Disciplina 26 - Sistemas de Informação [PROJETO DE EXTENSÃO];Sim;60;0;20;0;0;0;0;40;0
MAT019;Tecnologia;Sistemas de Informação;Presencial;MAT019_D027;Disciplina 27 - Sistemas de Informação;Não;120;50;50;20;0;0;0;0;0
MAT019;Tecnologia;Sistemas de Informação;Presencial;MAT019_D028;Estágio Supervisionado - Sistemas de Informação;Não;40;0;0;0;0;0;40;0;0
MAT020;Tecnologia;Análise e Desenvolvimento de Sistemas;100% EAD;MAT020_D001;Disciplina 1 - Análise e Desenvolvimento de Sistemas;Sim;40;0;0;0;40;0;0;0;1
MAT020;Tecnologia;Análise e Desenvolvimento de Sistemas;100% EAD;MAT020_D002;Disciplina 2 - Análise e Desenvolvimento de Sistemas;Sim;120;0;0;0;90;30;0;0;1
MAT020;Tecnologia;Análise e Desenvolvimento de Sistemas;100% EAD;MAT020_D003;Disciplina 3 - Análise e Desenvolvimento de Sistemas;Sim;80;0;0;0;70;10;0;0;1
MAT020;Tecnologia;Análise e Desenvolvimento de Sistemas;100% EAD;MAT020_D004;Disciplina 4 - Análise e Desenvolvimento de Sistemas;Não;40;0;0;0;40;0;0;0;1
MAT020;Tecnologia;Análise e Desenvolvimento de Sistemas;100% EAD;MAT020_D005;Disciplina 5 - Análise e Desenvolvimento de Sistemas;Não;40;0;0;0;40;0;0;0;1
MAT020;Tecnologia;Análise e Desenvolvimento de Sistemas;100% EAD;MAT020_D006;Disciplina 6 - Análise e Desenvolvimento de Sistemas;Não;120;0;0;0;100;20;0;0;1
MAT020;Tecnologia;Análise e Desenvolvimento de Sistemas;100% EAD;MAT020_D007;Disciplina 7 - Análise e Desenvolvimento de Sistemas [PROJETO DE EXTENSÃO];Não;80;0;0;0;40;0;0;40;1
MAT020;Tecnologia;Análise e Desenvolvimento de Sistemas;100% EAD;MAT020_D008;Disciplina 8 - Análise e Desenvolvimento de Sistemas;Não;60;0;0;0;50;10;0;0;1
MAT020;Tecnologia;Análise e Desenvolvimento de Sistemas;100% EAD;MAT020_D009;Disciplina 9 - Análise e Desenvolvimento de Sistemas;Sim;80;0;0;0;70;10;0;0;1
MAT020;Tecnologia;Análise e Desenvolvimento de Sistemas;100% EAD;MAT020_D010;Disciplina 10 - Análise e Desenvolvimento de Sistemas;Não;60;0;0;0;50;10;0;0;1
MAT020;Tecnologia;Análise e Desenvolvimento de Sistemas;100% EAD;MAT020_D011;Disciplina 11 - Análise e Desenvolvimento de Sistemas;Não;60;0;0;0;50;10;0;0;1
MAT020;Tecnologia;Análise e Desenvolvimento de Sistemas;100% EAD;MAT020_D012;Disciplina 12 - Análise e Desenvolvimento de Sistemas;Não;80;0;0;0;70;10;0;0;1
MAT020;Tecnologia;Análise e Desenvolvimento de Sistemas;100% EAD;MAT020_D013;Disciplina 13 - Análise e Desenvolvimento de Sistemas;Sim;60;0;0;0;50;10;0;0;1
MAT020;Tecnologia;Análise e Desenvolvimento de Sistemas;100% EAD;MAT020_D014;Disciplina 14 - Análise e Desenvolvimento de Sistemas;Sim;40;0;0;0;30;10;0;0;1
MAT020;Tecnologia;Análise e Desenvolvimento de Sistemas;100% EAD;MAT020_D015;Disciplina 15 - Análise e Desenvolvimento de Sistemas;Não;40;0;0;0;40;0;0;0;1
MAT020;Tecnologia;Análise e Desenvolvimento de Sistemas;100% EAD;MAT020_D016;Disciplina 16 - Análise e Desenvolvimento de Sistemas;Não;80;0;0;0;60;20;0;0;1
MAT020;Tecnologia;Análise e Desenvolvimento de Sistemas;100% EAD;MAT020_D017;Disciplina 17 - Análise e Desenvolvimento de Sistemas;Sim;120;0;0;0;100;20;0;0;1
MAT020;Tecnologia;Análise e Desenvolvimento de Sistemas;100% EAD;MAT020_D018;Disciplina 18 - Análise e Desenvolvimento de Sistemas;Não;40;0;0;0;30;10;0;0;1
MAT020;Tecnologia;Análise e Desenvolvimento de Sistemas;100% EAD;MAT020_D019;Disciplina 19 - Análise e Desenvolvimento de Sistemas;Sim;80;0;0;0;70;10;0;0;1
MAT020;Tecnologia;Análise e Desenvolvimento de Sistemas;100% EAD;MAT020_D020;Disciplina 20 - Análise e Desenvolvimento de Sistemas;Sim;60;0;0;0;50;10;0;0;1
MAT020;Tecnologia;Análise e Desenvolvimento de Sistemas;100% EAD;MAT020_D021;Disciplina 21 - Análise e Desenvolvimento de Sistemas;Sim;40;0;0;0;30;10;0;0;1
MAT020;Tecnologia;Análise e Desenvolvimento de Sistemas;100% EAD;MAT020_D022;Disciplina 22 - Análise e Desenvolvimento de Sistemas [PROJETO DE EXTENSÃO];Sim;80;0;0;0;30;10;0;40;1
MAT020;Tecnologia;Análise e Desenvolvimento de Sistemas;100% EAD;MAT020_D023;Disciplina 23 - Análise e Desenvolvimento de Sistemas;Sim;80;0;0;0;70;10;0;0;1
MAT020;Tecnologia;Análise e Desenvolvimento de Sistemas;100% EAD;MAT020_D024;Disciplina 24 - Análise e Desenvolvimento de Sistemas;Sim;120;0;0;0;90;30;0;0;1
MAT020;Tecnologia;Análise e Desenvolvimento de Sistemas;100% EAD;MAT020_D025;Disciplina 25 - Análise e Desenvolvimento de Sistemas;Sim;60;0;0;0;60;0;0;0;1
MAT020;Tecnologia;Análise e Desenvolvimento de Sistemas;100% EAD;MAT020_D026;Disciplina 26 - Análise e Desenvolvimento de Sistemas;Não;60;0;0;0;50;10;0;0;1
MAT020;Tecnologia;Análise e Desenvolvimento de Sistemas;100% EAD;MAT020_D027;Disciplina 27 - Análise e Desenvolvimento de Sistemas [PROJETO DE EXTENSÃO];Sim;60;0;0;0;20;0;0;40;1
MAT020;Tecnologia;Análise e Desenvolvimento de Sistemas;100% EAD;MAT020_D028;Disciplina 28 - Análise e Desenvolvimento de Sistemas;Sim;80;0;0;0;70;10;0;0;1
MAT020;Tecnologia;Análise e Desenvolvimento de Sistemas;100% EAD;MAT020_D029;Disciplina 29 - Análise e Desenvolvimento de Sistemas;Não;80;0;0;0;70;10;0;0;1
MAT020;Tecnologia;Análise e Desenvolvimento de Sistemas;100% EAD;MAT020_D030;Disciplina 30 - Análise e Desenvolvimento de Sistemas;Sim;60;0;0;0;50;10;0;0;1
MAT020;Tecnologia;Análise e Desenvolvimento de Sistemas;100% EAD;MAT020_D031;Disciplina 31 - Análise e Desenvolvimento de Sistemas;Sim;80;0;0;0;70;10;0;0;1
MAT020;Tecnologia;Análise e Desenvolvimento de Sistemas;100% EAD;MAT020_D032;Disciplina 32 - Análise e Desenvolvimento de Sistemas;Sim;120;0;0;0;100;20;0;0;1
MAT020;Tecnologia;Análise e Desenvolvimento de Sistemas;100% EAD;MAT020_D033;Disciplina 33 - Análise e Desenvolvimento de Sistemas;Não;80;0;0;0;70;10;0;0;1
MAT020;Tecnologia;Análise e Desenvolvimento de Sistemas;100% EAD;MAT020_D034;Disciplina 34 - Análise e Desenvolvimento de Sistemas;Sim;80;0;0;0;70;10;0;0;1
MAT020;Tecnologia;Análise e Desenvolvimento de Sistemas;100% EAD;MAT020_D035;Disciplina 35 - Análise e Desenvolvimento de Sistemas;Sim;40;0;0;0;40;0;0;0;1
MAT020;Tecnologia;Análise e Desenvolvimento de Sistemas;100% EAD;MAT020_D036;Disciplina 36 - Análise e Desenvolvimento de Sistemas [PROJETO DE EXTENSÃO];Não;120;0;0;0;60;20;0;40;1
MAT020;Tecnologia;Análise e Desenvolvimento de Sistemas;100% EAD;MAT020_D037;Disciplina 37 - Análise e Desenvolvimento de Sistemas;Sim;40;0;0;0;30;10;0;0;1
MAT020;Tecnologia;Análise e Desenvolvimento de Sistemas;100% EAD;MAT020_D038;Disciplina 38 - Análise e Desenvolvimento de Sistemas;Não;60;0;0;0;50;10;0;0;1
MAT020;Tecnologia;Análise e Desenvolvimento de Sistemas;100% EAD;MAT020_D039;Disciplina 39 - Análise e Desenvolvimento de Sistemas;Sim;60;0;0;0;50;10;0;0;1
MAT020;Tecnologia;Análise e Desenvolvimento de Sistemas;100% EAD;MAT020_D040;Disciplina 40 - Análise e Desenvolvimento de Sistemas [PROJETO DE EXTENSÃO];Não;120;0;0;0;70;10;0;40;1
MAT020;Tecnologia;Análise e Desenvolvimento de Sistemas;100% EAD;MAT020_D041;Disciplina 41 - Análise e Desenvolvimento de Sistemas;Não;80;0;0;0;70;10;0;0;1
MAT020;Tecnologia;Análise e Desenvolvimento de Sistemas;100% EAD;MAT020_D042;Disciplina 42 - Análise e Desenvolvimento de Sistemas;Sim;20;0;0;0;20;0;0;0;1
MAT021;Negócios;Administração;Presencial;MAT021_D001;Disciplina 1 - Administração [PROJETO DE EXTENSÃO];Sim;80;0;0;0;20;0;0;60;1
MAT021;Negócios;Administração;Presencial;MAT021_D002;Disciplina 2 - Administração;Não;120;0;0;0;120;0;0;0;1
MAT021;Negócios;Administração;Presencial;MAT021_D003;Disciplina 3 - Administração;Não;80;0;0;0;80;0;0;0;1
MAT021;Negócios;Administração;Presencial;MAT021_D004;Disciplina 4 - Administração;Não;40;0;0;0;40;0;0;0;1
MAT021;Negócios;Administração;Presencial;MAT021_D005;Disciplina 5 - Administração;Não;60;0;0;0;60;0;0;0;1
MAT021;Negócios;Administração;Presencial;MAT021_D006;Disciplina 6 - Administração [PROJETO DE EXTENSÃO];Não;120;0;0;0;80;0;0;40;1
MAT021;Negócios;Administração;Presencial;MAT021_D007;Disciplina 7 - Administração;Sim;40;0;0;0;40;0;0;0;1
MAT021;Negócios;Administração;Presencial;MAT021_D008;Disciplina 8 - Administração;Não;80;0;0;0;80;0;0;0;1
MAT021;Negócios;Administração;Presencial;MAT021_D009;Disciplina 9 - Administração;Não;60;0;0;0;60;0;0;0;1
MAT021;Negócios;Administração;Presencial;MAT021_D010;Disciplina 10 - Administração;Sim;40;0;0;0;40;0;0;0;1
MAT021;Negócios;Administração;Presencial;MAT021_D011;Disciplina 11 - Administração;Sim;120;0;0;0;120;0;0;0;1
MAT021;Negócios;Administração;Presencial;MAT021_D012;Disciplina 12 - Administração;Sim;80;50;30;0;0;0;0;0;0
MAT021;Negócios;Administração;Presencial;MAT021_D013;Disciplina 13 - Administração;Sim;120;60;60;0;0;0;0;0;0
MAT021;Negócios;Administração;Presencial;MAT021_D014;Disciplina 14 - Administração;Sim;40;30;10;0;0;0;0;0;0
MAT021;Negócios;Administração;Presencial;MAT021_D015;Disciplina 15 - Administração;Não;60;30;30;0;0;0;0;0;0
MAT021;Negócios;Administração;Presencial;MAT021_D016;Disciplina 16 - Administração;Sim;40;20;20;0;0;0;0;0;0
MAT021;Negócios;Administração;Presencial;MAT021_D017;Disciplina 17 - Administração;Não;40;20;20;0;0;0;0;0;0
MAT021;Negócios;Administração;Presencial;MAT021_D018;Disciplina 18 - Administração;Não;80;60;20;0;0;0;0;0;0
MAT021;Negócios;Administração;Presencial;MAT021_D019;Disciplina 19 - Administração;Não;120;60;60;0;0;0;0;0;0
MAT021;Negócios;Administração;Presencial;MAT021_D020;Disciplina 20 - Administração;Não;40;20;20;0;0;0;0;0;0
MAT021;Negócios;Administração;Presencial;MAT021_D021;Disciplina 21 - Administração;Não;40;20;20;0;0;0;0;0;0
MAT021;Negócios;Administração;Presencial;MAT021_D022;Disciplina 22 - Administração;Sim;60;30;30;0;0;0;0;0;0
MAT021;Negócios;Administração;Presencial;MAT021_D023;Disciplina 23 - Administração [PROJETO DE EXTENSÃO];Sim;60;10;10;0;0;0;0;40;0
MAT021;Negócios;Administração;Presencial;MAT021_D024;Disciplina 24 - Administração;Não;120;70;50;0;0;0;0;0;0
MAT021;Negócios;Administração;Presencial;MAT021_D025;Disciplina 25 - Administração;Sim;120;70;50;0;0;0;0;0;0
MAT021;Negócios;Administração;Presencial;MAT021_D026;Disciplina 26 - Administração;Sim;80;40;40;0;0;0;0;0;0
MAT021;Negócios;Administração;Presencial;MAT021_D027;Disciplina 27 - Administração;Sim;120;70;50;0;0;0;0;0;0
MAT021;Negócios;Administração;Presencial;MAT021_D028;Disciplina 28 - Administração;Não;60;40;20;0;0;0;0;0;0
MAT021;Negócios;Administração;Presencial;MAT021_D029;Disciplina 29 - Administração;Sim;120;80;40;0;0;0;0;0;0
MAT021;Negócios;Administração;Presencial;MAT021_D030;Disciplina 30 - Administração;Não;40;20;20;0;0;0;0;0;0
MAT021;Negócios;Administração;Presencial;MAT021_D031;Estágio Supervisionado - Administração;Não;120;0;0;0;0;0;120;0;0
MAT022;Tecnologia;Redes;100% EAD;MAT022_D001;Disciplina 1 - Redes;Não;40;0;0;0;30;10;0;0;1
MAT022;Tecnologia;Redes;100% EAD;MAT022_D002;Disciplina 2 - Redes;Não;80;0;0;0;70;10;0;0;1
MAT022;Tecnologia;Redes;100% EAD;MAT022_D003;Disciplina 3 - Redes;Não;60;0;0;0;50;10;0;0;1
MAT022;Tecnologia;Redes;100% EAD;MAT022_D004;Disciplina 4 - Redes;Não;120;0;0;0;90;30;0;0;1
MAT022;Tecnologia;Redes;100% EAD;MAT022_D005;Disciplina 5 - Redes;Sim;120;0;0;0;90;30;0;0;1
MAT022;Tecnologia;Redes;100% EAD;MAT022_D006;Disciplina 6 - Redes;Não;60;0;0;0;50;10;0;0;1
MAT022;Tecnologia;Redes;100% EAD;MAT022_D007;Disciplina 7 - Redes;Sim;80;0;0;0;70;10;0;0;1
MAT022;Tecnologia;Redes;100% EAD;MAT022_D008;Disciplina 8 - Redes;Não;40;0;0;0;30;10;0;0;1
MAT022;Tecnologia;Redes;100% EAD;MAT022_D009;Disciplina 9 - Redes;Não;80;0;0;0;70;10;0;0;1
MAT022;Tecnologia;Redes;100% EAD;MAT022_D010;Disciplina 10 - Redes;Não;80;0;0;0;60;20;0;0;1
MAT022;Tecnologia;Redes;100% EAD;MAT022_D011;Disciplina 11 - Redes;Não;40;0;0;0;40;0;0;0;1
MAT022;Tecnologia;Redes;100% EAD;MAT022_D012;Disciplina 12 - Redes;Sim;120;0;0;0;100;20;0;0;1
MAT022;Tecnologia;Redes;100% EAD;MAT022_D013;Disciplina 13 - Redes;Sim;80;0;0;0;70;10;0;0;1
MAT022;Tecnologia;Redes;100% EAD;MAT022_D014;Disciplina 14 - Redes;Sim;60;0;0;0;50;10;0;0;1
MAT022;Tecnologia;Redes;100% EAD;MAT022_D015;Disciplina 15 - Redes;Não;40;0;0;0;40;0;0;0;1
MAT022;Tecnologia;Redes;100% EAD;MAT022_D016;Disciplina 16 - Redes [PROJETO DE EXTENSÃO];Sim;120;0;0;0;70;10;0;40;1
MAT022;Tecnologia;Redes;100% EAD;MAT022_D017;Disciplina 17 - Redes;Sim;40;0;0;0;30;10;0;0;1
MAT022;Tecnologia;Redes;100% EAD;MAT022_D018;Disciplina 18 - Redes;Não;60;0;0;0;50;10;0;0;1
MAT022;Tecnologia;Redes;100% EAD;MAT022_D019;Disciplina 19 - Redes;Sim;40;0;0;0;40;0;0;0;1
MAT022;Tecnologia;Redes;100% EAD;MAT022_D020;Disciplina 20 - Redes;Sim;40;0;0;0;40;0;0;0;1
MAT022;Tecnologia;Redes;100% EAD;MAT022_D021;Disciplina 21 - Redes [PROJETO DE EXTENSÃO];Não;80;0;0;0;20;0;0;60;1
MAT022;Tecnologia;Redes;100% EAD;MAT022_D022;Disciplina 22 - Redes;Não;60;0;0;0;50;10;0;0;1
MAT022;Tecnologia;Redes;100% EAD;MAT022_D023;Disciplina 23 - Redes;Sim;60;0;0;0;50;10;0;0;1
MAT022;Tecnologia;Redes;100% EAD;MAT022_D024;Disciplina 24 - Redes;Não;60;0;0;0;50;10;0;0;1
MAT022;Tecnologia;Redes;100% EAD;MAT022_D025;Disciplina 25 - Redes;Sim;40;0;0;0;40;0;0;0;1
MAT022;Tecnologia;Redes;100% EAD;MAT022_D026;Disciplina 26 - Redes;Não;60;0;0;0;50;10;0;0;1
MAT022;Tecnologia;Redes;100% EAD;MAT022_D027;Disciplina 27 - Redes;Sim;60;0;0;0;50;10;0;0;1
MAT022;Tecnologia;Redes;100% EAD;MAT022_D028;Disciplina 28 - Redes;Sim;60;0;0;0;50;10;0;0;1
MAT022;Tecnologia;Redes;100% EAD;MAT022_D029;Disciplina 29 - Redes;Não;80;0;0;0;70;10;0;0;1
MAT022;Tecnologia;Redes;100% EAD;MAT022_D030;Disciplina 30 - Redes;Sim;60;0;0;0;50;10;0;0;1
MAT022;Tecnologia;Redes;100% EAD;MAT022_D031;Disciplina 31 - Redes;Sim;40;0;0;0;40;0;0;0;1
MAT022;Tecnologia;Redes;100% EAD;MAT022_D032;Disciplina 32 - Redes;Não;80;0;0;0;70;10;0;0;1
MAT022;Tecnologia;Redes;100% EAD;MAT022_D033;Disciplina 33 - Redes;Sim;60;0;0;0;50;10;0;0;1
MAT022;Tecnologia;Redes;100% EAD;MAT022_D034;Disciplina 34 - Redes;Não;60;0;0;0;50;10;0;0;1
MAT022;Tecnologia;Redes;100% EAD;MAT022_D035;Disciplina 35 - Redes [PROJETO DE EXTENSÃO];Sim;80;0;0;0;40;0;0;40;1
MAT022;Tecnologia;Redes;100% EAD;MAT022_D036;Disciplina 36 - Redes;Sim;60;0;0;0;50;10;0;0;1
MAT022;Tecnologia;Redes;100% EAD;MAT022_D037;Disciplina 37 - Redes;Sim;40;0;0;0;30;10;0;0;1
MAT022;Tecnologia;Redes;100% EAD;MAT022_D038;Disciplina 38 - Redes;Sim;40;0;0;0;40;0;0;0;1
MAT022;Tecnologia;Redes;100% EAD;MAT022_D039;Disciplina 39 - Redes [PROJETO DE EXTENSÃO];Sim;60;0;0;0;20;0;0;40;1
MAT022;Tecnologia;Redes;100% EAD;MAT022_D040;Disciplina 40 - Redes;Sim;40;0;0;0;40;0;0;0;1
MAT022;Tecnologia;Redes;100% EAD;MAT022_D041;Disciplina 41 - Redes;Não;80;0;0;0;60;20;0;0;1
MAT022;Tecnologia;Redes;100% EAD;MAT022_D042;Disciplina 42 - Redes;Sim;60;0;0;0;50;10;0;0;1
MAT022;Tecnologia;Redes;100% EAD;MAT022_D043;Disciplina 43 - Redes;Não;80;0;0;0;70;10;0;0;1
MAT022;Tecnologia;Redes;100% EAD;MAT022_D044;Disciplina 44 - Redes;Sim;40;0;0;0;30;10;0;0;1
MAT022;Tecnologia;Redes;100% EAD;MAT022_D045;Disciplina 45 - Redes;Sim;60;0;0;0;50;10;0;0;1
MAT022;Tecnologia;Redes;100% EAD;MAT022_D046;Disciplina 46 - Redes;Não;80;0;0;0;70;10;0;0;1
MAT022;Tecnologia;Redes;100% EAD;MAT022_D047;Disciplina 47 - Redes;Não;20;0;0;0;20;0;0;0;1
MAT023;Engenharias;Engenharia Mecânica;Semipresencial;MAT023_D001;Disciplina 1 - Engenharia Mecânica;Não;120;0;0;0;100;20;0;0;1
MAT023;Engenharias;Engenharia Mecânica;Semipresencial;MAT023_D002;Disciplina 2 - Engenharia Mecânica;Sim;80;0;0;0;60;20;0;0;1
MAT023;Engenharias;Engenharia Mecânica;Semipresencial;MAT023_D003;Disciplina 3 - Engenharia Mecânica;Não;40;0;0;0;40;0;0;0;1
MAT023;Engenharias;Engenharia Mecânica;Semipresencial;MAT023_D004;Disciplina 4 - Engenharia Mecânica;Sim;120;0;0;0;110;10;0;0;1
MAT023;Engenharias;Engenharia Mecânica;Semipresencial;MAT023_D005;Disciplina 5 - Engenharia Mecânica;Sim;60;0;0;0;50;10;0;0;1
MAT023;Engenharias;Engenharia Mecânica;Semipresencial;MAT023_D006;Disciplina 6 - Engenharia Mecânica;Sim;40;0;0;0;40;0;0;0;1
MAT023;Engenharias;Engenharia Mecânica;Semipresencial;MAT023_D007;Disciplina 7 - Engenharia Mecânica;Sim;80;0;0;0;60;20;0;0;1
MAT023;Engenharias;Engenharia Mecânica;Semipresencial;MAT023_D008;Disciplina 8 - Engenharia Mecânica [PROJETO DE EXTENSÃO];Sim;120;0;0;0;70;10;0;40;1
MAT023;Engenharias;Engenharia Mecânica;Semipresencial;MAT023_D009;Disciplina 9 - Engenharia Mecânica;Não;40;0;0;0;40;0;0;0;1
MAT023;Engenharias;Engenharia Mecânica;Semipresencial;MAT023_D010;Disciplina 10 - Engenharia Mecânica;Sim;40;0;0;0;40;0;0;0;1
MAT023;Engenharias;Engenharia Mecânica;Semipresencial;MAT023_D011;Disciplina 11 - Engenharia Mecânica;Sim;120;0;0;0;100;20;0;0;1
MAT023;Engenharias;Engenharia Mecânica;Semipresencial;MAT023_D012;Disciplina 12 - Engenharia Mecânica;Sim;120;0;0;0;100;20;0;0;1
MAT023;Engenharias;Engenharia Mecânica;Semipresencial;MAT023_D013;Disciplina 13 - Engenharia Mecânica;Sim;120;0;0;0;90;30;0;0;1
MAT023;Engenharias;Engenharia Mecânica;Semipresencial;MAT023_D014;Disciplina 14 - Engenharia Mecânica;Não;40;0;0;0;40;0;0;0;1
MAT023;Engenharias;Engenharia Mecânica;Semipresencial;MAT023_D015;Disciplina 15 - Engenharia Mecânica;Sim;120;0;0;0;90;30;0;0;1
MAT023;Engenharias;Engenharia Mecânica;Semipresencial;MAT023_D016;Disciplina 16 - Engenharia Mecânica;Sim;120;0;0;0;100;20;0;0;1
MAT023;Engenharias;Engenharia Mecânica;Semipresencial;MAT023_D017;Disciplina 17 - Engenharia Mecânica;Não;40;0;0;0;40;0;0;0;1
MAT023;Engenharias;Engenharia Mecânica;Semipresencial;MAT023_D018;Disciplina 18 - Engenharia Mecânica;Sim;40;0;0;0;30;10;0;0;1
MAT023;Engenharias;Engenharia Mecânica;Semipresencial;MAT023_D019;Disciplina 19 - Engenharia Mecânica;Sim;80;0;0;0;70;10;0;0;1
MAT023;Engenharias;Engenharia Mecânica;Semipresencial;MAT023_D020;Disciplina 20 - Engenharia Mecânica;Não;60;0;0;0;50;10;0;0;1
MAT023;Engenharias;Engenharia Mecânica;Semipresencial;MAT023_D021;Disciplina 21 - Engenharia Mecânica;Sim;40;0;0;0;30;10;0;0;1
MAT023;Engenharias;Engenharia Mecânica;Semipresencial;MAT023_D022;Disciplina 22 - Engenharia Mecânica;Sim;60;0;0;0;50;10;0;0;1
MAT023;Engenharias;Engenharia Mecânica;Semipresencial;MAT023_D023;Disciplina 23 - Engenharia Mecânica;Não;80;0;0;0;70;10;0;0;1
MAT023;Engenharias;Engenharia Mecânica;Semipresencial;MAT023_D024;Disciplina 24 - Engenharia Mecânica;Não;80;30;30;20;0;0;0;0;0
MAT023;Engenharias;Engenharia Mecânica;Semipresencial;MAT023_D025;Disciplina 25 - Engenharia Mecânica [PROJETO DE EXTENSÃO];Sim;120;20;30;10;0;0;0;60;0
MAT023;Engenharias;Engenharia Mecânica;Semipresencial;MAT023_D026;Disciplina 26 - Engenharia Mecânica;Não;80;30;30;20;0;0;0;0;0
MAT023;Engenharias;Engenharia Mecânica;Semipresencial;MAT023_D027;Disciplina 27 - Engenharia Mecânica;Sim;120;40;40;40;0;0;0;0;0
MAT023;Engenharias;Engenharia Mecânica;Semipresencial;MAT023_D028;Disciplina 28 - Engenharia Mecânica;Não;120;50;30;40;0;0;0;0;0
MAT023;Engenharias;Engenharia Mecânica;Semipresencial;MAT023_D029;Disciplina 29 - Engenharia Mecânica;Sim;40;10;20;10;0;0;0;0;0
MAT023;Engenharias;Engenharia Mecânica;Semipresencial;MAT023_D030;Disciplina 30 - Engenharia Mecânica;Sim;40;10;20;10;0;0;0;0;0
MAT023;Engenharias;Engenharia Mecânica;Semipresencial;MAT023_D031;Disciplina 31 - Engenharia Mecânica;Não;60;20;30;10;0;0;0;0;0
MAT023;Engenharias;Engenharia Mecânica;Semipresencial;MAT023_D032;Disciplina 32 - Engenharia Mecânica;Sim;120;50;40;30;0;0;0;0;0
MAT023;Engenharias;Engenharia Mecânica;Semipresencial;MAT023_D033;Disciplina 33 - Engenharia Mecânica;Sim;120;30;70;20;0;0;0;0;0
MAT023;Engenharias;Engenharia Mecânica;Semipresencial;MAT023_D034;Disciplina 34 - Engenharia Mecânica [PROJETO DE EXTENSÃO];Não;60;0;20;0;0;0;0;40;0
MAT023;Engenharias;Engenharia Mecânica;Semipresencial;MAT023_D035;Disciplina 35 - Engenharia Mecânica [PROJETO DE EXTENSÃO];Sim;120;20;30;10;0;0;0;60;0
MAT023;Engenharias;Engenharia Mecânica;Semipresencial;MAT023_D036;Disciplina 36 - Engenharia Mecânica;Não;80;20;50;10;0;0;0;0;0
MAT023;Engenharias;Engenharia Mecânica;Semipresencial;MAT023_D037;Disciplina 37 - Engenharia Mecânica;Sim;120;30;50;40;0;0;0;0;0
MAT023;Engenharias;Engenharia Mecânica;Semipresencial;MAT023_D038;Disciplina 38 - Engenharia Mecânica [PROJETO DE EXTENSÃO];Não;120;20;30;10;0;0;0;60;0
MAT023;Engenharias;Engenharia Mecânica;Semipresencial;MAT023_D039;Disciplina 39 - Engenharia Mecânica;Sim;120;30;70;20;0;0;0;0;0
MAT023;Engenharias;Engenharia Mecânica;Semipresencial;MAT023_D040;Disciplina 40 - Engenharia Mecânica;Sim;40;10;30;0;0;0;0;0;0
MAT023;Engenharias;Engenharia Mecânica;Semipresencial;MAT023_D041;Disciplina 41 - Engenharia Mecânica;Sim;80;20;50;10;0;0;0;0;0
MAT023;Engenharias;Engenharia Mecânica;Semipresencial;MAT023_D042;Disciplina 42 - Engenharia Mecânica;Não;120;40;60;20;0;0;0;0;0
MAT023;Engenharias;Engenharia Mecânica;Semipresencial;MAT023_D043;Disciplina 43 - Engenharia Mecânica;Não;80;20;40;20;0;0;0;0;0
MAT023;Engenharias;Engenharia Mecânica;Semipresencial;MAT023_D044;Disciplina 44 - Engenharia Mecânica;Sim;80;30;30;20;0;0;0;0;0
MAT023;Engenharias;Engenharia Mecânica;Semipresencial;MAT023_D045;Disciplina 45 - Engenharia Mecânica [PROJETO DE EXTENSÃO];Sim;80;10;20;10;0;0;0;40;0
MAT023;Engenharias;Engenharia Mecânica;Semipresencial;MAT023_D046;Disciplina 46 - Engenharia Mecânica;Sim;60;20;20;20;0;0;0;0;0
MAT023;Engenharias;Engenharia Mecânica;Semipresencial;MAT023_D047;Estágio Supervisionado - Engenharia Mecânica;Não;120;0;0;0;0;0;120;0;0
MAT023;Engenharias;Engenharia Mecânica;Semipresencial;MAT023_D048;Estágio Supervisionado - Engenharia Mecânica;Não;40;0;0;0;0;0;40;0;0
MAT024;Saúde;Medicina;Presencial;MAT024_D001;Disciplina 1 - Medicina;Não;80;0;0;0;80;0;0;0;1
MAT024;Saúde;Medicina;Presencial;MAT024_D002;Disciplina 2 - Medicina;Não;60;0;0;0;60;0;0;0;1
MAT024;Saúde;Medicina;Presencial;MAT024_D003;Disciplina 3 - Medicina;Sim;40;0;0;0;40;0;0;0;1
MAT024;Saúde;Medicina;Presencial;MAT024_D004;Disciplina 4 - Medicina [PROJETO DE EXTENSÃO];Sim;80;0;0;0;20;0;0;60;1
MAT024;Saúde;Medicina;Presencial;MAT024_D005;Disciplina 5 - Medicina;Não;40;0;0;0;40;0;0;0;1
MAT024;Saúde;Medicina;Presencial;MAT024_D006;Disciplina 6 - Medicina;Sim;120;0;0;0;120;0;0;0;1
MAT024;Saúde;Medicina;Presencial;MAT024_D007;Disciplina 7 - Medicina;Não;80;0;0;0;80;0;0;0;1
MAT024;Saúde;Medicina;Presencial;MAT024_D008;Disciplina 8 - Medicina;Não;120;0;0;0;120;0;0;0;1
MAT024;Saúde;Medicina;Presencial;MAT024_D009;Disciplina 9 - Medicina;Não;40;0;0;0;40;0;0;0;1
MAT024;Saúde;Medicina;Presencial;MAT024_D010;Disciplina 10 - Medicina;Sim;80;0;0;0;80;0;0;0;1
MAT024;Saúde;Medicina;Presencial;MAT024_D011;Disciplina 11 - Medicina [PROJETO DE EXTENSÃO];Sim;80;0;0;0;20;0;0;60;1
MAT024;Saúde;Medicina;Presencial;MAT024_D012;Disciplina 12 - Medicina;Sim;80;0;0;0;80;0;0;0;1
MAT024;Saúde;Medicina;Presencial;MAT024_D013;Disciplina 13 - Medicina;Não;40;0;0;0;40;0;0;0;1
MAT024;Saúde;Medicina;Presencial;MAT024_D014;Disciplina 14 - Medicina;Não;60;0;0;0;60;0;0;0;1
MAT024;Saúde;Medicina;Presencial;MAT024_D015;Disciplina 15 - Medicina;Não;60;0;0;0;60;0;0;0;1
MAT024;Saúde;Medicina;Presencial;MAT024_D016;Disciplina 16 - Medicina;Não;120;0;0;0;120;0;0;0;1
MAT024;Saúde;Medicina;Presencial;MAT024_D017;Disciplina 17 - Medicina;Sim;60;0;0;0;60;0;0;0;1
MAT024;Saúde;Medicina;Presencial;MAT024_D018;Disciplina 18 - Medicina;Não;40;0;0;0;40;0;0;0;1
MAT024;Saúde;Medicina;Presencial;MAT024_D019;Disciplina 19 - Medicina;Sim;80;0;0;0;80;0;0;0;1
MAT024;Saúde;Medicina;Presencial;MAT024_D020;Disciplina 20 - Medicina;Não;80;0;0;0;80;0;0;0;1
MAT024;Saúde;Medicina;Presencial;MAT024_D021;Disciplina 21 - Medicina;Não;40;0;0;0;40;0;0;0;1
MAT024;Saúde;Medicina;Presencial;MAT024_D022;Disciplina 22 - Medicina [PROJETO DE EXTENSÃO];Sim;80;0;0;0;40;0;0;40;1
MAT024;Saúde;Medicina;Presencial;MAT024_D023;Disciplina 23 - Medicina;Não;60;0;0;0;60;0;0;0;1
MAT024;Saúde;Medicina;Presencial;MAT024_D024;Disciplina 24 - Medicina;Não;120;0;0;0;120;0;0;0;1
MAT024;Saúde;Medicina;Presencial;MAT024_D025;Disciplina 25 - Medicina;Não;40;0;0;0;40;0;0;0;1
MAT024;Saúde;Medicina;Presencial;MAT024_D026;Disciplina 26 - Medicina [PROJETO DE EXTENSÃO];Sim;80;0;0;0;20;0;0;60;1
MAT024;Saúde;Medicina;Presencial;MAT024_D027;Disciplina 27 - Medicina;Sim;40;0;0;0;40;0;0;0;1
MAT024;Saúde;Medicina;Presencial;MAT024_D028;Disciplina 28 - Medicina;Sim;60;10;30;20;0;0;0;0;0
MAT024;Saúde;Medicina;Presencial;MAT024_D029;Disciplina 29 - Medicina;Sim;80;10;40;30;0;0;0;0;0
MAT024;Saúde;Medicina;Presencial;MAT024_D030;Disciplina 30 - Medicina [PROJETO DE EXTENSÃO];Não;80;0;20;0;0;0;0;60;0
MAT024;Saúde;Medicina;Presencial;MAT024_D031;Disciplina 31 - Medicina;Não;80;20;20;40;0;0;0;0;0
MAT024;Saúde;Medicina;Presencial;MAT024_D032;Disciplina 32 - Medicina;Sim;80;20;20;40;0;0;0;0;0
MAT024;Saúde;Medicina;Presencial;MAT024_D033;Disciplina 33 - Medicina;Não;40;0;30;10;0;0;0;0;0
MAT024;Saúde;Medicina;Presencial;MAT024_D034;Disciplina 34 - Medicina;Sim;60;10;20;30;0;0;0;0;0
MAT024;Saúde;Medicina;Presencial;MAT024_D035;Disciplina 35 - Medicina;Não;60;10;20;30;0;0;0;0;0
MAT024;Saúde;Medicina;Presencial;MAT024_D036;Disciplina 36 - Medicina;Não;120;30;30;60;0;0;0;0;0
MAT024;Saúde;Medicina;Presencial;MAT024_D037;Disciplina 37 - Medicina;Não;40;10;10;20;0;0;0;0;0
MAT024;Saúde;Medicina;Presencial;MAT024_D038;Disciplina 38 - Medicina;Não;60;10;30;20;0;0;0;0;0
MAT024;Saúde;Medicina;Presencial;MAT024_D039;Disciplina 39 - Medicina;Não;40;10;10;20;0;0;0;0;0
MAT024;Saúde;Medicina;Presencial;MAT024_D040;Disciplina 40 - Medicina;Não;40;0;30;10;0;0;0;0;0
MAT024;Saúde;Medicina;Presencial;MAT024_D041;Disciplina 41 - Medicina;Não;60;10;30;20;0;0;0;0;0
MAT024;Saúde;Medicina;Presencial;MAT024_D042;Disciplina 42 - Medicina;Sim;120;20;60;40;0;0;0;0;0
MAT024;Saúde;Medicina;Presencial;MAT024_D043;Disciplina 43 - Medicina;Não;120;30;50;40;0;0;0;0;0
MAT024;Saúde;Medicina;Presencial;MAT024_D044;Disciplina 44 - Medicina;Não;120;30;30;60;0;0;0;0;0
MAT024;Saúde;Medicina;Presencial;MAT024_D045;Disciplina 45 - Medicina;Sim;80;20;20;40;0;0;0;0;0
MAT024;Saúde;Medicina;Presencial;MAT024_D046;Disciplina 46 - Medicina [PROJETO DE EXTENSÃO];Não;60;0;10;10;0;0;0;40;0
MAT024;Saúde;Medicina;Presencial;MAT024_D047;Disciplina 47 - Medicina;Não;80;10;40;30;0;0;0;0;0
MAT024;Saúde;Medicina;Presencial;MAT024_D048;Disciplina 48 - Medicina;Sim;80;10;40;30;0;0;0;0;0
MAT024;Saúde;Medicina;Presencial;MAT024_D049;Disciplina 49 - Medicina;Sim;80;20;20;40;0;0;0;0;0
MAT024;Saúde;Medicina;Presencial;MAT024_D050;Disciplina 50 - Medicina;Não;40;10;10;20;0;0;0;0;0
MAT024;Saúde;Medicina;Presencial;MAT024_D051;Disciplina 51 - Medicina;Não;40;0;30;10;0;0;0;0;0
MAT024;Saúde;Medicina;Presencial;MAT024_D052;Disciplina 52 - Medicina;Não;60;10;30;20;0;0;0;0;0
MAT024;Saúde;Medicina;Presencial;MAT024_D053;Disciplina 53 - Medicina;Sim;60;10;20;30;0;0;0;0;0
MAT024;Saúde;Medicina;Presencial;MAT024_D054;Disciplina 54 - Medicina;Não;40;10;10;20;0;0;0;0;0
MAT024;Saúde;Medicina;Presencial;MAT024_D055;Disciplina 55 - Medicina;Sim;40;10;20;10;0;0;0;0;0
MAT024;Saúde;Medicina;Presencial;MAT024_D056;Estágio Supervisionado - Medicina;Não;80;0;0;0;0;0;80;0;0
MAT024;Saúde;Medicina;Presencial;MAT024_D057;Estágio Supervisionado - Medicina;Não;100;0;0;0;0;0;100;0;0
MAT025;Negócios;Marketing;Semipresencial;MAT025_D001;Disciplina 1 - Marketing;Sim;40;0;0;0;40;0;0;0;1
MAT025;Negócios;Marketing;Semipresencial;MAT025_D002;Disciplina 2 - Marketing [PROJETO DE EXTENSÃO];Não;80;0;0;0;20;0;0;60;1
MAT025;Negócios;Marketing;Semipresencial;MAT025_D003;Disciplina 3 - Marketing;Sim;120;0;0;0;100;20;0;0;1
MAT025;Negócios;Marketing;Semipresencial;MAT025_D004;Disciplina 4 - Marketing;Não;40;0;0;0;40;0;0;0;1
MAT025;Negócios;Marketing;Semipresencial;MAT025_D005;Disciplina 5 - Marketing;Sim;80;0;0;0;70;10;0;0;1
MAT025;Negócios;Marketing;Semipresencial;MAT025_D006;Disciplina 6 - Marketing;Não;120;0;0;0;100;20;0;0;1
MAT025;Negócios;Marketing;Semipresencial;MAT025_D007;Disciplina 7 - Marketing [PROJETO DE EXTENSÃO];Sim;80;0;0;0;30;10;0;40;1
MAT025;Negócios;Marketing;Semipresencial;MAT025_D008;Disciplina 8 - Marketing;Sim;40;0;0;0;40;0;0;0;1
MAT025;Negócios;Marketing;Semipresencial;MAT025_D009;Disciplina 9 - Marketing;Não;60;0;0;0;50;10;0;0;1
MAT025;Negócios;Marketing;Semipresencial;MAT025_D010;Disciplina 10 - Marketing;Sim;120;0;0;0;90;30;0;0;1
MAT025;Negócios;Marketing;Semipresencial;MAT025_D011;Disciplina 11 - Marketing;Não;40;0;0;0;40;0;0;0;1
MAT025;Negócios;Marketing;Semipresencial;MAT025_D012;Disciplina 12 - Marketing;Não;40;0;0;0;40;0;0;0;1
MAT025;Negócios;Marketing;Semipresencial;MAT025_D013;Disciplina 13 - Marketing;Sim;60;0;0;0;50;10;0;0;1
MAT025;Negócios;Marketing;Semipresencial;MAT025_D014;Disciplina 14 - Marketing;Não;80;0;0;0;70;10;0;0;1
MAT025;Negócios;Marketing;Semipresencial;MAT025_D015;Disciplina 15 - Marketing;Não;60;0;0;0;50;10;0;0;1
MAT025;Negócios;Marketing;Semipresencial;MAT025_D016;Disciplina 16 - Marketing;Sim;60;0;0;0;50;10;0;0;1
MAT025;Negócios;Marketing;Semipresencial;MAT025_D017;Disciplina 17 - Marketing;Não;80;0;0;0;60;20;0;0;1
MAT025;Negócios;Marketing;Semipresencial;MAT025_D018;Disciplina 18 - Marketing;Não;80;0;0;0;70;10;0;0;1
MAT025;Negócios;Marketing;Semipresencial;MAT025_D019;Disciplina 19 - Marketing;Não;80;0;0;0;70;10;0;0;1
MAT025;Negócios;Marketing;Semipresencial;MAT025_D020;Disciplina 20 - Marketing;Não;40;0;0;0;30;10;0;0;1
MAT025;Negócios;Marketing;Semipresencial;MAT025_D021;Disciplina 21 - Marketing;Não;40;0;0;0;40;0;0;0;1
MAT025;Negócios;Marketing;Semipresencial;MAT025_D022;Disciplina 22 - Marketing;Não;120;0;0;0;100;20;0;0;1
MAT025;Negócios;Marketing;Semipresencial;MAT025_D023;Disciplina 23 - Marketing;Sim;120;0;0;0;90;30;0;0;1
MAT025;Negócios;Marketing;Semipresencial;MAT025_D024;Disciplina 24 - Marketing;Não;60;40;20;0;0;0;0;0;0
MAT025;Negócios;Marketing;Semipresencial;MAT025_D025;Disciplina 25 - Marketing;Não;60;40;20;0;0;0;0;0;0
MAT025;Negócios;Marketing;Semipresencial;MAT025_D026;Disciplina 26 - Marketing [PROJETO DE EXTENSÃO];Não;120;40;20;0;0;0;0;60;0
MAT025;Negócios;Marketing;Semipresencial;MAT025_D027;Disciplina 27 - Marketing;Não;60;30;30;0;0;0;0;0;0
MAT025;Negócios;Marketing;Semipresencial;MAT025_D028;Disciplina 28 - Marketing;Não;80;50;30;0;0;0;0;0;0
MAT025;Negócios;Marketing;Semipresencial;MAT025_D029;Disciplina 29 - Marketing;Sim;40;20;20;0;0;0;0;0;0
MAT025;Negócios;Marketing;Semipresencial;MAT025_D030;Disciplina 30 - Marketing;Sim;120;70;50;0;0;0;0;0;0
MAT025;Negócios;Marketing;Semipresencial;MAT025_D031;Disciplina 31 - Marketing;Não;40;20;20;0;0;0;0;0;0
MAT025;Negócios;Marketing;Semipresencial;MAT025_D032;Disciplina 32 - Marketing;Sim;120;90;30;0;0;0;0;0;0
MAT025;Negócios;Marketing;Semipresencial;MAT025_D033;Disciplina 33 - Marketing;Não;40;20;20;0;0;0;0;0;0
MAT025;Negócios;Marketing;Semipresencial;MAT025_D034;Disciplina 34 - Marketing;Sim;120;70;50;0;0;0;0;0;0
MAT025;Negócios;Marketing;Semipresencial;MAT025_D035;Disciplina 35 - Marketing;Não;40;20;20;0;0;0;0;0;0
MAT025;Negócios;Marketing;Semipresencial;MAT025_D036;Disciplina 36 - Marketing;Não;80;60;20;0;0;0;0;0;0
MAT025;Negócios;Marketing;Semipresencial;MAT025_D037;Disciplina 37 - Marketing;Não;120;70;50;0;0;0;0;0;0
MAT025;Negócios;Marketing;Semipresencial;MAT025_D038;Disciplina 38 - Marketing;Não;120;70;50;0;0;0;0;0;0
MAT025;Negócios;Marketing;Semipresencial;MAT025_D039;Disciplina 39 - Marketing;Não;120;90;30;0;0;0;0;0;0
MAT025;Negócios;Marketing;Semipresencial;MAT025_D040;Disciplina 40 - Marketing;Não;80;40;40;0;0;0;0;0;0
MAT025;Negócios;Marketing;Semipresencial;MAT025_D041;Disciplina 41 - Marketing;Não;40;30;10;0;0;0;0;0;0
MAT025;Negócios;Marketing;Semipresencial;MAT025_D042;Estágio Supervisionado - Marketing;Não;60;0;0;0;0;0;60;0;0
MAT026;Saúde;Biomedicina;Presencial;MAT026_D001;Disciplina 1 - Biomedicina;Não;80;0;0;0;80;0;0;0;1
MAT026;Saúde;Biomedicina;Presencial;MAT026_D002;Disciplina 2 - Biomedicina;Não;40;0;0;0;40;0;0;0;1
MAT026;Saúde;Biomedicina;Presencial;MAT026_D003;Disciplina 3 - Biomedicina [PROJETO DE EXTENSÃO];Não;120;0;0;0;80;0;0;40;1
MAT026;Saúde;Biomedicina;Presencial;MAT026_D004;Disciplina 4 - Biomedicina;Não;40;0;0;0;40;0;0;0;1
MAT026;Saúde;Biomedicina;Presencial;MAT026_D005;Disciplina 5 - Biomedicina;Sim;60;0;0;0;60;0;0;0;1
MAT026;Saúde;Biomedicina;Presencial;MAT026_D006;Disciplina 6 - Biomedicina;Não;120;0;0;0;120;0;0;0;1
MAT026;Saúde;Biomedicina;Presencial;MAT026_D007;Disciplina 7 - Biomedicina [PROJETO DE EXTENSÃO];Sim;120;0;0;0;60;0;0;60;1
MAT026;Saúde;Biomedicina;Presencial;MAT026_D008;Disciplina 8 - Biomedicina;Sim;40;0;0;0;40;0;0;0;1
MAT026;Saúde;Biomedicina;Presencial;MAT026_D009;Disciplina 9 - Biomedicina;Não;120;0;0;0;120;0;0;0;1
MAT026;Saúde;Biomedicina;Presencial;MAT026_D010;Disciplina 10 - Biomedicina;Não;80;0;0;0;80;0;0;0;1
MAT026;Saúde;Biomedicina;Presencial;MAT026_D011;Disciplina 11 - Biomedicina;Não;80;0;0;0;80;0;0;0;1
MAT026;Saúde;Biomedicina;Presencial;MAT026_D012;Disciplina 12 - Biomedicina;Sim;60;0;0;0;60;0;0;0;1
MAT026;Saúde;Biomedicina;Presencial;MAT026_D013;Disciplina 13 - Biomedicina;Não;80;0;0;0;80;0;0;0;1
MAT026;Saúde;Biomedicina;Presencial;MAT026_D014;Disciplina 14 - Biomedicina;Não;60;0;0;0;60;0;0;0;1
MAT026;Saúde;Biomedicina;Presencial;MAT026_D015;Disciplina 15 - Biomedicina;Não;40;0;0;0;40;0;0;0;1
MAT026;Saúde;Biomedicina;Presencial;MAT026_D016;Disciplina 16 - Biomedicina;Não;40;0;0;0;40;0;0;0;1
MAT026;Saúde;Biomedicina;Presencial;MAT026_D017;Disciplina 17 - Biomedicina;Sim;60;0;0;0;60;0;0;0;1
MAT026;Saúde;Biomedicina;Presencial;MAT026_D018;Disciplina 18 - Biomedicina;Não;80;10;30;40;0;0;0;0;0
MAT026;Saúde;Biomedicina;Presencial;MAT026_D019;Disciplina 19 - Biomedicina;Não;80;20;30;30;0;0;0;0;0
MAT026;Saúde;Biomedicina;Presencial;MAT026_D020;Disciplina 20 - Biomedicina;Sim;60;10;30;20;0;0;0;0;0
MAT026;Saúde;Biomedicina;Presencial;MAT026_D021;Disciplina 21 - Biomedicina;Não;60;10;30;20;0;0;0;0;0
MAT026;Saúde;Biomedicina;Presencial;MAT026_D022;Disciplina 22 - Biomedicina;Não;40;10;10;20;0;0;0;0;0
MAT026;Saúde;Biomedicina;Presencial;MAT026_D023;Disciplina 23 - Biomedicina;Sim;60;10;20;30;0;0;0;0;0
MAT026;Saúde;Biomedicina;Presencial;MAT026_D024;Disciplina 24 - Biomedicina;Sim;80;10;30;40;0;0;0;0;0
MAT026;Saúde;Biomedicina;Presencial;MAT026_D025;Disciplina 25 - Biomedicina [PROJETO DE EXTENSÃO];Sim;60;0;10;10;0;0;0;40;0
MAT026;Saúde;Biomedicina;Presencial;MAT026_D026;Disciplina 26 - Biomedicina;Sim;60;10;30;20;0;0;0;0;0
MAT026;Saúde;Biomedicina;Presencial;MAT026_D027;Disciplina 27 - Biomedicina;Sim;60;10;20;30;0;0;0;0;0
MAT026;Saúde;Biomedicina;Presencial;MAT026_D028;Disciplina 28 - Biomedicina;Não;40;10;10;20;0;0;0;0;0
MAT026;Saúde;Biomedicina;Presencial;MAT026_D029;Disciplina 29 - Biomedicina;Não;60;10;20;30;0;0;0;0;0
MAT026;Saúde;Biomedicina;Presencial;MAT026_D030;Disciplina 30 - Biomedicina [PROJETO DE EXTENSÃO];Não;120;10;30;40;0;0;0;40;0
MAT026;Saúde;Biomedicina;Presencial;MAT026_D031;Disciplina 31 - Biomedicina [PROJETO DE EXTENSÃO];Não;120;10;30;40;0;0;0;40;0
MAT026;Saúde;Biomedicina;Presencial;MAT026_D032;Disciplina 32 - Biomedicina;Não;120;30;40;50;0;0;0;0;0
MAT026;Saúde;Biomedicina;Presencial;MAT026_D033;Disciplina 33 - Biomedicina;Não;80;20;30;30;0;0;0;0;0
MAT026;Saúde;Biomedicina;Presencial;MAT026_D034;Disciplina 34 - Biomedicina;Não;80;20;20;40;0;0;0;0;0
MAT026;Saúde;Biomedicina;Presencial;MAT026_D035;Disciplina 35 - Biomedicina;Não;60;10;30;20;0;0;0;0;0
MAT026;Saúde;Biomedicina;Presencial;MAT026_D036;Disciplina 36 - Biomedicina;Não;120;20;50;50;0;0;0;0;0
MAT026;Saúde;Biomedicina;Presencial;MAT026_D037;Disciplina 37 - Biomedicina;Sim;40;10;10;20;0;0;0;0;0
MAT026;Saúde;Biomedicina;Presencial;MAT026_D038;Disciplina 38 - Biomedicina;Não;120;20;50;50;0;0;0;0;0
MAT026;Saúde;Biomedicina;Presencial;MAT026_D039;Disciplina 39 - Biomedicina;Não;120;30;30;60;0;0;0;0;0
MAT026;Saúde;Biomedicina;Presencial;MAT026_D040;Disciplina 40 - Biomedicina [PROJETO DE EXTENSÃO];Sim;80;10;20;10;0;0;0;40;0
MAT026;Saúde;Biomedicina;Presencial;MAT026_D041;Disciplina 41 - Biomedicina;Não;80;10;30;40;0;0;0;0;0
MAT026;Saúde;Biomedicina;Presencial;MAT026_D042;Disciplina 42 - Biomedicina;Não;40;0;30;10;0;0;0;0;0
MAT026;Saúde;Biomedicina;Presencial;MAT026_D043;Disciplina 43 - Biomedicina;Sim;80;10;40;30;0;0;0;0;0
MAT026;Saúde;Biomedicina;Presencial;MAT026_D044;Disciplina 44 - Biomedicina;Sim;40;10;20;10;0;0;0;0;0
MAT026;Saúde;Biomedicina;Presencial;MAT026_D045;Disciplina 45 - Biomedicina;Não;80;10;40;30;0;0;0;0;0
MAT026;Saúde;Biomedicina;Presencial;MAT026_D046;Estágio Supervisionado - Biomedicina;Não;120;0;0;0;0;0;120;0;0
MAT026;Saúde;Biomedicina;Presencial;MAT026_D047;Estágio Supervisionado - Biomedicina;Não;120;0;0;0;0;0;120;0;0
MAT027;Saúde;Enfermagem;Presencial;MAT027_D001;Disciplina 1 - Enfermagem;Sim;40;0;0;0;40;0;0;0;1
MAT027;Saúde;Enfermagem;Presencial;MAT027_D002;Disciplina 2 - Enfermagem;Não;120;0;0;0;120;0;0;0;1
MAT027;Saúde;Enfermagem;Presencial;MAT027_D003;Disciplina 3 - Enfermagem;Não;120;0;0;0;120;0;0;0;1
MAT027;Saúde;Enfermagem;Presencial;MAT027_D004;Disciplina 4 - Enfermagem;Não;40;0;0;0;40;0;0;0;1
MAT027;Saúde;Enfermagem;Presencial;MAT027_D005;Disciplina 5 - Enfermagem;Não;120;0;0;0;120;0;0;0;1
MAT027;Saúde;Enfermagem;Presencial;MAT027_D006;Disciplina 6 - Enfermagem;Não;60;10;20;30;0;0;0;0;0
MAT027;Saúde;Enfermagem;Presencial;MAT027_D007;Disciplina 7 - Enfermagem;Sim;80;10;40;30;0;0;0;0;0
MAT027;Saúde;Enfermagem;Presencial;MAT027_D008;Disciplina 8 - Enfermagem [PROJETO DE EXTENSÃO];Não;120;10;30;20;0;0;0;60;0
MAT027;Saúde;Enfermagem;Presencial;MAT027_D009;Disciplina 9 - Enfermagem;Sim;60;10;30;20;0;0;0;0;0
MAT027;Saúde;Enfermagem;Presencial;MAT027_D010;Disciplina 10 - Enfermagem;Não;40;0;30;10;0;0;0;0;0
MAT027;Saúde;Enfermagem;Presencial;MAT027_D011;Disciplina 11 - Enfermagem;Não;120;30;40;50;0;0;0;0;0
MAT027;Saúde;Enfermagem;Presencial;MAT027_D012;Disciplina 12 - Enfermagem;Sim;40;0;30;10;0;0;0;0;0
MAT027;Saúde;Enfermagem;Presencial;MAT027_D013;Disciplina 13 - Enfermagem;Não;80;10;40;30;0;0;0;0;0
MAT027;Saúde;Enfermagem;Presencial;MAT027_D014;Disciplina 14 - Enfermagem;Não;40;10;20;10;0;0;0;0;0
MAT027;Saúde;Enfermagem;Presencial;MAT027_D015;Disciplina 15 - Enfermagem;Não;60;10;30;20;0;0;0;0;0
MAT027;Saúde;Enfermagem;Presencial;MAT027_D016;Disciplina 16 - Enfermagem;Sim;40;10;10;20;0;0;0;0;0
MAT027;Saúde;Enfermagem;Presencial;MAT027_D017;Disciplina 17 - Enfermagem;Não;60;10;30;20;0;0;0;0;0
MAT027;Saúde;Enfermagem;Presencial;MAT027_D018;Disciplina 18 - Enfermagem;Sim;120;20;60;40;0;0;0;0;0
MAT027;Saúde;Enfermagem;Presencial;MAT027_D019;Disciplina 19 - Enfermagem;Não;120;20;30;70;0;0;0;0;0
MAT027;Saúde;Enfermagem;Presencial;MAT027_D020;Disciplina 20 - Enfermagem;Não;60;10;20;30;0;0;0;0;0
MAT027;Saúde;Enfermagem;Presencial;MAT027_D021;Disciplina 21 - Enfermagem;Sim;80;10;30;40;0;0;0;0;0
MAT027;Saúde;Enfermagem;Presencial;MAT027_D022;Disciplina 22 - Enfermagem [PROJETO DE EXTENSÃO];Não;80;0;10;10;0;0;0;60;0
MAT027;Saúde;Enfermagem;Presencial;MAT027_D023;Disciplina 23 - Enfermagem;Não;80;20;30;30;0;0;0;0;0
MAT027;Saúde;Enfermagem;Presencial;MAT027_D024;Disciplina 24 - Enfermagem;Sim;120;30;30;60;0;0;0;0;0
MAT027;Saúde;Enfermagem;Presencial;MAT027_D025;Disciplina 25 - Enfermagem;Não;120;30;40;50;0;0;0;0;0
MAT027;Saúde;Enfermagem;Presencial;MAT027_D026;Disciplina 26 - Enfermagem [PROJETO DE EXTENSÃO];Não;80;10;10;20;0;0;0;40;0
MAT027;Saúde;Enfermagem;Presencial;MAT027_D027;Disciplina 27 - Enfermagem;Não;40;0;30;10;0;0;0;0;0
MAT027;Saúde;Enfermagem;Presencial;MAT027_D028;Disciplina 28 - Enfermagem;Não;80;20;20;40;0;0;0;0;0
MAT027;Saúde;Enfermagem;Presencial;MAT027_D029;Disciplina 29 - Enfermagem;Não;40;0;30;10;0;0;0;0;0
MAT027;Saúde;Enfermagem;Presencial;MAT027_D030;Disciplina 30 - Enfermagem;Sim;80;10;30;40;0;0;0;0;0
MAT027;Saúde;Enfermagem;Presencial;MAT027_D031;Disciplina 31 - Enfermagem;Sim;40;10;20;10;0;0;0;0;0
MAT027;Saúde;Enfermagem;Presencial;MAT027_D032;Disciplina 32 - Enfermagem;Não;120;30;40;50;0;0;0;0;0
MAT027;Saúde;Enfermagem;Presencial;MAT027_D033;Disciplina 33 - Enfermagem;Sim;80;10;30;40;0;0;0;0;0
MAT027;Saúde;Enfermagem;Presencial;MAT027_D034;Disciplina 34 - Enfermagem;Sim;80;20;20;40;0;0;0;0;0
MAT027;Saúde;Enfermagem;Presencial;MAT027_D035;Disciplina 35 - Enfermagem;Não;60;10;20;30;0;0;0;0;0
MAT027;Saúde;Enfermagem;Presencial;MAT027_D036;Disciplina 36 - Enfermagem [PROJETO DE EXTENSÃO];Não;80;0;20;0;0;0;0;60;0
MAT027;Saúde;Enfermagem;Presencial;MAT027_D037;Disciplina 37 - Enfermagem;Não;40;10;10;20;0;0;0;0;0
MAT027;Saúde;Enfermagem;Presencial;MAT027_D038;Disciplina 38 - Enfermagem;Sim;60;10;20;30;0;0;0;0;0
MAT027;Saúde;Enfermagem;Presencial;MAT027_D039;Estágio Supervisionado - Enfermagem;Não;80;0;0;0;0;0;80;0;0
MAT027;Saúde;Enfermagem;Presencial;MAT027_D040;Estágio Supervisionado - Enfermagem;Não;20;0;0;0;0;0;20;0;0
MAT028;Negócios;Ciências Contábeis;Semipresencial;MAT028_D001;Disciplina 1 - Ciências Contábeis;Não;120;0;0;0;100;20;0;0;1
MAT028;Negócios;Ciências Contábeis;Semipresencial;MAT028_D002;Disciplina 2 - Ciências Contábeis;Sim;80;0;0;0;70;10;0;0;1
MAT028;Negócios;Ciências Contábeis;Semipresencial;MAT028_D003;Disciplina 3 - Ciências Contábeis;Sim;60;0;0;0;50;10;0;0;1
MAT028;Negócios;Ciências Contábeis;Semipresencial;MAT028_D004;Disciplina 4 - Ciências Contábeis;Sim;40;0;0;0;30;10;0;0;1
MAT028;Negócios;Ciências Contábeis;Semipresencial;MAT028_D005;Disciplina 5 - Ciências Contábeis;Não;120;0;0;0;90;30;0;0;1
MAT028;Negócios;Ciências Contábeis;Semipresencial;MAT028_D006;Disciplina 6 - Ciências Contábeis;Não;80;0;0;0;70;10;0;0;1
MAT028;Negócios;Ciências Contábeis;Semipresencial;MAT028_D007;Disciplina 7 - Ciências Contábeis;Sim;40;0;0;0;40;0;0;0;1
MAT028;Negócios;Ciências Contábeis;Semipresencial;MAT028_D008;Disciplina 8 - Ciências Contábeis;Sim;80;0;0;0;70;10;0;0;1
MAT028;Negócios;Ciências Contábeis;Semipresencial;MAT028_D009;Disciplina 9 - Ciências Contábeis;Não;80;0;0;0;70;10;0;0;1
MAT028;Negócios;Ciências Contábeis;Semipresencial;MAT028_D010;Disciplina 10 - Ciências Contábeis;Não;60;0;0;0;50;10;0;0;1
MAT028;Negócios;Ciências Contábeis;Semipresencial;MAT028_D011;Disciplina 11 - Ciências Contábeis;Sim;60;0;0;0;50;10;0;0;1
MAT028;Negócios;Ciências Contábeis;Semipresencial;MAT028_D012;Disciplina 12 - Ciências Contábeis;Sim;80;0;0;0;60;20;0;0;1
MAT028;Negócios;Ciências Contábeis;Semipresencial;MAT028_D013;Disciplina 13 - Ciências Contábeis;Não;120;0;0;0;100;20;0;0;1
MAT028;Negócios;Ciências Contábeis;Semipresencial;MAT028_D014;Disciplina 14 - Ciências Contábeis [PROJETO DE EXTENSÃO];Não;60;0;0;0;20;0;0;40;1
MAT028;Negócios;Ciências Contábeis;Semipresencial;MAT028_D015;Disciplina 15 - Ciências Contábeis;Sim;60;0;0;0;50;10;0;0;1
MAT028;Negócios;Ciências Contábeis;Semipresencial;MAT028_D016;Disciplina 16 - Ciências Contábeis;Sim;60;0;0;0;50;10;0;0;1
MAT028;Negócios;Ciências Contábeis;Semipresencial;MAT028_D017;Disciplina 17 - Ciências Contábeis;Sim;60;0;0;0;50;10;0;0;1
MAT028;Negócios;Ciências Contábeis;Semipresencial;MAT028_D018;Disciplina 18 - Ciências Contábeis;Não;40;20;20;0;0;0;0;0;0
MAT028;Negócios;Ciências Contábeis;Semipresencial;MAT028_D019;Disciplina 19 - Ciências Contábeis;Sim;80;40;40;0;0;0;0;0;0
MAT028;Negócios;Ciências Contábeis;Semipresencial;MAT028_D020;Disciplina 20 - Ciências Contábeis;Sim;40;20;20;0;0;0;0;0;0
MAT028;Negócios;Ciências Contábeis;Semipresencial;MAT028_D021;Disciplina 21 - Ciências Contábeis;Não;40;20;20;0;0;0;0;0;0
MAT028;Negócios;Ciências Contábeis;Semipresencial;MAT028_D022;Disciplina 22 - Ciências Contábeis;Não;80;50;30;0;0;0;0;0;0
MAT028;Negócios;Ciências Contábeis;Semipresencial;MAT028_D023;Disciplina 23 - Ciências Contábeis;Sim;60;40;20;0;0;0;0;0;0
MAT028;Negócios;Ciências Contábeis;Semipresencial;MAT028_D024;Disciplina 24 - Ciências Contábeis;Não;120;60;60;0;0;0;0;0;0
MAT028;Negócios;Ciências Contábeis;Semipresencial;MAT028_D025;Disciplina 25 - Ciências Contábeis;Não;60;40;20;0;0;0;0;0;0
MAT028;Negócios;Ciências Contábeis;Semipresencial;MAT028_D026;Disciplina 26 - Ciências Contábeis;Não;60;40;20;0;0;0;0;0;0
MAT028;Negócios;Ciências Contábeis;Semipresencial;MAT028_D027;Disciplina 27 - Ciências Contábeis [PROJETO DE EXTENSÃO];Não;60;10;10;0;0;0;0;40;0
MAT028;Negócios;Ciências Contábeis;Semipresencial;MAT028_D028;Disciplina 28 - Ciências Contábeis [PROJETO DE EXTENSÃO];Não;60;10;10;0;0;0;0;40;0
MAT028;Negócios;Ciências Contábeis;Semipresencial;MAT028_D029;Disciplina 29 - Ciências Contábeis;Sim;120;80;40;0;0;0;0;0;0
MAT028;Negócios;Ciências Contábeis;Semipresencial;MAT028_D030;Disciplina 30 - Ciências Contábeis;Não;40;20;20;0;0;0;0;0;0
MAT028;Negócios;Ciências Contábeis;Semipresencial;MAT028_D031;Disciplina 31 - Ciências Contábeis;Sim;120;80;40;0;0;0;0;0;0
MAT028;Negócios;Ciências Contábeis;Semipresencial;MAT028_D032;Disciplina 32 - Ciências Contábeis;Não;80;40;40;0;0;0;0;0;0
MAT028;Negócios;Ciências Contábeis;Semipresencial;MAT028_D033;Disciplina 33 - Ciências Contábeis;Não;60;30;30;0;0;0;0;0;0
MAT028;Negócios;Ciências Contábeis;Semipresencial;MAT028_D034;Estágio Supervisionado - Ciências Contábeis;Não;20;0;0;0;0;0;20;0;0
MAT029;Tecnologia;Análise e Desenvolvimento de Sistemas;Semipresencial;MAT029_D001;Disciplina 1 - Análise e Desenvolvimento de Sistemas;Não;60;0;0;0;50;10;0;0;1
MAT029;Tecnologia;Análise e Desenvolvimento de Sistemas;Semipresencial;MAT029_D002;Disciplina 2 - Análise e Desenvolvimento de Sistemas;Não;80;0;0;0;70;10;0;0;1
MAT029;Tecnologia;Análise e Desenvolvimento de Sistemas;Semipresencial;MAT029_D003;Disciplina 3 - Análise e Desenvolvimento de Sistemas;Sim;120;0;0;0;90;30;0;0;1
MAT029;Tecnologia;Análise e Desenvolvimento de Sistemas;Semipresencial;MAT029_D004;Disciplina 4 - Análise e Desenvolvimento de Sistemas;Sim;60;0;0;0;50;10;0;0;1
MAT029;Tecnologia;Análise e Desenvolvimento de Sistemas;Semipresencial;MAT029_D005;Disciplina 5 - Análise e Desenvolvimento de Sistemas;Sim;80;0;0;0;70;10;0;0;1
MAT029;Tecnologia;Análise e Desenvolvimento de Sistemas;Semipresencial;MAT029_D006;Disciplina 6 - Análise e Desenvolvimento de Sistemas;Sim;120;0;0;0;90;30;0;0;1
MAT029;Tecnologia;Análise e Desenvolvimento de Sistemas;Semipresencial;MAT029_D007;Disciplina 7 - Análise e Desenvolvimento de Sistemas [PROJETO DE EXTENSÃO];Sim;120;0;0;0;50;10;0;60;1
MAT029;Tecnologia;Análise e Desenvolvimento de Sistemas;Semipresencial;MAT029_D008;Disciplina 8 - Análise e Desenvolvimento de Sistemas;Não;80;0;0;0;70;10;0;0;1
MAT029;Tecnologia;Análise e Desenvolvimento de Sistemas;Semipresencial;MAT029_D009;Disciplina 9 - Análise e Desenvolvimento de Sistemas;Não;120;0;0;0;100;20;0;0;1
MAT029;Tecnologia;Análise e Desenvolvimento de Sistemas;Semipresencial;MAT029_D010;Disciplina 10 - Análise e Desenvolvimento de Sistemas;Não;120;0;0;0;100;20;0;0;1
MAT029;Tecnologia;Análise e Desenvolvimento de Sistemas;Semipresencial;MAT029_D011;Disciplina 11 - Análise e Desenvolvimento de Sistemas;Não;60;0;0;0;50;10;0;0;1
MAT029;Tecnologia;Análise e Desenvolvimento de Sistemas;Semipresencial;MAT029_D012;Disciplina 12 - Análise e Desenvolvimento de Sistemas;Não;60;0;0;0;50;10;0;0;1
MAT029;Tecnologia;Análise e Desenvolvimento de Sistemas;Semipresencial;MAT029_D013;Disciplina 13 - Análise e Desenvolvimento de Sistemas;Sim;60;0;0;0;50;10;0;0;1
MAT029;Tecnologia;Análise e Desenvolvimento de Sistemas;Semipresencial;MAT029_D014;Disciplina 14 - Análise e Desenvolvimento de Sistemas;Não;80;0;0;0;70;10;0;0;1
MAT029;Tecnologia;Análise e Desenvolvimento de Sistemas;Semipresencial;MAT029_D015;Disciplina 15 - Análise e Desenvolvimento de Sistemas;Sim;40;0;0;0;40;0;0;0;1
MAT029;Tecnologia;Análise e Desenvolvimento de Sistemas;Semipresencial;MAT029_D016;Disciplina 16 - Análise e Desenvolvimento de Sistemas;Não;120;0;0;0;90;30;0;0;1
MAT029;Tecnologia;Análise e Desenvolvimento de Sistemas;Semipresencial;MAT029_D017;Disciplina 17 - Análise e Desenvolvimento de Sistemas;Sim;80;0;0;0;60;20;0;0;1
MAT029;Tecnologia;Análise e Desenvolvimento de Sistemas;Semipresencial;MAT029_D018;Disciplina 18 - Análise e Desenvolvimento de Sistemas;Sim;40;0;0;0;30;10;0;0;1
MAT029;Tecnologia;Análise e Desenvolvimento de Sistemas;Semipresencial;MAT029_D019;Disciplina 19 - Análise e Desenvolvimento de Sistemas;Sim;40;0;0;0;30;10;0;0;1
MAT029;Tecnologia;Análise e Desenvolvimento de Sistemas;Semipresencial;MAT029_D020;Disciplina 20 - Análise e Desenvolvimento de Sistemas;Sim;80;0;0;0;60;20;0;0;1
MAT029;Tecnologia;Análise e Desenvolvimento de Sistemas;Semipresencial;MAT029_D021;Disciplina 21 - Análise e Desenvolvimento de Sistemas;Não;40;10;20;10;0;0;0;0;0
MAT029;Tecnologia;Análise e Desenvolvimento de Sistemas;Semipresencial;MAT029_D022;Disciplina 22 - Análise e Desenvolvimento de Sistemas;Sim;60;20;30;10;0;0;0;0;0
MAT029;Tecnologia;Análise e Desenvolvimento de Sistemas;Semipresencial;MAT029_D023;Disciplina 23 - Análise e Desenvolvimento de Sistemas;Sim;80;30;30;20;0;0;0;0;0
MAT029;Tecnologia;Análise e Desenvolvimento de Sistemas;Semipresencial;MAT029_D024;Disciplina 24 - Análise e Desenvolvimento de Sistemas;Sim;120;40;50;30;0;0;0;0;0
MAT029;Tecnologia;Análise e Desenvolvimento de Sistemas;Semipresencial;MAT029_D025;Disciplina 25 - Análise e Desenvolvimento de Sistemas;Não;60;20;30;10;0;0;0;0;0
MAT029;Tecnologia;Análise e Desenvolvimento de Sistemas;Semipresencial;MAT029_D026;Disciplina 26 - Análise e Desenvolvimento de Sistemas [PROJETO DE EXTENSÃO];Não;120;30;40;10;0;0;0;40;0
MAT029;Tecnologia;Análise e Desenvolvimento de Sistemas;Semipresencial;MAT029_D027;Disciplina 27 - Análise e Desenvolvimento de Sistemas;Não;40;10;30;0;0;0;0;0;0
MAT029;Tecnologia;Análise e Desenvolvimento de Sistemas;Semipresencial;MAT029_D028;Disciplina 28 - Análise e Desenvolvimento de Sistemas;Não;60;20;30;10;0;0;0;0;0
MAT029;Tecnologia;Análise e Desenvolvimento de Sistemas;Semipresencial;MAT029_D029;Disciplina 29 - Análise e Desenvolvimento de Sistemas [PROJETO DE EXTENSÃO];Não;120;20;30;10;0;0;0;60;0
MAT029;Tecnologia;Análise e Desenvolvimento de Sistemas;Semipresencial;MAT029_D030;Disciplina 30 - Análise e Desenvolvimento de Sistemas;Sim;80;20;40;20;0;0;0;0;0
MAT029;Tecnologia;Análise e Desenvolvimento de Sistemas;Semipresencial;MAT029_D031;Disciplina 31 - Análise e Desenvolvimento de Sistemas;Não;40;10;30;0;0;0;0;0;0
MAT029;Tecnologia;Análise e Desenvolvimento de Sistemas;Semipresencial;MAT029_D032;Disciplina 32 - Análise e Desenvolvimento de Sistemas [PROJETO DE EXTENSÃO];Sim;120;30;30;20;0;0;0;40;0
MAT029;Tecnologia;Análise e Desenvolvimento de Sistemas;Semipresencial;MAT029_D033;Disciplina 33 - Análise e Desenvolvimento de Sistemas;Não;40;10;20;10;0;0;0;0;0
MAT029;Tecnologia;Análise e Desenvolvimento de Sistemas;Semipresencial;MAT029_D034;Disciplina 34 - Análise e Desenvolvimento de Sistemas;Não;120;40;50;30;0;0;0;0;0
MAT029;Tecnologia;Análise e Desenvolvimento de Sistemas;Semipresencial;MAT029_D035;Disciplina 35 - Análise e Desenvolvimento de Sistemas;Sim;80;30;20;30;0;0;0;0;0
MAT029;Tecnologia;Análise e Desenvolvimento de Sistemas;Semipresencial;MAT029_D036;Disciplina 36 - Análise e Desenvolvimento de Sistemas;Não;60;20;30;10;0;0;0;0;0
MAT029;Tecnologia;Análise e Desenvolvimento de Sistemas;Semipresencial;MAT029_D037;Disciplina 37 - Análise e Desenvolvimento de Sistemas;Sim;120;50;40;30;0;0;0;0;0
MAT029;Tecnologia;Análise e Desenvolvimento de Sistemas;Semipresencial;MAT029_D038;Disciplina 38 - Análise e Desenvolvimento de Sistemas;Sim;40;10;20;10;0;0;0;0;0
MAT029;Tecnologia;Análise e Desenvolvimento de Sistemas;Semipresencial;MAT029_D039;Disciplina 39 - Análise e Desenvolvimento de Sistemas;Sim;80;20;50;10;0;0;0;0;0
MAT029;Tecnologia;Análise e Desenvolvimento de Sistemas;Semipresencial;MAT029_D040;Disciplina 40 - Análise e Desenvolvimento de Sistemas;Sim;60;20;20;20;0;0;0;0;0
MAT029;Tecnologia;Análise e Desenvolvimento de Sistemas;Semipresencial;MAT029_D041;Disciplina 41 - Análise e Desenvolvimento de Sistemas;Sim;40;10;20;10;0;0;0;0;0
MAT030;Licenciaturas;Pedagogia;100% EAD;MAT030_D001;Disciplina 1 - Pedagogia;Não;80;0;0;0;70;10;0;0;1
MAT030;Licenciaturas;Pedagogia;100% EAD;MAT030_D002;Disciplina 2 - Pedagogia;Sim;60;0;0;0;50;10;0;0;1
MAT030;Licenciaturas;Pedagogia;100% EAD;MAT030_D003;Disciplina 3 - Pedagogia;Sim;60;0;0;0;50;10;0;0;1
MAT030;Licenciaturas;Pedagogia;100% EAD;MAT030_D004;Disciplina 4 - Pedagogia;Não;40;0;0;0;40;0;0;0;1
MAT030;Licenciaturas;Pedagogia;100% EAD;MAT030_D005;Disciplina 5 - Pedagogia [PROJETO DE EXTENSÃO];Sim;80;0;0;0;20;0;0;60;1
MAT030;Licenciaturas;Pedagogia;100% EAD;MAT030_D006;Disciplina 6 - Pedagogia;Sim;120;0;0;0;90;30;0;0;1
MAT030;Licenciaturas;Pedagogia;100% EAD;MAT030_D007;Disciplina 7 - Pedagogia;Não;60;0;0;0;50;10;0;0;1
MAT030;Licenciaturas;Pedagogia;100% EAD;MAT030_D008;Disciplina 8 - Pedagogia;Sim;120;0;0;0;110;10;0;0;1
MAT030;Licenciaturas;Pedagogia;100% EAD;MAT030_D009;Disciplina 9 - Pedagogia;Sim;120;0;0;0;110;10;0;0;1
MAT030;Licenciaturas;Pedagogia;100% EAD;MAT030_D010;Disciplina 10 - Pedagogia;Sim;40;0;0;0;30;10;0;0;1
MAT030;Licenciaturas;Pedagogia;100% EAD;MAT030_D011;Disciplina 11 - Pedagogia;Sim;40;0;0;0;40;0;0;0;1
MAT030;Licenciaturas;Pedagogia;100% EAD;MAT030_D012;Disciplina 12 - Pedagogia;Sim;40;0;0;0;40;0;0;0;1
MAT030;Licenciaturas;Pedagogia;100% EAD;MAT030_D013;Disciplina 13 - Pedagogia;Não;80;0;0;0;70;10;0;0;1
MAT030;Licenciaturas;Pedagogia;100% EAD;MAT030_D014;Disciplina 14 - Pedagogia;Não;60;0;0;0;50;10;0;0;1
MAT030;Licenciaturas;Pedagogia;100% EAD;MAT030_D015;Disciplina 15 - Pedagogia;Sim;60;0;0;0;50;10;0;0;1
MAT030;Licenciaturas;Pedagogia;100% EAD;MAT030_D016;Disciplina 16 - Pedagogia [PROJETO DE EXTENSÃO];Não;120;0;0;0;70;10;0;40;1
MAT030;Licenciaturas;Pedagogia;100% EAD;MAT030_D017;Disciplina 17 - Pedagogia;Sim;40;0;0;0;40;0;0;0;1
MAT030;Licenciaturas;Pedagogia;100% EAD;MAT030_D018;Disciplina 18 - Pedagogia;Não;80;0;0;0;60;20;0;0;1
MAT030;Licenciaturas;Pedagogia;100% EAD;MAT030_D019;Disciplina 19 - Pedagogia [PROJETO DE EXTENSÃO];Sim;60;0;0;0;20;0;0;40;1
MAT030;Licenciaturas;Pedagogia;100% EAD;MAT030_D020;Disciplina 20 - Pedagogia;Sim;80;0;0;0;60;20;0;0;1
MAT030;Licenciaturas;Pedagogia;100% EAD;MAT030_D021;Disciplina 21 - Pedagogia;Não;40;0;0;0;40;0;0;0;1
MAT030;Licenciaturas;Pedagogia;100% EAD;MAT030_D022;Disciplina 22 - Pedagogia;Sim;40;0;0;0;30;10;0;0;1
MAT030;Licenciaturas;Pedagogia;100% EAD;MAT030_D023;Disciplina 23 - Pedagogia [PROJETO DE EXTENSÃO];Sim;60;0;0;0;20;0;0;40;1
MAT030;Licenciaturas;Pedagogia;100% EAD;MAT030_D024;Disciplina 24 - Pedagogia;Sim;120;0;0;0;90;30;0;0;1
MAT030;Licenciaturas;Pedagogia;100% EAD;MAT030_D025;Disciplina 25 - Pedagogia;Não;120;0;0;0;90;30;0;0;1
MAT030;Licenciaturas;Pedagogia;100% EAD;MAT030_D026;Disciplina 26 - Pedagogia;Sim;40;0;0;0;30;10;0;0;1
MAT030;Licenciaturas;Pedagogia;100% EAD;MAT030_D027;Disciplina 27 - Pedagogia;Não;40;0;0;0;30;10;0;0;1
MAT030;Licenciaturas;Pedagogia;100% EAD;MAT030_D028;Disciplina 28 - Pedagogia;Sim;120;0;0;0;100;20;0;0;1
MAT030;Licenciaturas;Pedagogia;100% EAD;MAT030_D029;Disciplina 29 - Pedagogia;Sim;40;0;0;0;30;10;0;0;1
MAT030;Licenciaturas;Pedagogia;100% EAD;MAT030_D030;Disciplina 30 - Pedagogia;Não;60;0;0;0;50;10;0;0;1
MAT030;Licenciaturas;Pedagogia;100% EAD;MAT030_D031;Disciplina 31 - Pedagogia;Não;60;0;0;0;50;10;0;0;1
MAT030;Licenciaturas;Pedagogia;100% EAD;MAT030_D032;Disciplina 32 - Pedagogia;Sim;80;0;0;0;60;20;0;0;1
MAT030;Licenciaturas;Pedagogia;100% EAD;MAT030_D033;Disciplina 33 - Pedagogia;Sim;120;0;0;0;100;20;0;0;1
MAT030;Licenciaturas;Pedagogia;100% EAD;MAT030_D034;Disciplina 34 - Pedagogia;Não;40;0;0;0;30;10;0;0;1
MAT030;Licenciaturas;Pedagogia;100% EAD;MAT030_D035;Disciplina 35 - Pedagogia;Sim;80;0;0;0;70;10;0;0;1
MAT030;Licenciaturas;Pedagogia;100% EAD;MAT030_D036;Disciplina 36 - Pedagogia;Sim;60;0;0;0;50;10;0;0;1
MAT030;Licenciaturas;Pedagogia;100% EAD;MAT030_D037;Disciplina 37 - Pedagogia;Sim;120;0;0;0;110;10;0;0;1
MAT030;Licenciaturas;Pedagogia;100% EAD;MAT030_D038;Disciplina 38 - Pedagogia;Não;60;0;0;0;50;10;0;0;1
MAT030;Licenciaturas;Pedagogia;100% EAD;MAT030_D039;Disciplina 39 - Pedagogia;Sim;40;0;0;0;30;10;0;0;1
MAT030;Licenciaturas;Pedagogia;100% EAD;MAT030_D040;Disciplina 40 - Pedagogia;Não;80;0;0;0;60;20;0;0;1
MAT030;Licenciaturas;Pedagogia;100% EAD;MAT030_D041;Disciplina 41 - Pedagogia;Não;40;0;0;0;40;0;0;0;1
MAT030;Licenciaturas;Pedagogia;100% EAD;MAT030_D042;Disciplina 42 - Pedagogia;Não;40;0;0;0;30;10;0;0;1
MAT030;Licenciaturas;Pedagogia;100% EAD;MAT030_D043;Disciplina 43 - Pedagogia;Sim;120;0;0;0;100;20;0;0;1
MAT030;Licenciaturas;Pedagogia;100% EAD;MAT030_D044;Disciplina 44 - Pedagogia;Sim;120;0;0;0;100;20;0;0;1
MAT030;Licenciaturas;Pedagogia;100% EAD;MAT030_D045;Disciplina 45 - Pedagogia;Não;40;0;0;0;40;0;0;0;1
MAT030;Licenciaturas;Pedagogia;100% EAD;MAT030_D046;Disciplina 46 - Pedagogia;Sim;120;0;0;0;100;20;0;0;1
MAT030;Licenciaturas;Pedagogia;100% EAD;MAT030_D047;Disciplina 47 - Pedagogia [PROJETO DE EXTENSÃO];Não;80;0;0;0;20;0;0;60;1
MAT030;Licenciaturas;Pedagogia;100% EAD;MAT030_D048;Disciplina 48 - Pedagogia;Não;80;0;0;0;70;10;0;0;1
MAT030;Licenciaturas;Pedagogia;100% EAD;MAT030_D049;Disciplina 49 - Pedagogia;Não;40;0;0;0;40;0;0;0;1
MAT030;Licenciaturas;Pedagogia;100% EAD;MAT030_D050;Disciplina 50 - Pedagogia;Não;80;0;0;0;70;10;0;0;1
MAT030;Licenciaturas;Pedagogia;100% EAD;MAT030_D051;Disciplina 51 - Pedagogia;Não;40;0;0;0;40;0;0;0;1
MAT030;Licenciaturas;Pedagogia;100% EAD;MAT030_D052;Disciplina 52 - Pedagogia;Sim;80;0;0;0;70;10;0;0;1
MAT030;Licenciaturas;Pedagogia;100% EAD;MAT030_D053;Disciplina 53 - Pedagogia;Não;60;0;0;0;50;10;0;0;1
MAT030;Licenciaturas;Pedagogia;100% EAD;MAT030_D054;Disciplina 54 - Pedagogia;Sim;40;0;0;0;30;10;0;0;1
MAT030;Licenciaturas;Pedagogia;100% EAD;MAT030_D055;Disciplina 55 - Pedagogia;Não;80;0;0;0;60;20;0;0;1
MAT030;Licenciaturas;Pedagogia;100% EAD;MAT030_D056;Disciplina 56 - Pedagogia;Não;60;0;0;0;50;10;0;0;1
MAT030;Licenciaturas;Pedagogia;100% EAD;MAT030_D057;Disciplina 57 - Pedagogia;Sim;20;0;0;0;20;0;0;0;1
MAT031;Licenciaturas;Geografia;Presencial;MAT031_D001;Disciplina 1 - Geografia;Não;120;0;0;0;120;0;0;0;1
MAT031;Licenciaturas;Geografia;Presencial;MAT031_D002;Disciplina 2 - Geografia [PROJETO DE EXTENSÃO];Não;120;0;0;0;60;0;0;60;1
MAT031;Licenciaturas;Geografia;Presencial;MAT031_D003;Disciplina 3 - Geografia [PROJETO DE EXTENSÃO];Não;60;0;0;0;20;0;0;40;1
MAT031;Licenciaturas;Geografia;Presencial;MAT031_D004;Disciplina 4 - Geografia;Não;60;0;0;0;60;0;0;0;1
MAT031;Licenciaturas;Geografia;Presencial;MAT031_D005;Disciplina 5 - Geografia;Sim;40;0;0;0;40;0;0;0;1
MAT031;Licenciaturas;Geografia;Presencial;MAT031_D006;Disciplina 6 - Geografia;Não;120;0;0;0;120;0;0;0;1
MAT031;Licenciaturas;Geografia;Presencial;MAT031_D007;Disciplina 7 - Geografia;Sim;40;0;0;0;40;0;0;0;1
MAT031;Licenciaturas;Geografia;Presencial;MAT031_D008;Disciplina 8 - Geografia;Sim;80;0;0;0;80;0;0;0;1
MAT031;Licenciaturas;Geografia;Presencial;MAT031_D009;Disciplina 9 - Geografia;Não;60;0;0;0;60;0;0;0;1
MAT031;Licenciaturas;Geografia;Presencial;MAT031_D010;Disciplina 10 - Geografia;Não;40;0;0;0;40;0;0;0;1
MAT031;Licenciaturas;Geografia;Presencial;MAT031_D011;Disciplina 11 - Geografia;Não;60;0;0;0;60;0;0;0;1
MAT031;Licenciaturas;Geografia;Presencial;MAT031_D012;Disciplina 12 - Geografia;Não;40;20;20;0;0;0;0;0;0
MAT031;Licenciaturas;Geografia;Presencial;MAT031_D013;Disciplina 13 - Geografia;Sim;80;40;40;0;0;0;0;0;0
MAT031;Licenciaturas;Geografia;Presencial;MAT031_D014;Disciplina 14 - Geografia;Sim;80;40;40;0;0;0;0;0;0
MAT031;Licenciaturas;Geografia;Presencial;MAT031_D015;Disciplina 15 - Geografia [PROJETO DE EXTENSÃO];Não;120;40;40;0;0;0;0;40;0
MAT031;Licenciaturas;Geografia;Presencial;MAT031_D016;Disciplina 16 - Geografia;Não;120;60;60;0;0;0;0;0;0
MAT031;Licenciaturas;Geografia;Presencial;MAT031_D017;Disciplina 17 - Geografia;Não;80;40;40;0;0;0;0;0;0
MAT031;Licenciaturas;Geografia;Presencial;MAT031_D018;Disciplina 18 - Geografia;Não;40;20;20;0;0;0;0;0;0
MAT031;Licenciaturas;Geografia;Presencial;MAT031_D019;Disciplina 19 - Geografia;Não;60;30;30;0;0;0;0;0;0
MAT031;Licenciaturas;Geografia;Presencial;MAT031_D020;Disciplina 20 - Geografia;Não;80;50;30;0;0;0;0;0;0
MAT031;Licenciaturas;Geografia;Presencial;MAT031_D021;Disciplina 21 - Geografia;Não;80;40;40;0;0;0;0;0;0
MAT031;Licenciaturas;Geografia;Presencial;MAT031_D022;Disciplina 22 - Geografia;Não;40;20;20;0;0;0;0;0;0
MAT031;Licenciaturas;Geografia;Presencial;MAT031_D023;Disciplina 23 - Geografia [PROJETO DE EXTENSÃO];Não;80;20;20;0;0;0;0;40;0
MAT031;Licenciaturas;Geografia;Presencial;MAT031_D024;Disciplina 24 - Geografia [PROJETO DE EXTENSÃO];Sim;80;10;10;0;0;0;0;60;0
MAT031;Licenciaturas;Geografia;Presencial;MAT031_D025;Disciplina 25 - Geografia;Não;40;20;20;0;0;0;0;0;0
MAT031;Licenciaturas;Geografia;Presencial;MAT031_D026;Disciplina 26 - Geografia;Não;80;40;40;0;0;0;0;0;0
MAT031;Licenciaturas;Geografia;Presencial;MAT031_D027;Disciplina 27 - Geografia;Não;120;70;50;0;0;0;0;0;0
MAT031;Licenciaturas;Geografia;Presencial;MAT031_D028;Disciplina 28 - Geografia;Não;120;70;50;0;0;0;0;0;0
MAT031;Licenciaturas;Geografia;Presencial;MAT031_D029;Disciplina 29 - Geografia;Sim;120;60;60;0;0;0;0;0;0
MAT031;Licenciaturas;Geografia;Presencial;MAT031_D030;Disciplina 30 - Geografia;Não;120;60;60;0;0;0;0;0;0
MAT031;Licenciaturas;Geografia;Presencial;MAT031_D031;Disciplina 31 - Geografia;Não;80;40;40;0;0;0;0;0;0
MAT031;Licenciaturas;Geografia;Presencial;MAT031_D032;Disciplina 32 - Geografia;Não;60;30;30;0;0;0;0;0;0
MAT031;Licenciaturas;Geografia;Presencial;MAT031_D033;Disciplina 33 - Geografia;Não;120;70;50;0;0;0;0;0;0
MAT031;Licenciaturas;Geografia;Presencial;MAT031_D034;Disciplina 34 - Geografia;Não;120;80;40;0;0;0;0;0;0
MAT031;Licenciaturas;Geografia;Presencial;MAT031_D035;Disciplina 35 - Geografia;Sim;80;40;40;0;0;0;0;0;0
MAT031;Licenciaturas;Geografia;Presencial;MAT031_D036;Disciplina 36 - Geografia;Não;80;40;40;0;0;0;0;0;0
MAT031;Licenciaturas;Geografia;Presencial;MAT031_D037;Disciplina 37 - Geografia;Não;40;20;20;0;0;0;0;0;0
MAT031;Licenciaturas;Geografia;Presencial;MAT031_D038;Disciplina 38 - Geografia [PROJETO DE EXTENSÃO];Não;120;40;20;0;0;0;0;60;0
MAT031;Licenciaturas;Geografia;Presencial;MAT031_D039;Disciplina 39 - Geografia;Sim;40;20;20;0;0;0;0;0;0
MAT031;Licenciaturas;Geografia;Presencial;MAT031_D040;Disciplina 40 - Geografia;Não;120;70;50;0;0;0;0;0;0
MAT031;Licenciaturas;Geografia;Presencial;MAT031_D041;Disciplina 41 - Geografia [PROJETO DE EXTENSÃO];Sim;60;10;10;0;0;0;0;40;0
MAT031;Licenciaturas;Geografia;Presencial;MAT031_D042;Disciplina 42 - Geografia;Não;80;40;40;0;0;0;0;0;0
MAT031;Licenciaturas;Geografia;Presencial;MAT031_D043;Disciplina 43 - Geografia;Sim;80;50;30;0;0;0;0;0;0
MAT031;Licenciaturas;Geografia;Presencial;MAT031_D044;Disciplina 44 - Geografia;Não;40;20;20;0;0;0;0;0;0
MAT031;Licenciaturas;Geografia;Presencial;MAT031_D045;Disciplina 45 - Geografia;Não;40;20;20;0;0;0;0;0;0
MAT031;Licenciaturas;Geografia;Presencial;MAT031_D046;Disciplina 46 - Geografia;Não;80;40;40;0;0;0;0;0;0
MAT031;Licenciaturas;Geografia;Presencial;MAT031_D047;Disciplina 47 - Geografia;Não;80;40;40;0;0;0;0;0;0
MAT031;Licenciaturas;Geografia;Presencial;MAT031_D048;Disciplina 48 - Geografia;Não;80;50;30;0;0;0;0;0;0
MAT031;Licenciaturas;Geografia;Presencial;MAT031_D049;Estágio Supervisionado - Geografia;Não;120;0;0;0;0;0;120;0;0
MAT031;Licenciaturas;Geografia;Presencial;MAT031_D050;Estágio Supervisionado - Geografia;Não;100;0;0;0;0;0;100;0;0
MAT032;Engenharias;Engenharia Mecânica;Presencial;MAT032_D001;Disciplina 1 - Engenharia Mecânica;Não;80;0;0;0;80;0;0;0;1
MAT032;Engenharias;Engenharia Mecânica;Presencial;MAT032_D002;Disciplina 2 - Engenharia Mecânica;Não;120;0;0;0;120;0;0;0;1
MAT032;Engenharias;Engenharia Mecânica;Presencial;MAT032_D003;Disciplina 3 - Engenharia Mecânica;Não;80;0;0;0;80;0;0;0;1
MAT032;Engenharias;Engenharia Mecânica;Presencial;MAT032_D004;Disciplina 4 - Engenharia Mecânica;Não;40;0;0;0;40;0;0;0;1
MAT032;Engenharias;Engenharia Mecânica;Presencial;MAT032_D005;Disciplina 5 - Engenharia Mecânica;Não;40;0;0;0;40;0;0;0;1
MAT032;Engenharias;Engenharia Mecânica;Presencial;MAT032_D006;Disciplina 6 - Engenharia Mecânica;Não;120;0;0;0;120;0;0;0;1
MAT032;Engenharias;Engenharia Mecânica;Presencial;MAT032_D007;Disciplina 7 - Engenharia Mecânica;Sim;80;0;0;0;80;0;0;0;1
MAT032;Engenharias;Engenharia Mecânica;Presencial;MAT032_D008;Disciplina 8 - Engenharia Mecânica;Sim;60;0;0;0;60;0;0;0;1
MAT032;Engenharias;Engenharia Mecânica;Presencial;MAT032_D009;Disciplina 9 - Engenharia Mecânica;Não;40;0;0;0;40;0;0;0;1
MAT032;Engenharias;Engenharia Mecânica;Presencial;MAT032_D010;Disciplina 10 - Engenharia Mecânica;Não;60;0;0;0;60;0;0;0;1
MAT032;Engenharias;Engenharia Mecânica;Presencial;MAT032_D011;Disciplina 11 - Engenharia Mecânica;Não;120;0;0;0;120;0;0;0;1
MAT032;Engenharias;Engenharia Mecânica;Presencial;MAT032_D012;Disciplina 12 - Engenharia Mecânica;Não;40;0;0;0;40;0;0;0;1
MAT032;Engenharias;Engenharia Mecânica;Presencial;MAT032_D013;Disciplina 13 - Engenharia Mecânica;Não;60;0;0;0;60;0;0;0;1
MAT032;Engenharias;Engenharia Mecânica;Presencial;MAT032_D014;Disciplina 14 - Engenharia Mecânica;Não;40;0;0;0;40;0;0;0;1
MAT032;Engenharias;Engenharia Mecânica;Presencial;MAT032_D015;Disciplina 15 - Engenharia Mecânica;Sim;60;0;0;0;60;0;0;0;1
MAT032;Engenharias;Engenharia Mecânica;Presencial;MAT032_D016;Disciplina 16 - Engenharia Mecânica;Sim;80;0;0;0;80;0;0;0;1
MAT032;Engenharias;Engenharia Mecânica;Presencial;MAT032_D017;Disciplina 17 - Engenharia Mecânica;Sim;80;30;20;30;0;0;0;0;0
MAT032;Engenharias;Engenharia Mecânica;Presencial;MAT032_D018;Disciplina 18 - Engenharia Mecânica;Sim;120;30;70;20;0;0;0;0;0
MAT032;Engenharias;Engenharia Mecânica;Presencial;MAT032_D019;Disciplina 19 - Engenharia Mecânica;Não;40;10;20;10;0;0;0;0;0
MAT032;Engenharias;Engenharia Mecânica;Presencial;MAT032_D020;Disciplina 20 - Engenharia Mecânica;Não;60;20;30;10;0;0;0;0;0
MAT032;Engenharias;Engenharia Mecânica;Presencial;MAT032_D021;Disciplina 21 - Engenharia Mecânica;Não;120;50;40;30;0;0;0;0;0
MAT032;Engenharias;Engenharia Mecânica;Presencial;MAT032_D022;Disciplina 22 - Engenharia Mecânica;Sim;80;20;40;20;0;0;0;0;0
MAT032;Engenharias;Engenharia Mecânica;Presencial;MAT032_D023;Disciplina 23 - Engenharia Mecânica [PROJETO DE EXTENSÃO];Sim;80;0;20;0;0;0;0;60;0
MAT032;Engenharias;Engenharia Mecânica;Presencial;MAT032_D024;Disciplina 24 - Engenharia Mecânica;Sim;120;40;40;40;0;0;0;0;0
MAT032;Engenharias;Engenharia Mecânica;Presencial;MAT032_D025;Disciplina 25 - Engenharia Mecânica;Sim;40;10;20;10;0;0;0;0;0
MAT032;Engenharias;Engenharia Mecânica;Presencial;MAT032_D026;Disciplina 26 - Engenharia Mecânica;Sim;60;20;30;10;0;0;0;0;0
MAT032;Engenharias;Engenharia Mecânica;Presencial;MAT032_D027;Disciplina 27 - Engenharia Mecânica;Não;80;20;40;20;0;0;0;0;0
MAT032;Engenharias;Engenharia Mecânica;Presencial;MAT032_D028;Disciplina 28 - Engenharia Mecânica;Não;120;40;60;20;0;0;0;0;0
MAT032;Engenharias;Engenharia Mecânica;Presencial;MAT032_D029;Disciplina 29 - Engenharia Mecânica [PROJETO DE EXTENSÃO];Sim;80;0;20;0;0;0;0;60;0
MAT032;Engenharias;Engenharia Mecânica;Presencial;MAT032_D030;Disciplina 30 - Engenharia Mecânica;Não;80;30;30;20;0;0;0;0;0
MAT032;Engenharias;Engenharia Mecânica;Presencial;MAT032_D031;Disciplina 31 - Engenharia Mecânica;Não;60;20;30;10;0;0;0;0;0
MAT032;Engenharias;Engenharia Mecânica;Presencial;MAT032_D032;Estágio Supervisionado - Engenharia Mecânica;Não;40;0;0;0;0;0;40;0;0
MAT032;Engenharias;Engenharia Mecânica;Presencial;MAT032_D033;Estágio Supervisionado - Engenharia Mecânica;Não;20;0;0;0;0;0;20;0;0
MAT033;Engenharias;Engenharia Mecânica;Semipresencial;MAT033_D001;Disciplina 1 - Engenharia Mecânica;Sim;80;0;0;0;60;20;0;0;1
MAT033;Engenharias;Engenharia Mecânica;Semipresencial;MAT033_D002;Disciplina 2 - Engenharia Mecânica;Não;120;0;0;0;100;20;0;0;1
MAT033;Engenharias;Engenharia Mecânica;Semipresencial;MAT033_D003;Disciplina 3 - Engenharia Mecânica;Não;60;0;0;0;60;0;0;0;1
MAT033;Engenharias;Engenharia Mecânica;Semipresencial;MAT033_D004;Disciplina 4 - Engenharia Mecânica;Sim;80;0;0;0;60;20;0;0;1
MAT033;Engenharias;Engenharia Mecânica;Semipresencial;MAT033_D005;Disciplina 5 - Engenharia Mecânica;Sim;120;0;0;0;90;30;0;0;1
MAT033;Engenharias;Engenharia Mecânica;Semipresencial;MAT033_D006;Disciplina 6 - Engenharia Mecânica;Não;60;0;0;0;50;10;0;0;1
MAT033;Engenharias;Engenharia Mecânica;Semipresencial;MAT033_D007;Disciplina 7 - Engenharia Mecânica;Não;40;0;0;0;30;10;0;0;1
MAT033;Engenharias;Engenharia Mecânica;Semipresencial;MAT033_D008;Disciplina 8 - Engenharia Mecânica;Sim;60;0;0;0;50;10;0;0;1
MAT033;Engenharias;Engenharia Mecânica;Semipresencial;MAT033_D009;Disciplina 9 - Engenharia Mecânica;Sim;40;0;0;0;30;10;0;0;1
MAT033;Engenharias;Engenharia Mecânica;Semipresencial;MAT033_D010;Disciplina 10 - Engenharia Mecânica [PROJETO DE EXTENSÃO];Não;120;0;0;0;70;10;0;40;1
MAT033;Engenharias;Engenharia Mecânica;Semipresencial;MAT033_D011;Disciplina 11 - Engenharia Mecânica;Não;60;0;0;0;60;0;0;0;1
MAT033;Engenharias;Engenharia Mecânica;Semipresencial;MAT033_D012;Disciplina 12 - Engenharia Mecânica;Não;120;0;0;0;100;20;0;0;1
MAT033;Engenharias;Engenharia Mecânica;Semipresencial;MAT033_D013;Disciplina 13 - Engenharia Mecânica;Não;40;0;0;0;40;0;0;0;1
MAT033;Engenharias;Engenharia Mecânica;Semipresencial;MAT033_D014;Disciplina 14 - Engenharia Mecânica;Não;80;0;0;0;70;10;0;0;1
MAT033;Engenharias;Engenharia Mecânica;Semipresencial;MAT033_D015;Disciplina 15 - Engenharia Mecânica;Não;80;0;0;0;70;10;0;0;1
MAT033;Engenharias;Engenharia Mecânica;Semipresencial;MAT033_D016;Disciplina 16 - Engenharia Mecânica;Sim;40;0;0;0;40;0;0;0;1
MAT033;Engenharias;Engenharia Mecânica;Semipresencial;MAT033_D017;Disciplina 17 - Engenharia Mecânica;Não;80;0;0;0;70;10;0;0;1
MAT033;Engenharias;Engenharia Mecânica;Semipresencial;MAT033_D018;Disciplina 18 - Engenharia Mecânica;Sim;80;0;0;0;70;10;0;0;1
MAT033;Engenharias;Engenharia Mecânica;Semipresencial;MAT033_D019;Disciplina 19 - Engenharia Mecânica;Sim;60;0;0;0;50;10;0;0;1
MAT033;Engenharias;Engenharia Mecânica;Semipresencial;MAT033_D020;Disciplina 20 - Engenharia Mecânica;Não;60;0;0;0;60;0;0;0;1
MAT033;Engenharias;Engenharia Mecânica;Semipresencial;MAT033_D021;Disciplina 21 - Engenharia Mecânica;Sim;80;0;0;0;70;10;0;0;1
MAT033;Engenharias;Engenharia Mecânica;Semipresencial;MAT033_D022;Disciplina 22 - Engenharia Mecânica;Sim;60;0;0;0;50;10;0;0;1
MAT033;Engenharias;Engenharia Mecânica;Semipresencial;MAT033_D023;Disciplina 23 - Engenharia Mecânica;Não;40;10;20;10;0;0;0;0;0
MAT033;Engenharias;Engenharia Mecânica;Semipresencial;MAT033_D024;Disciplina 24 - Engenharia Mecânica [PROJETO DE EXTENSÃO];Não;60;0;20;0;0;0;0;40;0
MAT033;Engenharias;Engenharia Mecânica;Semipresencial;MAT033_D025;Disciplina 25 - Engenharia Mecânica;Sim;60;20;30;10;0;0;0;0;0
MAT033;Engenharias;Engenharia Mecânica;Semipresencial;MAT033_D026;Disciplina 26 - Engenharia Mecânica [PROJETO DE EXTENSÃO];Não;60;0;20;0;0;0;0;40;0
MAT033;Engenharias;Engenharia Mecânica;Semipresencial;MAT033_D027;Disciplina 27 - Engenharia Mecânica;Não;120;50;30;40;0;0;0;0;0
MAT033;Engenharias;Engenharia Mecânica;Semipresencial;MAT033_D028;Disciplina 28 - Engenharia Mecânica;Não;40;10;20;10;0;0;0;0;0
MAT033;Engenharias;Engenharia Mecânica;Semipresencial;MAT033_D029;Disciplina 29 - Engenharia Mecânica;Sim;80;30;40;10;0;0;0;0;0
MAT033;Engenharias;Engenharia Mecânica;Semipresencial;MAT033_D030;Disciplina 30 - Engenharia Mecânica;Sim;80;30;30;20;0;0;0;0;0
MAT033;Engenharias;Engenharia Mecânica;Semipresencial;MAT033_D031;Disciplina 31 - Engenharia Mecânica;Não;120;40;50;30;0;0;0;0;0
MAT033;Engenharias;Engenharia Mecânica;Semipresencial;MAT033_D032;Disciplina 32 - Engenharia Mecânica;Sim;60;20;20;20;0;0;0;0;0
MAT033;Engenharias;Engenharia Mecânica;Semipresencial;MAT033_D033;Disciplina 33 - Engenharia Mecânica;Não;40;10;20;10;0;0;0;0;0
MAT033;Engenharias;Engenharia Mecânica;Semipresencial;MAT033_D034;Disciplina 34 - Engenharia Mecânica;Não;40;10;30;0;0;0;0;0;0
MAT033;Engenharias;Engenharia Mecânica;Semipresencial;MAT033_D035;Disciplina 35 - Engenharia Mecânica [PROJETO DE EXTENSÃO];Sim;80;0;20;0;0;0;0;60;0
MAT033;Engenharias;Engenharia Mecânica;Semipresencial;MAT033_D036;Disciplina 36 - Engenharia Mecânica;Não;120;50;50;20;0;0;0;0;0
MAT033;Engenharias;Engenharia Mecânica;Semipresencial;MAT033_D037;Disciplina 37 - Engenharia Mecânica;Sim;120;40;60;20;0;0;0;0;0
MAT033;Engenharias;Engenharia Mecânica;Semipresencial;MAT033_D038;Disciplina 38 - Engenharia Mecânica;Sim;120;30;60;30;0;0;0;0;0
MAT033;Engenharias;Engenharia Mecânica;Semipresencial;MAT033_D039;Disciplina 39 - Engenharia Mecânica;Não;120;50;40;30;0;0;0;0;0
MAT033;Engenharias;Engenharia Mecânica;Semipresencial;MAT033_D040;Disciplina 40 - Engenharia Mecânica;Não;40;10;20;10;0;0;0;0;0
MAT033;Engenharias;Engenharia Mecânica;Semipresencial;MAT033_D041;Disciplina 41 - Engenharia Mecânica;Não;60;20;30;10;0;0;0;0;0
MAT033;Engenharias;Engenharia Mecânica;Semipresencial;MAT033_D042;Disciplina 42 - Engenharia Mecânica;Sim;80;30;40;10;0;0;0;0;0
MAT033;Engenharias;Engenharia Mecânica;Semipresencial;MAT033_D043;Disciplina 43 - Engenharia Mecânica;Não;40;10;20;10;0;0;0;0;0
MAT033;Engenharias;Engenharia Mecânica;Semipresencial;MAT033_D044;Disciplina 44 - Engenharia Mecânica [PROJETO DE EXTENSÃO];Não;120;10;40;10;0;0;0;60;0
MAT033;Engenharias;Engenharia Mecânica;Semipresencial;MAT033_D045;Disciplina 45 - Engenharia Mecânica;Sim;120;30;60;30;0;0;0;0;0
MAT033;Engenharias;Engenharia Mecânica;Semipresencial;MAT033_D046;Disciplina 46 - Engenharia Mecânica;Sim;80;30;30;20;0;0;0;0;0
MAT033;Engenharias;Engenharia Mecânica;Semipresencial;MAT033_D047;Estágio Supervisionado - Engenharia Mecânica;Não;60;0;0;0;0;0;60;0;0
MAT033;Engenharias;Engenharia Mecânica;Semipresencial;MAT033_D048;Estágio Supervisionado - Engenharia Mecânica;Não;20;0;0;0;0;0;20;0;0
MAT034;Engenharias;Engenharia Mecânica;Semipresencial;MAT034_D001;Disciplina 1 - Engenharia Mecânica;Não;60;0;0;0;50;10;0;0;1
MAT034;Engenharias;Engenharia Mecânica;Semipresencial;MAT034_D002;Disciplina 2 - Engenharia Mecânica;Não;80;0;0;0;70;10;0;0;1
MAT034;Engenharias;Engenharia Mecânica;Semipresencial;MAT034_D003;Disciplina 3 - Engenharia Mecânica;Sim;60;0;0;0;50;10;0;0;1
MAT034;Engenharias;Engenharia Mecânica;Semipresencial;MAT034_D004;Disciplina 4 - Engenharia Mecânica;Sim;60;0;0;0;50;10;0;0;1
MAT034;Engenharias;Engenharia Mecânica;Semipresencial;MAT034_D005;Disciplina 5 - Engenharia Mecânica;Não;80;0;0;0;70;10;0;0;1
MAT034;Engenharias;Engenharia Mecânica;Semipresencial;MAT034_D006;Disciplina 6 - Engenharia Mecânica;Sim;60;0;0;0;50;10;0;0;1
MAT034;Engenharias;Engenharia Mecânica;Semipresencial;MAT034_D007;Disciplina 7 - Engenharia Mecânica;Sim;80;0;0;0;70;10;0;0;1
MAT034;Engenharias;Engenharia Mecânica;Semipresencial;MAT034_D008;Disciplina 8 - Engenharia Mecânica [PROJETO DE EXTENSÃO];Não;80;0;0;0;40;0;0;40;1
MAT034;Engenharias;Engenharia Mecânica;Semipresencial;MAT034_D009;Disciplina 9 - Engenharia Mecânica;Não;40;0;0;0;30;10;0;0;1
MAT034;Engenharias;Engenharia Mecânica;Semipresencial;MAT034_D010;Disciplina 10 - Engenharia Mecânica;Não;80;0;0;0;70;10;0;0;1
MAT034;Engenharias;Engenharia Mecânica;Semipresencial;MAT034_D011;Disciplina 11 - Engenharia Mecânica;Não;60;0;0;0;50;10;0;0;1
MAT034;Engenharias;Engenharia Mecânica;Semipresencial;MAT034_D012;Disciplina 12 - Engenharia Mecânica [PROJETO DE EXTENSÃO];Sim;80;0;0;0;20;0;0;60;1
MAT034;Engenharias;Engenharia Mecânica;Semipresencial;MAT034_D013;Disciplina 13 - Engenharia Mecânica;Não;60;0;0;0;50;10;0;0;1
MAT034;Engenharias;Engenharia Mecânica;Semipresencial;MAT034_D014;Disciplina 14 - Engenharia Mecânica [PROJETO DE EXTENSÃO];Sim;80;0;0;0;20;0;0;60;1
MAT034;Engenharias;Engenharia Mecânica;Semipresencial;MAT034_D015;Disciplina 15 - Engenharia Mecânica;Não;40;0;0;0;40;0;0;0;1
MAT034;Engenharias;Engenharia Mecânica;Semipresencial;MAT034_D016;Disciplina 16 - Engenharia Mecânica;Não;60;0;0;0;50;10;0;0;1
MAT034;Engenharias;Engenharia Mecânica;Semipresencial;MAT034_D017;Disciplina 17 - Engenharia Mecânica;Sim;60;0;0;0;50;10;0;0;1
MAT034;Engenharias;Engenharia Mecânica;Semipresencial;MAT034_D018;Disciplina 18 - Engenharia Mecânica;Sim;60;0;0;0;50;10;0;0;1
MAT034;Engenharias;Engenharia Mecânica;Semipresencial;MAT034_D019;Disciplina 19 - Engenharia Mecânica;Não;80;0;0;0;60;20;0;0;1
MAT034;Engenharias;Engenharia Mecânica;Semipresencial;MAT034_D020;Disciplina 20 - Engenharia Mecânica;Sim;40;0;0;0;40;0;0;0;1
MAT034;Engenharias;Engenharia Mecânica;Semipresencial;MAT034_D021;Disciplina 21 - Engenharia Mecânica;Sim;40;0;0;0;40;0;0;0;1
MAT034;Engenharias;Engenharia Mecânica;Semipresencial;MAT034_D022;Disciplina 22 - Engenharia Mecânica;Sim;40;0;0;0;40;0;0;0;1
MAT034;Engenharias;Engenharia Mecânica;Semipresencial;MAT034_D023;Disciplina 23 - Engenharia Mecânica;Sim;40;0;0;0;30;10;0;0;1
MAT034;Engenharias;Engenharia Mecânica;Semipresencial;MAT034_D024;Disciplina 24 - Engenharia Mecânica [PROJETO DE EXTENSÃO];Sim;80;0;0;0;40;0;0;40;1
MAT034;Engenharias;Engenharia Mecânica;Semipresencial;MAT034_D025;Disciplina 25 - Engenharia Mecânica;Não;60;0;0;0;50;10;0;0;1
MAT034;Engenharias;Engenharia Mecânica;Semipresencial;MAT034_D026;Disciplina 26 - Engenharia Mecânica;Não;120;0;0;0;100;20;0;0;1
MAT034;Engenharias;Engenharia Mecânica;Semipresencial;MAT034_D027;Disciplina 27 - Engenharia Mecânica;Não;40;0;0;0;40;0;0;0;1
MAT034;Engenharias;Engenharia Mecânica;Semipresencial;MAT034_D028;Disciplina 28 - Engenharia Mecânica;Não;120;0;0;0;90;30;0;0;1
MAT034;Engenharias;Engenharia Mecânica;Semipresencial;MAT034_D029;Disciplina 29 - Engenharia Mecânica;Sim;80;30;20;30;0;0;0;0;0
MAT034;Engenharias;Engenharia Mecânica;Semipresencial;MAT034_D030;Disciplina 30 - Engenharia Mecânica;Não;80;20;40;20;0;0;0;0;0
MAT034;Engenharias;Engenharia Mecânica;Semipresencial;MAT034_D031;Disciplina 31 - Engenharia Mecânica;Não;120;50;50;20;0;0;0;0;0
MAT034;Engenharias;Engenharia Mecânica;Semipresencial;MAT034_D032;Disciplina 32 - Engenharia Mecânica;Sim;60;20;20;20;0;0;0;0;0
MAT034;Engenharias;Engenharia Mecânica;Semipresencial;MAT034_D033;Disciplina 33 - Engenharia Mecânica;Não;120;40;40;40;0;0;0;0;0
MAT034;Engenharias;Engenharia Mecânica;Semipresencial;MAT034_D034;Estágio Supervisionado - Engenharia Mecânica;Não;80;0;0;0;0;0;80;0;0
MAT034;Engenharias;Engenharia Mecânica;Semipresencial;MAT034_D035;Estágio Supervisionado - Engenharia Mecânica;Não;20;0;0;0;0;0;20;0;0
MAT035;Saúde;Psicologia;Presencial;MAT035_D001;Disciplina 1 - Psicologia;Não;120;0;0;0;120;0;0;0;1
MAT035;Saúde;Psicologia;Presencial;MAT035_D002;Disciplina 2 - Psicologia;Não;60;0;0;0;60;0;0;0;1
MAT035;Saúde;Psicologia;Presencial;MAT035_D003;Disciplina 3 - Psicologia;Não;80;0;0;0;80;0;0;0;1
MAT035;Saúde;Psicologia;Presencial;MAT035_D004;Disciplina 4 - Psicologia [PROJETO DE EXTENSÃO];Não;60;0;0;0;20;0;0;40;1
MAT035;Saúde;Psicologia;Presencial;MAT035_D005;Disciplina 5 - Psicologia;Sim;80;0;0;0;80;0;0;0;1
MAT035;Saúde;Psicologia;Presencial;MAT035_D006;Disciplina 6 - Psicologia;Não;80;0;0;0;80;0;0;0;1
MAT035;Saúde;Psicologia;Presencial;MAT035_D007;Disciplina 7 - Psicologia;Não;80;0;0;0;80;0;0;0;1
MAT035;Saúde;Psicologia;Presencial;MAT035_D008;Disciplina 8 - Psicologia;Não;120;0;0;0;120;0;0;0;1
MAT035;Saúde;Psicologia;Presencial;MAT035_D009;Disciplina 9 - Psicologia;Não;60;0;0;0;60;0;0;0;1
MAT035;Saúde;Psicologia;Presencial;MAT035_D010;Disciplina 10 - Psicologia;Sim;80;0;0;0;80;0;0;0;1
MAT035;Saúde;Psicologia;Presencial;MAT035_D011;Disciplina 11 - Psicologia;Sim;40;0;0;0;40;0;0;0;1
MAT035;Saúde;Psicologia;Presencial;MAT035_D012;Disciplina 12 - Psicologia;Sim;80;0;0;0;80;0;0;0;1
MAT035;Saúde;Psicologia;Presencial;MAT035_D013;Disciplina 13 - Psicologia;Sim;60;0;0;0;60;0;0;0;1
MAT035;Saúde;Psicologia;Presencial;MAT035_D014;Disciplina 14 - Psicologia [PROJETO DE EXTENSÃO];Não;120;10;30;40;0;0;0;40;0
MAT035;Saúde;Psicologia;Presencial;MAT035_D015;Disciplina 15 - Psicologia;Não;40;10;20;10;0;0;0;0;0
MAT035;Saúde;Psicologia;Presencial;MAT035_D016;Disciplina 16 - Psicologia [PROJETO DE EXTENSÃO];Sim;80;0;20;20;0;0;0;40;0
MAT035;Saúde;Psicologia;Presencial;MAT035_D017;Disciplina 17 - Psicologia;Não;120;30;30;60;0;0;0;0;0
MAT035;Saúde;Psicologia;Presencial;MAT035_D018;Disciplina 18 - Psicologia;Sim;60;10;30;20;0;0;0;0;0
MAT035;Saúde;Psicologia;Presencial;MAT035_D019;Disciplina 19 - Psicologia;Sim;60;10;20;30;0;0;0;0;0
MAT035;Saúde;Psicologia;Presencial;MAT035_D020;Disciplina 20 - Psicologia;Não;40;0;20;20;0;0;0;0;0
MAT035;Saúde;Psicologia;Presencial;MAT035_D021;Disciplina 21 - Psicologia;Não;40;0;30;10;0;0;0;0;0
MAT035;Saúde;Psicologia;Presencial;MAT035_D022;Disciplina 22 - Psicologia;Sim;80;20;30;30;0;0;0;0;0
MAT035;Saúde;Psicologia;Presencial;MAT035_D023;Disciplina 23 - Psicologia;Sim;120;30;30;60;0;0;0;0;0
MAT035;Saúde;Psicologia;Presencial;MAT035_D024;Disciplina 24 - Psicologia;Não;120;20;50;50;0;0;0;0;0
MAT035;Saúde;Psicologia;Presencial;MAT035_D025;Disciplina 25 - Psicologia [PROJETO DE EXTENSÃO];Não;60;0;20;0;0;0;0;40;0
MAT035;Saúde;Psicologia;Presencial;MAT035_D026;Disciplina 26 - Psicologia;Não;60;10;20;30;0;0;0;0;0
MAT035;Saúde;Psicologia;Presencial;MAT035_D027;Disciplina 27 - Psicologia;Não;80;10;40;30;0;0;0;0;0
MAT035;Saúde;Psicologia;Presencial;MAT035_D028;Disciplina 28 - Psicologia;Sim;80;10;40;30;0;0;0;0;0
MAT035;Saúde;Psicologia;Presencial;MAT035_D029;Disciplina 29 - Psicologia;Não;60;10;30;20;0;0;0;0;0
MAT035;Saúde;Psicologia;Presencial;MAT035_D030;Disciplina 30 - Psicologia;Não;60;10;30;20;0;0;0;0;0
MAT035;Saúde;Psicologia;Presencial;MAT035_D031;Disciplina 31 - Psicologia;Não;120;20;30;70;0;0;0;0;0
MAT035;Saúde;Psicologia;Presencial;MAT035_D032;Disciplina 32 - Psicologia [PROJETO DE EXTENSÃO];Não;120;10;20;30;0;0;0;60;0
MAT035;Saúde;Psicologia;Presencial;MAT035_D033;Disciplina 33 - Psicologia;Não;120;30;30;60;0;0;0;0;0
MAT035;Saúde;Psicologia;Presencial;MAT035_D034;Disciplina 34 - Psicologia;Não;80;20;20;40;0;0;0;0;0
MAT035;Saúde;Psicologia;Presencial;MAT035_D035;Disciplina 35 - Psicologia;Sim;120;30;40;50;0;0;0;0;0
MAT035;Saúde;Psicologia;Presencial;MAT035_D036;Disciplina 36 - Psicologia;Não;40;0;30;10;0;0;0;0;0
MAT035;Saúde;Psicologia;Presencial;MAT035_D037;Disciplina 37 - Psicologia;Não;40;0;20;20;0;0;0;0;0
MAT035;Saúde;Psicologia;Presencial;MAT035_D038;Disciplina 38 - Psicologia;Não;120;30;30;60;0;0;0;0;0
MAT035;Saúde;Psicologia;Presencial;MAT035_D039;Estágio Supervisionado - Psicologia;Não;120;0;0;0;0;0;120;0;0
MAT035;Saúde;Psicologia;Presencial;MAT035_D040;Estágio Supervisionado - Psicologia;Não;40;0;0;0;0;0;40;0;0
MAT036;Engenharias;Engenharia de Software;Presencial;MAT036_D001;Disciplina 1 - Engenharia de Software;Não;120;0;0;0;120;0;0;0;1
MAT036;Engenharias;Engenharia de Software;Presencial;MAT036_D002;Disciplina 2 - Engenharia de Software;Não;80;0;0;0;80;0;0;0;1
MAT036;Engenharias;Engenharia de Software;Presencial;MAT036_D003;Disciplina 3 - Engenharia de Software;Não;40;0;0;0;40;0;0;0;1
MAT036;Engenharias;Engenharia de Software;Presencial;MAT036_D004;Disciplina 4 - Engenharia de Software;Não;40;0;0;0;40;0;0;0;1
MAT036;Engenharias;Engenharia de Software;Presencial;MAT036_D005;Disciplina 5 - Engenharia de Software;Não;120;0;0;0;120;0;0;0;1
MAT036;Engenharias;Engenharia de Software;Presencial;MAT036_D006;Disciplina 6 - Engenharia de Software;Não;60;0;0;0;60;0;0;0;1
MAT036;Engenharias;Engenharia de Software;Presencial;MAT036_D007;Disciplina 7 - Engenharia de Software;Sim;80;0;0;0;80;0;0;0;1
MAT036;Engenharias;Engenharia de Software;Presencial;MAT036_D008;Disciplina 8 - Engenharia de Software;Sim;80;0;0;0;80;0;0;0;1
MAT036;Engenharias;Engenharia de Software;Presencial;MAT036_D009;Disciplina 9 - Engenharia de Software;Não;120;40;50;30;0;0;0;0;0
MAT036;Engenharias;Engenharia de Software;Presencial;MAT036_D010;Disciplina 10 - Engenharia de Software;Sim;80;30;30;20;0;0;0;0;0
MAT036;Engenharias;Engenharia de Software;Presencial;MAT036_D011;Disciplina 11 - Engenharia de Software;Não;40;10;20;10;0;0;0;0;0
MAT036;Engenharias;Engenharia de Software;Presencial;MAT036_D012;Disciplina 12 - Engenharia de Software;Sim;120;30;70;20;0;0;0;0;0
MAT036;Engenharias;Engenharia de Software;Presencial;MAT036_D013;Disciplina 13 - Engenharia de Software;Não;40;10;20;10;0;0;0;0;0
MAT036;Engenharias;Engenharia de Software;Presencial;MAT036_D014;Disciplina 14 - Engenharia de Software;Não;60;20;30;10;0;0;0;0;0
MAT036;Engenharias;Engenharia de Software;Presencial;MAT036_D015;Disciplina 15 - Engenharia de Software;Sim;80;20;30;30;0;0;0;0;0
MAT036;Engenharias;Engenharia de Software;Presencial;MAT036_D016;Disciplina 16 - Engenharia de Software;Sim;80;20;40;20;0;0;0;0;0
MAT036;Engenharias;Engenharia de Software;Presencial;MAT036_D017;Disciplina 17 - Engenharia de Software;Sim;40;10;20;10;0;0;0;0;0
MAT036;Engenharias;Engenharia de Software;Presencial;MAT036_D018;Disciplina 18 - Engenharia de Software [PROJETO DE EXTENSÃO];Não;120;20;40;20;0;0;0;40;0
MAT036;Engenharias;Engenharia de Software;Presencial;MAT036_D019;Disciplina 19 - Engenharia de Software;Não;120;50;30;40;0;0;0;0;0
MAT036;Engenharias;Engenharia de Software;Presencial;MAT036_D020;Disciplina 20 - Engenharia de Software;Não;80;30;30;20;0;0;0;0;0
MAT036;Engenharias;Engenharia de Software;Presencial;MAT036_D021;Disciplina 21 - Engenharia de Software;Não;40;10;20;10;0;0;0;0;0
MAT036;Engenharias;Engenharia de Software;Presencial;MAT036_D022;Disciplina 22 - Engenharia de Software [PROJETO DE EXTENSÃO];Não;60;0;20;0;0;0;0;40;0
MAT036;Engenharias;Engenharia de Software;Presencial;MAT036_D023;Disciplina 23 - Engenharia de Software;Não;40;10;20;10;0;0;0;0;0
MAT036;Engenharias;Engenharia de Software;Presencial;MAT036_D024;Disciplina 24 - Engenharia de Software;Não;120;50;30;40;0;0;0;0;0
MAT036;Engenharias;Engenharia de Software;Presencial;MAT036_D025;Disciplina 25 - Engenharia de Software;Sim;80;30;40;10;0;0;0;0;0
MAT036;Engenharias;Engenharia de Software;Presencial;MAT036_D026;Disciplina 26 - Engenharia de Software;Não;80;20;30;30;0;0;0;0;0
MAT036;Engenharias;Engenharia de Software;Presencial;MAT036_D027;Disciplina 27 - Engenharia de Software;Sim;80;20;50;10;0;0;0;0;0
MAT036;Engenharias;Engenharia de Software;Presencial;MAT036_D028;Disciplina 28 - Engenharia de Software;Não;60;20;30;10;0;0;0;0;0
MAT036;Engenharias;Engenharia de Software;Presencial;MAT036_D029;Disciplina 29 - Engenharia de Software [PROJETO DE EXTENSÃO];Não;60;0;20;0;0;0;0;40;0
MAT036;Engenharias;Engenharia de Software;Presencial;MAT036_D030;Disciplina 30 - Engenharia de Software;Sim;120;50;50;20;0;0;0;0;0
MAT036;Engenharias;Engenharia de Software;Presencial;MAT036_D031;Estágio Supervisionado - Engenharia de Software;Não;40;0;0;0;0;0;40;0;0
MAT036;Engenharias;Engenharia de Software;Presencial;MAT036_D032;Estágio Supervisionado - Engenharia de Software;Não;20;0;0;0;0;0;20;0;0
MAT037;Saúde;Fisioterapia;Semipresencial;MAT037_D001;Disciplina 1 - Fisioterapia;Sim;60;0;0;0;50;10;0;0;1
MAT037;Saúde;Fisioterapia;Semipresencial;MAT037_D002;Disciplina 2 - Fisioterapia;Não;60;0;0;0;50;10;0;0;1
MAT037;Saúde;Fisioterapia;Semipresencial;MAT037_D003;Disciplina 3 - Fisioterapia;Sim;80;0;0;0;70;10;0;0;1
MAT037;Saúde;Fisioterapia;Semipresencial;MAT037_D004;Disciplina 4 - Fisioterapia;Não;80;0;0;0;60;20;0;0;1
MAT037;Saúde;Fisioterapia;Semipresencial;MAT037_D005;Disciplina 5 - Fisioterapia;Sim;60;0;0;0;60;0;0;0;1
MAT037;Saúde;Fisioterapia;Semipresencial;MAT037_D006;Disciplina 6 - Fisioterapia;Não;120;0;0;0;100;20;0;0;1
MAT037;Saúde;Fisioterapia;Semipresencial;MAT037_D007;Disciplina 7 - Fisioterapia;Não;80;0;0;0;70;10;0;0;1
MAT037;Saúde;Fisioterapia;Semipresencial;MAT037_D008;Disciplina 8 - Fisioterapia;Não;80;0;0;0;70;10;0;0;1
MAT037;Saúde;Fisioterapia;Semipresencial;MAT037_D009;Disciplina 9 - Fisioterapia;Não;120;0;0;0;100;20;0;0;1
MAT037;Saúde;Fisioterapia;Semipresencial;MAT037_D010;Disciplina 10 - Fisioterapia;Sim;80;0;0;0;70;10;0;0;1
MAT037;Saúde;Fisioterapia;Semipresencial;MAT037_D011;Disciplina 11 - Fisioterapia;Sim;120;0;0;0;110;10;0;0;1
MAT037;Saúde;Fisioterapia;Semipresencial;MAT037_D012;Disciplina 12 - Fisioterapia;Não;40;0;0;0;30;10;0;0;1
MAT037;Saúde;Fisioterapia;Semipresencial;MAT037_D013;Disciplina 13 - Fisioterapia;Não;80;0;0;0;60;20;0;0;1
MAT037;Saúde;Fisioterapia;Semipresencial;MAT037_D014;Disciplina 14 - Fisioterapia;Sim;80;0;0;0;70;10;0;0;1
MAT037;Saúde;Fisioterapia;Semipresencial;MAT037_D015;Disciplina 15 - Fisioterapia;Não;40;0;0;0;30;10;0;0;1
MAT037;Saúde;Fisioterapia;Semipresencial;MAT037_D016;Disciplina 16 - Fisioterapia;Não;120;0;0;0;90;30;0;0;1
MAT037;Saúde;Fisioterapia;Semipresencial;MAT037_D017;Disciplina 17 - Fisioterapia;Sim;80;0;0;0;60;20;0;0;1
MAT037;Saúde;Fisioterapia;Semipresencial;MAT037_D018;Disciplina 18 - Fisioterapia;Não;40;0;0;0;40;0;0;0;1
MAT037;Saúde;Fisioterapia;Semipresencial;MAT037_D019;Disciplina 19 - Fisioterapia;Não;120;0;0;0;100;20;0;0;1
MAT037;Saúde;Fisioterapia;Semipresencial;MAT037_D020;Disciplina 20 - Fisioterapia [PROJETO DE EXTENSÃO];Não;80;0;0;0;20;0;0;60;1
MAT037;Saúde;Fisioterapia;Semipresencial;MAT037_D021;Disciplina 21 - Fisioterapia;Sim;60;0;0;0;50;10;0;0;1
MAT037;Saúde;Fisioterapia;Semipresencial;MAT037_D022;Disciplina 22 - Fisioterapia;Sim;40;0;0;0;40;0;0;0;1
MAT037;Saúde;Fisioterapia;Semipresencial;MAT037_D023;Disciplina 23 - Fisioterapia;Não;120;0;0;0;110;10;0;0;1
MAT037;Saúde;Fisioterapia;Semipresencial;MAT037_D024;Disciplina 24 - Fisioterapia;Sim;60;0;0;0;50;10;0;0;1
MAT037;Saúde;Fisioterapia;Semipresencial;MAT037_D025;Disciplina 25 - Fisioterapia [PROJETO DE EXTENSÃO];Não;120;0;0;0;50;10;0;60;1
MAT037;Saúde;Fisioterapia;Semipresencial;MAT037_D026;Disciplina 26 - Fisioterapia [PROJETO DE EXTENSÃO];Sim;60;0;10;10;0;0;0;40;0
MAT037;Saúde;Fisioterapia;Semipresencial;MAT037_D027;Disciplina 27 - Fisioterapia;Sim;60;10;30;20;0;0;0;0;0
MAT037;Saúde;Fisioterapia;Semipresencial;MAT037_D028;Disciplina 28 - Fisioterapia;Não;40;0;20;20;0;0;0;0;0
MAT037;Saúde;Fisioterapia;Semipresencial;MAT037_D029;Disciplina 29 - Fisioterapia;Não;40;0;20;20;0;0;0;0;0
MAT037;Saúde;Fisioterapia;Semipresencial;MAT037_D030;Disciplina 30 - Fisioterapia;Não;60;10;30;20;0;0;0;0;0
MAT037;Saúde;Fisioterapia;Semipresencial;MAT037_D031;Disciplina 31 - Fisioterapia;Não;40;0;30;10;0;0;0;0;0
MAT037;Saúde;Fisioterapia;Semipresencial;MAT037_D032;Disciplina 32 - Fisioterapia;Não;120;20;50;50;0;0;0;0;0
MAT037;Saúde;Fisioterapia;Semipresencial;MAT037_D033;Disciplina 33 - Fisioterapia;Não;80;20;20;40;0;0;0;0;0
MAT037;Saúde;Fisioterapia;Semipresencial;MAT037_D034;Disciplina 34 - Fisioterapia;Não;120;30;40;50;0;0;0;0;0
MAT037;Saúde;Fisioterapia;Semipresencial;MAT037_D035;Disciplina 35 - Fisioterapia [PROJETO DE EXTENSÃO];Sim;60;0;10;10;0;0;0;40;0
MAT037;Saúde;Fisioterapia;Semipresencial;MAT037_D036;Disciplina 36 - Fisioterapia [PROJETO DE EXTENSÃO];Sim;120;10;30;40;0;0;0;40;0
MAT037;Saúde;Fisioterapia;Semipresencial;MAT037_D037;Disciplina 37 - Fisioterapia;Sim;60;10;20;30;0;0;0;0;0
MAT037;Saúde;Fisioterapia;Semipresencial;MAT037_D038;Disciplina 38 - Fisioterapia;Sim;120;20;40;60;0;0;0;0;0
MAT037;Saúde;Fisioterapia;Semipresencial;MAT037_D039;Disciplina 39 - Fisioterapia;Não;120;30;40;50;0;0;0;0;0
MAT037;Saúde;Fisioterapia;Semipresencial;MAT037_D040;Estágio Supervisionado - Fisioterapia;Não;40;0;0;0;0;0;40;0;0
MAT037;Saúde;Fisioterapia;Semipresencial;MAT037_D041;Estágio Supervisionado - Fisioterapia;Não;40;0;0;0;0;0;40;0;0
MAT038;Tecnologia;Sistemas de Informação;Semipresencial;MAT038_D001;Disciplina 1 - Sistemas de Informação;Sim;120;0;0;0;90;30;0;0;1
MAT038;Tecnologia;Sistemas de Informação;Semipresencial;MAT038_D002;Disciplina 2 - Sistemas de Informação;Sim;80;0;0;0;70;10;0;0;1
MAT038;Tecnologia;Sistemas de Informação;Semipresencial;MAT038_D003;Disciplina 3 - Sistemas de Informação;Não;60;0;0;0;50;10;0;0;1
MAT038;Tecnologia;Sistemas de Informação;Semipresencial;MAT038_D004;Disciplina 4 - Sistemas de Informação;Sim;120;0;0;0;100;20;0;0;1
MAT038;Tecnologia;Sistemas de Informação;Semipresencial;MAT038_D005;Disciplina 5 - Sistemas de Informação;Sim;80;0;0;0;70;10;0;0;1
MAT038;Tecnologia;Sistemas de Informação;Semipresencial;MAT038_D006;Disciplina 6 - Sistemas de Informação;Não;80;0;0;0;70;10;0;0;1
MAT038;Tecnologia;Sistemas de Informação;Semipresencial;MAT038_D007;Disciplina 7 - Sistemas de Informação;Não;80;0;0;0;60;20;0;0;1
MAT038;Tecnologia;Sistemas de Informação;Semipresencial;MAT038_D008;Disciplina 8 - Sistemas de Informação;Não;120;0;0;0;100;20;0;0;1
MAT038;Tecnologia;Sistemas de Informação;Semipresencial;MAT038_D009;Disciplina 9 - Sistemas de Informação;Não;60;0;0;0;50;10;0;0;1
MAT038;Tecnologia;Sistemas de Informação;Semipresencial;MAT038_D010;Disciplina 10 - Sistemas de Informação;Não;60;0;0;0;50;10;0;0;1
MAT038;Tecnologia;Sistemas de Informação;Semipresencial;MAT038_D011;Disciplina 11 - Sistemas de Informação;Não;80;0;0;0;70;10;0;0;1
MAT038;Tecnologia;Sistemas de Informação;Semipresencial;MAT038_D012;Disciplina 12 - Sistemas de Informação;Não;80;0;0;0;70;10;0;0;1
MAT038;Tecnologia;Sistemas de Informação;Semipresencial;MAT038_D013;Disciplina 13 - Sistemas de Informação;Sim;60;0;0;0;50;10;0;0;1
MAT038;Tecnologia;Sistemas de Informação;Semipresencial;MAT038_D014;Disciplina 14 - Sistemas de Informação;Não;80;0;0;0;70;10;0;0;1
MAT038;Tecnologia;Sistemas de Informação;Semipresencial;MAT038_D015;Disciplina 15 - Sistemas de Informação [PROJETO DE EXTENSÃO];Sim;80;0;0;0;20;0;0;60;1
MAT038;Tecnologia;Sistemas de Informação;Semipresencial;MAT038_D016;Disciplina 16 - Sistemas de Informação;Sim;60;0;0;0;50;10;0;0;1
MAT038;Tecnologia;Sistemas de Informação;Semipresencial;MAT038_D017;Disciplina 17 - Sistemas de Informação;Não;120;0;0;0;100;20;0;0;1
MAT038;Tecnologia;Sistemas de Informação;Semipresencial;MAT038_D018;Disciplina 18 - Sistemas de Informação;Não;80;0;0;0;70;10;0;0;1
MAT038;Tecnologia;Sistemas de Informação;Semipresencial;MAT038_D019;Disciplina 19 - Sistemas de Informação [PROJETO DE EXTENSÃO];Não;120;0;0;0;70;10;0;40;1
MAT038;Tecnologia;Sistemas de Informação;Semipresencial;MAT038_D020;Disciplina 20 - Sistemas de Informação;Sim;80;0;0;0;70;10;0;0;1
MAT038;Tecnologia;Sistemas de Informação;Semipresencial;MAT038_D021;Disciplina 21 - Sistemas de Informação;Não;80;0;0;0;60;20;0;0;1
MAT038;Tecnologia;Sistemas de Informação;Semipresencial;MAT038_D022;Disciplina 22 - Sistemas de Informação;Não;80;0;0;0;60;20;0;0;1
MAT038;Tecnologia;Sistemas de Informação;Semipresencial;MAT038_D023;Disciplina 23 - Sistemas de Informação;Sim;40;0;0;0;40;0;0;0;1
MAT038;Tecnologia;Sistemas de Informação;Semipresencial;MAT038_D024;Disciplina 24 - Sistemas de Informação;Não;120;0;0;0;90;30;0;0;1
MAT038;Tecnologia;Sistemas de Informação;Semipresencial;MAT038_D025;Disciplina 25 - Sistemas de Informação;Não;120;0;0;0;100;20;0;0;1
MAT038;Tecnologia;Sistemas de Informação;Semipresencial;MAT038_D026;Disciplina 26 - Sistemas de Informação;Sim;80;0;0;0;70;10;0;0;1
MAT038;Tecnologia;Sistemas de Informação;Semipresencial;MAT038_D027;Disciplina 27 - Sistemas de Informação;Sim;60;0;0;0;50;10;0;0;1
MAT038;Tecnologia;Sistemas de Informação;Semipresencial;MAT038_D028;Disciplina 28 - Sistemas de Informação [PROJETO DE EXTENSÃO];Não;80;0;0;0;40;0;0;40;1
MAT038;Tecnologia;Sistemas de Informação;Semipresencial;MAT038_D029;Disciplina 29 - Sistemas de Informação;Não;40;0;0;0;40;0;0;0;1
MAT038;Tecnologia;Sistemas de Informação;Semipresencial;MAT038_D030;Disciplina 30 - Sistemas de Informação;Sim;80;30;40;10;0;0;0;0;0
MAT038;Tecnologia;Sistemas de Informação;Semipresencial;MAT038_D031;Disciplina 31 - Sistemas de Informação;Não;40;10;20;10;0;0;0;0;0
MAT038;Tecnologia;Sistemas de Informação;Semipresencial;MAT038_D032;Disciplina 32 - Sistemas de Informação [PROJETO DE EXTENSÃO];Não;80;0;20;0;0;0;0;60;0
MAT038;Tecnologia;Sistemas de Informação;Semipresencial;MAT038_D033;Disciplina 33 - Sistemas de Informação;Sim;120;50;40;30;0;0;0;0;0
MAT038;Tecnologia;Sistemas de Informação;Semipresencial;MAT038_D034;Disciplina 34 - Sistemas de Informação;Sim;80;20;50;10;0;0;0;0;0
MAT038;Tecnologia;Sistemas de Informação;Semipresencial;MAT038_D035;Disciplina 35 - Sistemas de Informação;Não;120;30;70;20;0;0;0;0;0
MAT038;Tecnologia;Sistemas de Informação;Semipresencial;MAT038_D036;Disciplina 36 - Sistemas de Informação [PROJETO DE EXTENSÃO];Não;60;0;20;0;0;0;0;40;0
MAT038;Tecnologia;Sistemas de Informação;Semipresencial;MAT038_D037;Disciplina 37 - Sistemas de Informação;Não;60;20;30;10;0;0;0;0;0
MAT038;Tecnologia;Sistemas de Informação;Semipresencial;MAT038_D038;Disciplina 38 - Sistemas de Informação [PROJETO DE EXTENSÃO];Não;80;0;20;0;0;0;0;60;0
MAT038;Tecnologia;Sistemas de Informação;Semipresencial;MAT038_D039;Disciplina 39 - Sistemas de Informação;Não;80;20;40;20;0;0;0;0;0
MAT038;Tecnologia;Sistemas de Informação;Semipresencial;MAT038_D040;Disciplina 40 - Sistemas de Informação;Não;60;20;20;20;0;0;0;0;0
MAT038;Tecnologia;Sistemas de Informação;Semipresencial;MAT038_D041;Disciplina 41 - Sistemas de Informação;Não;40;10;20;10;0;0;0;0;0
MAT038;Tecnologia;Sistemas de Informação;Semipresencial;MAT038_D042;Disciplina 42 - Sistemas de Informação;Não;60;20;20;20;0;0;0;0;0
MAT038;Tecnologia;Sistemas de Informação;Semipresencial;MAT038_D043;Disciplina 43 - Sistemas de Informação;Não;60;20;30;10;0;0;0;0;0
MAT038;Tecnologia;Sistemas de Informação;Semipresencial;MAT038_D044;Disciplina 44 - Sistemas de Informação;Sim;40;10;20;10;0;0;0;0;0
MAT038;Tecnologia;Sistemas de Informação;Semipresencial;MAT038_D045;Disciplina 45 - Sistemas de Informação;Sim;60;10;30;20;0;0;0;0;0
MAT038;Tecnologia;Sistemas de Informação;Semipresencial;MAT038_D046;Disciplina 46 - Sistemas de Informação;Não;60;20;20;20;0;0;0;0;0
MAT038;Tecnologia;Sistemas de Informação;Semipresencial;MAT038_D047;Disciplina 47 - Sistemas de Informação;Não;40;10;20;10;0;0;0;0;0
MAT038;Tecnologia;Sistemas de Informação;Semipresencial;MAT038_D048;Disciplina 48 - Sistemas de Informação;Sim;40;10;20;10;0;0;0;0;0
MAT038;Tecnologia;Sistemas de Informação;Semipresencial;MAT038_D049;Disciplina 49 - Sistemas de Informação [PROJETO DE EXTENSÃO];Não;120;20;30;10;0;0;0;60;0
MAT038;Tecnologia;Sistemas de Informação;Semipresencial;MAT038_D050;Disciplina 50 - Sistemas de Informação;Não;80;20;30;30;0;0;0;0;0
MAT038;Tecnologia;Sistemas de Informação;Semipresencial;MAT038_D051;Disciplina 51 - Sistemas de Informação;Não;120;50;50;20;0;0;0;0;0
MAT038;Tecnologia;Sistemas de Informação;Semipresencial;MAT038_D052;Estágio Supervisionado - Sistemas de Informação;Não;20;0;0;0;0;0;20;0;0
MAT039;Engenharias;Engenharia Civil;100% EAD;MAT039_D001;Disciplina 1 - Engenharia Civil;Sim;120;0;0;0;100;20;0;0;1
MAT039;Engenharias;Engenharia Civil;100% EAD;MAT039_D002;Disciplina 2 - Engenharia Civil [PROJETO DE EXTENSÃO];Sim;120;0;0;0;70;10;0;40;1
MAT039;Engenharias;Engenharia Civil;100% EAD;MAT039_D003;Disciplina 3 - Engenharia Civil;Não;120;0;0;0;100;20;0;0;1
MAT039;Engenharias;Engenharia Civil;100% EAD;MAT039_D004;Disciplina 4 - Engenharia Civil [PROJETO DE EXTENSÃO];Sim;60;0;0;0;20;0;0;40;1
MAT039;Engenharias;Engenharia Civil;100% EAD;MAT039_D005;Disciplina 5 - Engenharia Civil;Sim;80;0;0;0;70;10;0;0;1
MAT039;Engenharias;Engenharia Civil;100% EAD;MAT039_D006;Disciplina 6 - Engenharia Civil;Sim;80;0;0;0;60;20;0;0;1
MAT039;Engenharias;Engenharia Civil;100% EAD;MAT039_D007;Disciplina 7 - Engenharia Civil;Não;80;0;0;0;70;10;0;0;1
MAT039;Engenharias;Engenharia Civil;100% EAD;MAT039_D008;Disciplina 8 - Engenharia Civil;Sim;40;0;0;0;30;10;0;0;1
MAT039;Engenharias;Engenharia Civil;100% EAD;MAT039_D009;Disciplina 9 - Engenharia Civil;Sim;40;0;0;0;40;0;0;0;1
MAT039;Engenharias;Engenharia Civil;100% EAD;MAT039_D010;Disciplina 10 - Engenharia Civil;Sim;60;0;0;0;50;10;0;0;1
MAT039;Engenharias;Engenharia Civil;100% EAD;MAT039_D011;Disciplina 11 - Engenharia Civil;Sim;40;0;0;0;30;10;0;0;1
MAT039;Engenharias;Engenharia Civil;100% EAD;MAT039_D012;Disciplina 12 - Engenharia Civil;Sim;60;0;0;0;50;10;0;0;1
MAT039;Engenharias;Engenharia Civil;100% EAD;MAT039_D013;Disciplina 13 - Engenharia Civil;Não;120;0;0;0;100;20;0;0;1
MAT039;Engenharias;Engenharia Civil;100% EAD;MAT039_D014;Disciplina 14 - Engenharia Civil;Não;60;0;0;0;50;10;0;0;1
MAT039;Engenharias;Engenharia Civil;100% EAD;MAT039_D015;Disciplina 15 - Engenharia Civil;Não;40;0;0;0;40;0;0;0;1
MAT039;Engenharias;Engenharia Civil;100% EAD;MAT039_D016;Disciplina 16 - Engenharia Civil [PROJETO DE EXTENSÃO];Não;120;0;0;0;50;10;0;60;1
MAT039;Engenharias;Engenharia Civil;100% EAD;MAT039_D017;Disciplina 17 - Engenharia Civil;Não;120;0;0;0;110;10;0;0;1
MAT039;Engenharias;Engenharia Civil;100% EAD;MAT039_D018;Disciplina 18 - Engenharia Civil [PROJETO DE EXTENSÃO];Não;60;0;0;0;20;0;0;40;1
MAT039;Engenharias;Engenharia Civil;100% EAD;MAT039_D019;Disciplina 19 - Engenharia Civil;Não;80;0;0;0;70;10;0;0;1
MAT039;Engenharias;Engenharia Civil;100% EAD;MAT039_D020;Disciplina 20 - Engenharia Civil;Sim;40;0;0;0;40;0;0;0;1
MAT039;Engenharias;Engenharia Civil;100% EAD;MAT039_D021;Disciplina 21 - Engenharia Civil;Não;40;0;0;0;40;0;0;0;1
MAT039;Engenharias;Engenharia Civil;100% EAD;MAT039_D022;Disciplina 22 - Engenharia Civil;Não;80;0;0;0;60;20;0;0;1
MAT039;Engenharias;Engenharia Civil;100% EAD;MAT039_D023;Disciplina 23 - Engenharia Civil;Não;40;0;0;0;40;0;0;0;1
MAT039;Engenharias;Engenharia Civil;100% EAD;MAT039_D024;Disciplina 24 - Engenharia Civil;Sim;80;0;0;0;60;20;0;0;1
MAT039;Engenharias;Engenharia Civil;100% EAD;MAT039_D025;Disciplina 25 - Engenharia Civil;Não;80;0;0;0;70;10;0;0;1
MAT039;Engenharias;Engenharia Civil;100% EAD;MAT039_D026;Disciplina 26 - Engenharia Civil;Não;120;0;0;0;90;30;0;0;1
MAT039;Engenharias;Engenharia Civil;100% EAD;MAT039_D027;Disciplina 27 - Engenharia Civil;Não;120;0;0;0;100;20;0;0;1
MAT039;Engenharias;Engenharia Civil;100% EAD;MAT039_D028;Disciplina 28 - Engenharia Civil;Não;60;0;0;0;50;10;0;0;1
MAT039;Engenharias;Engenharia Civil;100% EAD;MAT039_D029;Disciplina 29 - Engenharia Civil;Não;120;0;0;0;100;20;0;0;1
MAT039;Engenharias;Engenharia Civil;100% EAD;MAT039_D030;Disciplina 30 - Engenharia Civil;Sim;80;0;0;0;70;10;0;0;1
MAT039;Engenharias;Engenharia Civil;100% EAD;MAT039_D031;Disciplina 31 - Engenharia Civil;Sim;60;0;0;0;60;0;0;0;1
MAT039;Engenharias;Engenharia Civil;100% EAD;MAT039_D032;Disciplina 32 - Engenharia Civil;Sim;40;0;0;0;40;0;0;0;1
MAT039;Engenharias;Engenharia Civil;100% EAD;MAT039_D033;Disciplina 33 - Engenharia Civil;Não;80;0;0;0;70;10;0;0;1
MAT039;Engenharias;Engenharia Civil;100% EAD;MAT039_D034;Disciplina 34 - Engenharia Civil;Sim;60;0;0;0;50;10;0;0;1
MAT039;Engenharias;Engenharia Civil;100% EAD;MAT039_D035;Disciplina 35 - Engenharia Civil;Não;120;0;0;0;90;30;0;0;1
MAT039;Engenharias;Engenharia Civil;100% EAD;MAT039_D036;Disciplina 36 - Engenharia Civil;Não;80;0;0;0;70;10;0;0;1
MAT040;Engenharias;Engenharia Civil;Semipresencial;MAT040_D001;Disciplina 1 - Engenharia Civil;Sim;60;0;0;0;50;10;0;0;1
MAT040;Engenharias;Engenharia Civil;Semipresencial;MAT040_D002;Disciplina 2 - Engenharia Civil;Não;60;0;0;0;60;0;0;0;1
MAT040;Engenharias;Engenharia Civil;Semipresencial;MAT040_D003;Disciplina 3 - Engenharia Civil [PROJETO DE EXTENSÃO];Não;120;0;0;0;60;20;0;40;1
MAT040;Engenharias;Engenharia Civil;Semipresencial;MAT040_D004;Disciplina 4 - Engenharia Civil;Sim;120;0;0;0;100;20;0;0;1
MAT040;Engenharias;Engenharia Civil;Semipresencial;MAT040_D005;Disciplina 5 - Engenharia Civil [PROJETO DE EXTENSÃO];Não;80;0;0;0;40;0;0;40;1
MAT040;Engenharias;Engenharia Civil;Semipresencial;MAT040_D006;Disciplina 6 - Engenharia Civil;Não;40;0;0;0;30;10;0;0;1
MAT040;Engenharias;Engenharia Civil;Semipresencial;MAT040_D007;Disciplina 7 - Engenharia Civil;Sim;120;0;0;0;90;30;0;0;1
MAT040;Engenharias;Engenharia Civil;Semipresencial;MAT040_D008;Disciplina 8 - Engenharia Civil;Não;40;0;0;0;30;10;0;0;1
MAT040;Engenharias;Engenharia Civil;Semipresencial;MAT040_D009;Disciplina 9 - Engenharia Civil;Não;60;0;0;0;50;10;0;0;1
MAT040;Engenharias;Engenharia Civil;Semipresencial;MAT040_D010;Disciplina 10 - Engenharia Civil;Não;60;0;0;0;50;10;0;0;1
MAT040;Engenharias;Engenharia Civil;Semipresencial;MAT040_D011;Disciplina 11 - Engenharia Civil;Sim;120;0;0;0;100;20;0;0;1
MAT040;Engenharias;Engenharia Civil;Semipresencial;MAT040_D012;Disciplina 12 - Engenharia Civil;Sim;80;0;0;0;70;10;0;0;1
MAT040;Engenharias;Engenharia Civil;Semipresencial;MAT040_D013;Disciplina 13 - Engenharia Civil;Sim;60;0;0;0;50;10;0;0;1
MAT040;Engenharias;Engenharia Civil;Semipresencial;MAT040_D014;Disciplina 14 - Engenharia Civil;Não;40;0;0;0;40;0;0;0;1
MAT040;Engenharias;Engenharia Civil;Semipresencial;MAT040_D015;Disciplina 15 - Engenharia Civil;Sim;80;0;0;0;70;10;0;0;1
MAT040;Engenharias;Engenharia Civil;Semipresencial;MAT040_D016;Disciplina 16 - Engenharia Civil [PROJETO DE EXTENSÃO];Não;120;0;0;0;70;10;0;40;1
MAT040;Engenharias;Engenharia Civil;Semipresencial;MAT040_D017;Disciplina 17 - Engenharia Civil [PROJETO DE EXTENSÃO];Não;60;0;0;0;20;0;0;40;1
MAT040;Engenharias;Engenharia Civil;Semipresencial;MAT040_D018;Disciplina 18 - Engenharia Civil;Não;120;0;0;0;90;30;0;0;1
MAT040;Engenharias;Engenharia Civil;Semipresencial;MAT040_D019;Disciplina 19 - Engenharia Civil;Não;80;0;0;0;60;20;0;0;1
MAT040;Engenharias;Engenharia Civil;Semipresencial;MAT040_D020;Disciplina 20 - Engenharia Civil;Sim;80;0;0;0;70;10;0;0;1
MAT040;Engenharias;Engenharia Civil;Semipresencial;MAT040_D021;Disciplina 21 - Engenharia Civil;Não;80;0;0;0;60;20;0;0;1
MAT040;Engenharias;Engenharia Civil;Semipresencial;MAT040_D022;Disciplina 22 - Engenharia Civil;Não;40;0;0;0;40;0;0;0;1
MAT040;Engenharias;Engenharia Civil;Semipresencial;MAT040_D023;Disciplina 23 - Engenharia Civil;Sim;80;0;0;0;60;20;0;0;1
MAT040;Engenharias;Engenharia Civil;Semipresencial;MAT040_D024;Disciplina 24 - Engenharia Civil;Não;80;0;0;0;60;20;0;0;1
MAT040;Engenharias;Engenharia Civil;Semipresencial;MAT040_D025;Disciplina 25 - Engenharia Civil;Sim;60;0;0;0;50;10;0;0;1
MAT040;Engenharias;Engenharia Civil;Semipresencial;MAT040_D026;Disciplina 26 - Engenharia Civil;Sim;40;10;30;0;0;0;0;0;0
MAT040;Engenharias;Engenharia Civil;Semipresencial;MAT040_D027;Disciplina 27 - Engenharia Civil;Sim;40;10;30;0;0;0;0;0;0
MAT040;Engenharias;Engenharia Civil;Semipresencial;MAT040_D028;Disciplina 28 - Engenharia Civil [PROJETO DE EXTENSÃO];Não;120;30;30;20;0;0;0;40;0
MAT040;Engenharias;Engenharia Civil;Semipresencial;MAT040_D029;Disciplina 29 - Engenharia Civil;Não;80;20;50;10;0;0;0;0;0
MAT040;Engenharias;Engenharia Civil;Semipresencial;MAT040_D030;Disciplina 30 - Engenharia Civil;Não;60;20;30;10;0;0;0;0;0
MAT040;Engenharias;Engenharia Civil;Semipresencial;MAT040_D031;Disciplina 31 - Engenharia Civil;Sim;120;50;40;30;0;0;0;0;0
MAT040;Engenharias;Engenharia Civil;Semipresencial;MAT040_D032;Disciplina 32 - Engenharia Civil;Sim;80;30;30;20;0;0;0;0;0
MAT040;Engenharias;Engenharia Civil;Semipresencial;MAT040_D033;Disciplina 33 - Engenharia Civil;Não;40;10;20;10;0;0;0;0;0
MAT040;Engenharias;Engenharia Civil;Semipresencial;MAT040_D034;Disciplina 34 - Engenharia Civil;Não;80;30;30;20;0;0;0;0;0
MAT040;Engenharias;Engenharia Civil;Semipresencial;MAT040_D035;Disciplina 35 - Engenharia Civil [PROJETO DE EXTENSÃO];Sim;80;0;20;0;0;0;0;60;0
MAT040;Engenharias;Engenharia Civil;Semipresencial;MAT040_D036;Disciplina 36 - Engenharia Civil;Não;60;20;20;20;0;0;0;0;0
MAT040;Engenharias;Engenharia Civil;Semipresencial;MAT040_D037;Disciplina 37 - Engenharia Civil;Sim;60;20;30;10;0;0;0;0;0
MAT040;Engenharias;Engenharia Civil;Semipresencial;MAT040_D038;Disciplina 38 - Engenharia Civil;Sim;60;20;30;10;0;0;0;0;0
MAT040;Engenharias;Engenharia Civil;Semipresencial;MAT040_D039;Estágio Supervisionado - Engenharia Civil;Não;120;0;0;0;0;0;120;0;0
MAT040;Engenharias;Engenharia Civil;Semipresencial;MAT040_D040;Estágio Supervisionado - Engenharia Civil;Não;20;0;0;0;0;0;20;0;0
MAT041;Negócios;Economia;100% EAD;MAT041_D001;Disciplina 1 - Economia;Não;120;0;0;0;90;30;0;0;1
MAT041;Negócios;Economia;100% EAD;MAT041_D002;Disciplina 2 - Economia;Não;120;0;0;0;90;30;0;0;1
MAT041;Negócios;Economia;100% EAD;MAT041_D003;Disciplina 3 - Economia;Sim;60;0;0;0;50;10;0;0;1
MAT041;Negócios;Economia;100% EAD;MAT041_D004;Disciplina 4 - Economia;Não;60;0;0;0;50;10;0;0;1
MAT041;Negócios;Economia;100% EAD;MAT041_D005;Disciplina 5 - Economia;Sim;40;0;0;0;40;0;0;0;1
MAT041;Negócios;Economia;100% EAD;MAT041_D006;Disciplina 6 - Economia;Não;120;0;0;0;100;20;0;0;1
MAT041;Negócios;Economia;100% EAD;MAT041_D007;Disciplina 7 - Economia;Não;80;0;0;0;60;20;0;0;1
MAT041;Negócios;Economia;100% EAD;MAT041_D008;Disciplina 8 - Economia;Não;40;0;0;0;30;10;0;0;1
MAT041;Negócios;Economia;100% EAD;MAT041_D009;Disciplina 9 - Economia;Não;40;0;0;0;40;0;0;0;1
MAT041;Negócios;Economia;100% EAD;MAT041_D010;Disciplina 10 - Economia;Não;40;0;0;0;30;10;0;0;1
MAT041;Negócios;Economia;100% EAD;MAT041_D011;Disciplina 11 - Economia;Não;60;0;0;0;50;10;0;0;1
MAT041;Negócios;Economia;100% EAD;MAT041_D012;Disciplina 12 - Economia [PROJETO DE EXTENSÃO];Não;60;0;0;0;20;0;0;40;1
MAT041;Negócios;Economia;100% EAD;MAT041_D013;Disciplina 13 - Economia;Não;60;0;0;0;50;10;0;0;1
MAT041;Negócios;Economia;100% EAD;MAT041_D014;Disciplina 14 - Economia;Não;80;0;0;0;60;20;0;0;1
MAT041;Negócios;Economia;100% EAD;MAT041_D015;Disciplina 15 - Economia [PROJETO DE EXTENSÃO];Não;120;0;0;0;60;20;0;40;1
MAT041;Negócios;Economia;100% EAD;MAT041_D016;Disciplina 16 - Economia;Não;40;0;0;0;40;0;0;0;1
MAT041;Negócios;Economia;100% EAD;MAT041_D017;Disciplina 17 - Economia;Não;60;0;0;0;50;10;0;0;1
MAT041;Negócios;Economia;100% EAD;MAT041_D018;Disciplina 18 - Economia;Sim;120;0;0;0;100;20;0;0;1
MAT041;Negócios;Economia;100% EAD;MAT041_D019;Disciplina 19 - Economia;Não;40;0;0;0;40;0;0;0;1
MAT041;Negócios;Economia;100% EAD;MAT041_D020;Disciplina 20 - Economia [PROJETO DE EXTENSÃO];Sim;120;0;0;0;70;10;0;40;1
MAT041;Negócios;Economia;100% EAD;MAT041_D021;Disciplina 21 - Economia;Sim;40;0;0;0;40;0;0;0;1
MAT041;Negócios;Economia;100% EAD;MAT041_D022;Disciplina 22 - Economia;Sim;120;0;0;0;100;20;0;0;1
MAT041;Negócios;Economia;100% EAD;MAT041_D023;Disciplina 23 - Economia [PROJETO DE EXTENSÃO];Não;60;0;0;0;20;0;0;40;1
MAT041;Negócios;Economia;100% EAD;MAT041_D024;Disciplina 24 - Economia;Não;120;0;0;0;90;30;0;0;1
MAT041;Negócios;Economia;100% EAD;MAT041_D025;Disciplina 25 - Economia;Não;120;0;0;0;100;20;0;0;1
MAT041;Negócios;Economia;100% EAD;MAT041_D026;Disciplina 26 - Economia;Sim;40;0;0;0;40;0;0;0;1
MAT041;Negócios;Economia;100% EAD;MAT041_D027;Disciplina 27 - Economia [PROJETO DE EXTENSÃO];Não;120;0;0;0;70;10;0;40;1
MAT041;Negócios;Economia;100% EAD;MAT041_D028;Disciplina 28 - Economia;Não;80;0;0;0;70;10;0;0;1
MAT041;Negócios;Economia;100% EAD;MAT041_D029;Disciplina 29 - Economia;Não;40;0;0;0;40;0;0;0;1
MAT041;Negócios;Economia;100% EAD;MAT041_D030;Disciplina 30 - Economia;Sim;120;0;0;0;90;30;0;0;1
MAT041;Negócios;Economia;100% EAD;MAT041_D031;Disciplina 31 - Economia;Sim;80;0;0;0;60;20;0;0;1
MAT041;Negócios;Economia;100% EAD;MAT041_D032;Disciplina 32 - Economia;Não;40;0;0;0;40;0;0;0;1
MAT041;Negócios;Economia;100% EAD;MAT041_D033;Disciplina 33 - Economia;Não;60;0;0;0;50;10;0;0;1
MAT041;Negócios;Economia;100% EAD;MAT041_D034;Disciplina 34 - Economia;Não;40;0;0;0;30;10;0;0;1
MAT041;Negócios;Economia;100% EAD;MAT041_D035;Disciplina 35 - Economia;Não;40;0;0;0;30;10;0;0;1
MAT041;Negócios;Economia;100% EAD;MAT041_D036;Disciplina 36 - Economia;Sim;120;0;0;0;90;30;0;0;1
MAT041;Negócios;Economia;100% EAD;MAT041_D037;Disciplina 37 - Economia;Não;80;0;0;0;60;20;0;0;1
MAT041;Negócios;Economia;100% EAD;MAT041_D038;Disciplina 38 - Economia;Não;40;0;0;0;40;0;0;0;1
MAT041;Negócios;Economia;100% EAD;MAT041_D039;Disciplina 39 - Economia;Não;40;0;0;0;40;0;0;0;1
MAT041;Negócios;Economia;100% EAD;MAT041_D040;Disciplina 40 - Economia;Não;40;0;0;0;30;10;0;0;1
MAT041;Negócios;Economia;100% EAD;MAT041_D041;Disciplina 41 - Economia;Sim;80;0;0;0;70;10;0;0;1
MAT042;Saúde;Biomedicina;Semipresencial;MAT042_D001;Disciplina 1 - Biomedicina;Não;120;0;0;0;110;10;0;0;1
MAT042;Saúde;Biomedicina;Semipresencial;MAT042_D002;Disciplina 2 - Biomedicina;Sim;80;0;0;0;70;10;0;0;1
MAT042;Saúde;Biomedicina;Semipresencial;MAT042_D003;Disciplina 3 - Biomedicina;Sim;120;0;0;0;90;30;0;0;1
MAT042;Saúde;Biomedicina;Semipresencial;MAT042_D004;Disciplina 4 - Biomedicina;Sim;120;0;0;0;90;30;0;0;1
MAT042;Saúde;Biomedicina;Semipresencial;MAT042_D005;Disciplina 5 - Biomedicina [PROJETO DE EXTENSÃO];Não;120;0;0;0;70;10;0;40;1
MAT042;Saúde;Biomedicina;Semipresencial;MAT042_D006;Disciplina 6 - Biomedicina [PROJETO DE EXTENSÃO];Sim;120;0;0;0;70;10;0;40;1
MAT042;Saúde;Biomedicina;Semipresencial;MAT042_D007;Disciplina 7 - Biomedicina;Sim;40;0;0;0;40;0;0;0;1
MAT042;Saúde;Biomedicina;Semipresencial;MAT042_D008;Disciplina 8 - Biomedicina [PROJETO DE EXTENSÃO];Sim;60;0;0;0;20;0;0;40;1
MAT042;Saúde;Biomedicina;Semipresencial;MAT042_D009;Disciplina 9 - Biomedicina;Sim;80;0;0;0;70;10;0;0;1
MAT042;Saúde;Biomedicina;Semipresencial;MAT042_D010;Disciplina 10 - Biomedicina;Não;40;0;0;0;40;0;0;0;1
MAT042;Saúde;Biomedicina;Semipresencial;MAT042_D011;Disciplina 11 - Biomedicina;Não;60;0;0;0;50;10;0;0;1
MAT042;Saúde;Biomedicina;Semipresencial;MAT042_D012;Disciplina 12 - Biomedicina;Não;120;0;0;0;100;20;0;0;1
MAT042;Saúde;Biomedicina;Semipresencial;MAT042_D013;Disciplina 13 - Biomedicina;Não;60;0;0;0;50;10;0;0;1
MAT042;Saúde;Biomedicina;Semipresencial;MAT042_D014;Disciplina 14 - Biomedicina;Sim;60;0;0;0;50;10;0;0;1
MAT042;Saúde;Biomedicina;Semipresencial;MAT042_D015;Disciplina 15 - Biomedicina;Não;40;0;0;0;30;10;0;0;1
MAT042;Saúde;Biomedicina;Semipresencial;MAT042_D016;Disciplina 16 - Biomedicina;Sim;40;0;0;0;40;0;0;0;1
MAT042;Saúde;Biomedicina;Semipresencial;MAT042_D017;Disciplina 17 - Biomedicina;Não;80;0;0;0;60;20;0;0;1
MAT042;Saúde;Biomedicina;Semipresencial;MAT042_D018;Disciplina 18 - Biomedicina;Não;120;0;0;0;100;20;0;0;1
MAT042;Saúde;Biomedicina;Semipresencial;MAT042_D019;Disciplina 19 - Biomedicina [PROJETO DE EXTENSÃO];Não;120;0;0;0;50;10;0;60;1
MAT042;Saúde;Biomedicina;Semipresencial;MAT042_D020;Disciplina 20 - Biomedicina;Não;120;0;0;0;100;20;0;0;1
MAT042;Saúde;Biomedicina;Semipresencial;MAT042_D021;Disciplina 21 - Biomedicina;Não;60;0;0;0;50;10;0;0;1
MAT042;Saúde;Biomedicina;Semipresencial;MAT042_D022;Disciplina 22 - Biomedicina;Sim;60;0;0;0;50;10;0;0;1
MAT042;Saúde;Biomedicina;Semipresencial;MAT042_D023;Disciplina 23 - Biomedicina;Sim;120;0;0;0;100;20;0;0;1
MAT042;Saúde;Biomedicina;Semipresencial;MAT042_D024;Disciplina 24 - Biomedicina;Sim;80;0;0;0;70;10;0;0;1
MAT042;Saúde;Biomedicina;Semipresencial;MAT042_D025;Disciplina 25 - Biomedicina;Sim;60;10;30;20;0;0;0;0;0
MAT042;Saúde;Biomedicina;Semipresencial;MAT042_D026;Disciplina 26 - Biomedicina;Sim;80;10;30;40;0;0;0;0;0
MAT042;Saúde;Biomedicina;Semipresencial;MAT042_D027;Disciplina 27 - Biomedicina;Não;60;10;20;30;0;0;0;0;0
MAT042;Saúde;Biomedicina;Semipresencial;MAT042_D028;Disciplina 28 - Biomedicina;Não;40;0;20;20;0;0;0;0;0
MAT042;Saúde;Biomedicina;Semipresencial;MAT042_D029;Disciplina 29 - Biomedicina;Não;40;10;20;10;0;0;0;0;0
MAT042;Saúde;Biomedicina;Semipresencial;MAT042_D030;Disciplina 30 - Biomedicina;Não;120;30;30;60;0;0;0;0;0
MAT042;Saúde;Biomedicina;Semipresencial;MAT042_D031;Disciplina 31 - Biomedicina;Não;40;10;10;20;0;0;0;0;0
MAT042;Saúde;Biomedicina;Semipresencial;MAT042_D032;Disciplina 32 - Biomedicina;Não;60;10;20;30;0;0;0;0;0
MAT042;Saúde;Biomedicina;Semipresencial;MAT042_D033;Disciplina 33 - Biomedicina;Não;60;10;30;20;0;0;0;0;0
MAT042;Saúde;Biomedicina;Semipresencial;MAT042_D034;Disciplina 34 - Biomedicina;Não;40;0;30;10;0;0;0;0;0
MAT042;Saúde;Biomedicina;Semipresencial;MAT042_D035;Disciplina 35 - Biomedicina;Sim;40;0;30;10;0;0;0;0;0
MAT042;Saúde;Biomedicina;Semipresencial;MAT042_D036;Estágio Supervisionado - Biomedicina;Não;40;0;0;0;0;0;40;0;0
MAT042;Saúde;Biomedicina;Semipresencial;MAT042_D037;Estágio Supervisionado - Biomedicina;Não;80;0;0;0;0;0;80;0;0
MAT043;Tecnologia;Ciência da Computação;Presencial;MAT043_D001;Disciplina 1 - Ciência da Computação;Sim;60;0;0;0;60;0;0;0;1
MAT043;Tecnologia;Ciência da Computação;Presencial;MAT043_D002;Disciplina 2 - Ciência da Computação;Não;60;0;0;0;60;0;0;0;1
MAT043;Tecnologia;Ciência da Computação;Presencial;MAT043_D003;Disciplina 3 - Ciência da Computação;Sim;40;0;0;0;40;0;0;0;1
MAT043;Tecnologia;Ciência da Computação;Presencial;MAT043_D004;Disciplina 4 - Ciência da Computação;Não;60;0;0;0;60;0;0;0;1
MAT043;Tecnologia;Ciência da Computação;Presencial;MAT043_D005;Disciplina 5 - Ciência da Computação;Não;80;0;0;0;80;0;0;0;1
MAT043;Tecnologia;Ciência da Computação;Presencial;MAT043_D006;Disciplina 6 - Ciência da Computação;Não;60;0;0;0;60;0;0;0;1
MAT043;Tecnologia;Ciência da Computação;Presencial;MAT043_D007;Disciplina 7 - Ciência da Computação;Sim;80;0;0;0;80;0;0;0;1
MAT043;Tecnologia;Ciência da Computação;Presencial;MAT043_D008;Disciplina 8 - Ciência da Computação;Não;80;0;0;0;80;0;0;0;1
MAT043;Tecnologia;Ciência da Computação;Presencial;MAT043_D009;Disciplina 9 - Ciência da Computação;Não;60;0;0;0;60;0;0;0;1
MAT043;Tecnologia;Ciência da Computação;Presencial;MAT043_D010;Disciplina 10 - Ciência da Computação;Sim;80;0;0;0;80;0;0;0;1
MAT043;Tecnologia;Ciência da Computação;Presencial;MAT043_D011;Disciplina 11 - Ciência da Computação;Sim;60;0;0;0;60;0;0;0;1
MAT043;Tecnologia;Ciência da Computação;Presencial;MAT043_D012;Disciplina 12 - Ciência da Computação;Não;60;0;0;0;60;0;0;0;1
MAT043;Tecnologia;Ciência da Computação;Presencial;MAT043_D013;Disciplina 13 - Ciência da Computação;Sim;120;50;30;40;0;0;0;0;0
MAT043;Tecnologia;Ciência da Computação;Presencial;MAT043_D014;Disciplina 14 - Ciência da Computação [PROJETO DE EXTENSÃO];Não;80;10;20;10;0;0;0;40;0
MAT043;Tecnologia;Ciência da Computação;Presencial;MAT043_D015;Disciplina 15 - Ciência da Computação;Não;80;30;40;10;0;0;0;0;0
MAT043;Tecnologia;Ciência da Computação;Presencial;MAT043_D016;Disciplina 16 - Ciência da Computação;Não;40;10;20;10;0;0;0;0;0
MAT043;Tecnologia;Ciência da Computação;Presencial;MAT043_D017;Disciplina 17 - Ciência da Computação [PROJETO DE EXTENSÃO];Não;60;0;20;0;0;0;0;40;0
MAT043;Tecnologia;Ciência da Computação;Presencial;MAT043_D018;Disciplina 18 - Ciência da Computação;Não;120;40;50;30;0;0;0;0;0
MAT043;Tecnologia;Ciência da Computação;Presencial;MAT043_D019;Disciplina 19 - Ciência da Computação;Não;120;30;50;40;0;0;0;0;0
MAT043;Tecnologia;Ciência da Computação;Presencial;MAT043_D020;Disciplina 20 - Ciência da Computação;Sim;40;10;20;10;0;0;0;0;0
MAT043;Tecnologia;Ciência da Computação;Presencial;MAT043_D021;Disciplina 21 - Ciência da Computação [PROJETO DE EXTENSÃO];Não;80;10;20;10;0;0;0;40;0
MAT043;Tecnologia;Ciência da Computação;Presencial;MAT043_D022;Disciplina 22 - Ciência da Computação;Não;120;50;30;40;0;0;0;0;0
MAT043;Tecnologia;Ciência da Computação;Presencial;MAT043_D023;Disciplina 23 - Ciência da Computação;Sim;80;20;40;20;0;0;0;0;0
MAT043;Tecnologia;Ciência da Computação;Presencial;MAT043_D024;Disciplina 24 - Ciência da Computação;Sim;120;30;50;40;0;0;0;0;0
MAT043;Tecnologia;Ciência da Computação;Presencial;MAT043_D025;Disciplina 25 - Ciência da Computação;Não;120;40;60;20;0;0;0;0;0
MAT043;Tecnologia;Ciência da Computação;Presencial;MAT043_D026;Disciplina 26 - Ciência da Computação;Não;60;10;30;20;0;0;0;0;0
MAT043;Tecnologia;Ciência da Computação;Presencial;MAT043_D027;Disciplina 27 - Ciência da Computação;Não;80;30;40;10;0;0;0;0;0
MAT043;Tecnologia;Ciência da Computação;Presencial;MAT043_D028;Disciplina 28 - Ciência da Computação;Não;120;50;50;20;0;0;0;0;0
MAT043;Tecnologia;Ciência da Computação;Presencial;MAT043_D029;Disciplina 29 - Ciência da Computação;Sim;60;20;30;10;0;0;0;0;0
MAT043;Tecnologia;Ciência da Computação;Presencial;MAT043_D030;Disciplina 30 - Ciência da Computação;Não;120;50;40;30;0;0;0;0;0
MAT044;Engenharias;Engenharia Elétrica;Presencial;MAT044_D001;Disciplina 1 - Engenharia Elétrica;Não;120;0;0;0;120;0;0;0;1
MAT044;Engenharias;Engenharia Elétrica;Presencial;MAT044_D002;Disciplina 2 - Engenharia Elétrica;Não;40;0;0;0;40;0;0;0;1
MAT044;Engenharias;Engenharia Elétrica;Presencial;MAT044_D003;Disciplina 3 - Engenharia Elétrica;Sim;120;0;0;0;120;0;0;0;1
MAT044;Engenharias;Engenharia Elétrica;Presencial;MAT044_D004;Disciplina 4 - Engenharia Elétrica;Não;120;0;0;0;120;0;0;0;1
MAT044;Engenharias;Engenharia Elétrica;Presencial;MAT044_D005;Disciplina 5 - Engenharia Elétrica;Não;60;0;0;0;60;0;0;0;1
MAT044;Engenharias;Engenharia Elétrica;Presencial;MAT044_D006;Disciplina 6 - Engenharia Elétrica;Sim;120;0;0;0;120;0;0;0;1
MAT044;Engenharias;Engenharia Elétrica;Presencial;MAT044_D007;Disciplina 7 - Engenharia Elétrica;Não;60;0;0;0;60;0;0;0;1
MAT044;Engenharias;Engenharia Elétrica;Presencial;MAT044_D008;Disciplina 8 - Engenharia Elétrica;Não;80;0;0;0;80;0;0;0;1
MAT044;Engenharias;Engenharia Elétrica;Presencial;MAT044_D009;Disciplina 9 - Engenharia Elétrica;Não;60;10;30;20;0;0;0;0;0
MAT044;Engenharias;Engenharia Elétrica;Presencial;MAT044_D010;Disciplina 10 - Engenharia Elétrica;Não;80;30;20;30;0;0;0;0;0
MAT044;Engenharias;Engenharia Elétrica;Presencial;MAT044_D011;Disciplina 11 - Engenharia Elétrica;Não;40;10;30;0;0;0;0;0;0
MAT044;Engenharias;Engenharia Elétrica;Presencial;MAT044_D012;Disciplina 12 - Engenharia Elétrica [PROJETO DE EXTENSÃO];Não;120;20;30;10;0;0;0;60;0
MAT044;Engenharias;Engenharia Elétrica;Presencial;MAT044_D013;Disciplina 13 - Engenharia Elétrica;Não;80;20;50;10;0;0;0;0;0
MAT044;Engenharias;Engenharia Elétrica;Presencial;MAT044_D014;Disciplina 14 - Engenharia Elétrica;Não;40;10;20;10;0;0;0;0;0
MAT044;Engenharias;Engenharia Elétrica;Presencial;MAT044_D015;Disciplina 15 - Engenharia Elétrica;Não;60;20;30;10;0;0;0;0;0
MAT044;Engenharias;Engenharia Elétrica;Presencial;MAT044_D016;Disciplina 16 - Engenharia Elétrica;Não;40;10;20;10;0;0;0;0;0
MAT044;Engenharias;Engenharia Elétrica;Presencial;MAT044_D017;Disciplina 17 - Engenharia Elétrica;Não;80;30;30;20;0;0;0;0;0
MAT044;Engenharias;Engenharia Elétrica;Presencial;MAT044_D018;Disciplina 18 - Engenharia Elétrica;Não;120;30;70;20;0;0;0;0;0
MAT044;Engenharias;Engenharia Elétrica;Presencial;MAT044_D019;Disciplina 19 - Engenharia Elétrica;Não;40;10;20;10;0;0;0;0;0
MAT044;Engenharias;Engenharia Elétrica;Presencial;MAT044_D020;Disciplina 20 - Engenharia Elétrica;Não;40;10;20;10;0;0;0;0;0
MAT044;Engenharias;Engenharia Elétrica;Presencial;MAT044_D021;Disciplina 21 - Engenharia Elétrica;Não;60;20;30;10;0;0;0;0;0
MAT044;Engenharias;Engenharia Elétrica;Presencial;MAT044_D022;Disciplina 22 - Engenharia Elétrica;Não;60;20;30;10;0;0;0;0;0
MAT044;Engenharias;Engenharia Elétrica;Presencial;MAT044_D023;Disciplina 23 - Engenharia Elétrica;Não;120;50;30;40;0;0;0;0;0
MAT044;Engenharias;Engenharia Elétrica;Presencial;MAT044_D024;Disciplina 24 - Engenharia Elétrica;Não;60;20;30;10;0;0;0;0;0
MAT044;Engenharias;Engenharia Elétrica;Presencial;MAT044_D025;Disciplina 25 - Engenharia Elétrica;Sim;80;20;40;20;0;0;0;0;0
MAT044;Engenharias;Engenharia Elétrica;Presencial;MAT044_D026;Disciplina 26 - Engenharia Elétrica;Sim;80;20;40;20;0;0;0;0;0
MAT044;Engenharias;Engenharia Elétrica;Presencial;MAT044_D027;Disciplina 27 - Engenharia Elétrica;Não;40;10;20;10;0;0;0;0;0
MAT044;Engenharias;Engenharia Elétrica;Presencial;MAT044_D028;Disciplina 28 - Engenharia Elétrica;Não;60;20;20;20;0;0;0;0;0
MAT044;Engenharias;Engenharia Elétrica;Presencial;MAT044_D029;Disciplina 29 - Engenharia Elétrica;Não;60;10;40;10;0;0;0;0;0
MAT044;Engenharias;Engenharia Elétrica;Presencial;MAT044_D030;Disciplina 30 - Engenharia Elétrica;Não;40;10;30;0;0;0;0;0;0
MAT044;Engenharias;Engenharia Elétrica;Presencial;MAT044_D031;Disciplina 31 - Engenharia Elétrica;Não;120;50;40;30;0;0;0;0;0
MAT044;Engenharias;Engenharia Elétrica;Presencial;MAT044_D032;Disciplina 32 - Engenharia Elétrica;Sim;60;10;40;10;0;0;0;0;0
MAT044;Engenharias;Engenharia Elétrica;Presencial;MAT044_D033;Disciplina 33 - Engenharia Elétrica;Não;60;20;30;10;0;0;0;0;0
MAT044;Engenharias;Engenharia Elétrica;Presencial;MAT044_D034;Disciplina 34 - Engenharia Elétrica;Sim;120;50;30;40;0;0;0;0;0
MAT044;Engenharias;Engenharia Elétrica;Presencial;MAT044_D035;Disciplina 35 - Engenharia Elétrica;Não;60;20;30;10;0;0;0;0;0
MAT044;Engenharias;Engenharia Elétrica;Presencial;MAT044_D036;Disciplina 36 - Engenharia Elétrica;Sim;80;20;40;20;0;0;0;0;0
MAT044;Engenharias;Engenharia Elétrica;Presencial;MAT044_D037;Disciplina 37 - Engenharia Elétrica [PROJETO DE EXTENSÃO];Não;80;0;20;0;0;0;0;60;0
MAT044;Engenharias;Engenharia Elétrica;Presencial;MAT044_D038;Disciplina 38 - Engenharia Elétrica [PROJETO DE EXTENSÃO];Não;120;30;30;20;0;0;0;40;0
MAT044;Engenharias;Engenharia Elétrica;Presencial;MAT044_D039;Disciplina 39 - Engenharia Elétrica [PROJETO DE EXTENSÃO];Não;120;20;30;10;0;0;0;60;0
MAT044;Engenharias;Engenharia Elétrica;Presencial;MAT044_D040;Disciplina 40 - Engenharia Elétrica;Não;80;30;30;20;0;0;0;0;0
MAT044;Engenharias;Engenharia Elétrica;Presencial;MAT044_D041;Disciplina 41 - Engenharia Elétrica;Não;80;20;40;20;0;0;0;0;0
MAT044;Engenharias;Engenharia Elétrica;Presencial;MAT044_D042;Disciplina 42 - Engenharia Elétrica;Sim;80;20;40;20;0;0;0;0;0
MAT044;Engenharias;Engenharia Elétrica;Presencial;MAT044_D043;Disciplina 43 - Engenharia Elétrica;Sim;80;30;30;20;0;0;0;0;0
MAT044;Engenharias;Engenharia Elétrica;Presencial;MAT044_D044;Disciplina 44 - Engenharia Elétrica;Não;120;40;60;20;0;0;0;0;0
MAT044;Engenharias;Engenharia Elétrica;Presencial;MAT044_D045;Disciplina 45 - Engenharia Elétrica;Não;120;50;40;30;0;0;0;0;0
MAT044;Engenharias;Engenharia Elétrica;Presencial;MAT044_D046;Disciplina 46 - Engenharia Elétrica;Não;40;10;30;0;0;0;0;0;0
MAT044;Engenharias;Engenharia Elétrica;Presencial;MAT044_D047;Disciplina 47 - Engenharia Elétrica;Sim;120;50;30;40;0;0;0;0;0
MAT044;Engenharias;Engenharia Elétrica;Presencial;MAT044_D048;Disciplina 48 - Engenharia Elétrica [PROJETO DE EXTENSÃO];Não;80;10;20;10;0;0;0;40;0
MAT044;Engenharias;Engenharia Elétrica;Presencial;MAT044_D049;Disciplina 49 - Engenharia Elétrica;Sim;60;10;30;20;0;0;0;0;0
MAT044;Engenharias;Engenharia Elétrica;Presencial;MAT044_D050;Estágio Supervisionado - Engenharia Elétrica;Não;80;0;0;0;0;0;80;0;0
MAT044;Engenharias;Engenharia Elétrica;Presencial;MAT044_D051;Estágio Supervisionado - Engenharia Elétrica;Não;60;0;0;0;0;0;60;0;0
MAT045;Negócios;Administração;Semipresencial;MAT045_D001;Disciplina 1 - Administração;Sim;40;0;0;0;40;0;0;0;1
MAT045;Negócios;Administração;Semipresencial;MAT045_D002;Disciplina 2 - Administração;Não;80;0;0;0;70;10;0;0;1
MAT045;Negócios;Administração;Semipresencial;MAT045_D003;Disciplina 3 - Administração;Sim;120;0;0;0;100;20;0;0;1
MAT045;Negócios;Administração;Semipresencial;MAT045_D004;Disciplina 4 - Administração;Não;80;0;0;0;70;10;0;0;1
MAT045;Negócios;Administração;Semipresencial;MAT045_D005;Disciplina 5 - Administração;Sim;60;0;0;0;50;10;0;0;1
MAT045;Negócios;Administração;Semipresencial;MAT045_D006;Disciplina 6 - Administração;Sim;60;0;0;0;60;0;0;0;1
MAT045;Negócios;Administração;Semipresencial;MAT045_D007;Disciplina 7 - Administração;Não;80;0;0;0;70;10;0;0;1
MAT045;Negócios;Administração;Semipresencial;MAT045_D008;Disciplina 8 - Administração;Sim;60;0;0;0;50;10;0;0;1
MAT045;Negócios;Administração;Semipresencial;MAT045_D009;Disciplina 9 - Administração;Não;120;0;0;0;100;20;0;0;1
MAT045;Negócios;Administração;Semipresencial;MAT045_D010;Disciplina 10 - Administração;Sim;60;0;0;0;50;10;0;0;1
MAT045;Negócios;Administração;Semipresencial;MAT045_D011;Disciplina 11 - Administração;Sim;120;0;0;0;100;20;0;0;1
MAT045;Negócios;Administração;Semipresencial;MAT045_D012;Disciplina 12 - Administração;Sim;80;0;0;0;70;10;0;0;1
MAT045;Negócios;Administração;Semipresencial;MAT045_D013;Disciplina 13 - Administração;Não;80;0;0;0;70;10;0;0;1
MAT045;Negócios;Administração;Semipresencial;MAT045_D014;Disciplina 14 - Administração;Sim;120;0;0;0;100;20;0;0;1
MAT045;Negócios;Administração;Semipresencial;MAT045_D015;Disciplina 15 - Administração [PROJETO DE EXTENSÃO];Não;120;0;0;0;50;10;0;60;1
MAT045;Negócios;Administração;Semipresencial;MAT045_D016;Disciplina 16 - Administração;Sim;120;0;0;0;100;20;0;0;1
MAT045;Negócios;Administração;Semipresencial;MAT045_D017;Disciplina 17 - Administração [PROJETO DE EXTENSÃO];Sim;60;0;0;0;20;0;0;40;1
MAT045;Negócios;Administração;Semipresencial;MAT045_D018;Disciplina 18 - Administração [PROJETO DE EXTENSÃO];Sim;80;0;0;0;40;0;0;40;1
MAT045;Negócios;Administração;Semipresencial;MAT045_D019;Disciplina 19 - Administração;Sim;60;0;0;0;50;10;0;0;1
MAT045;Negócios;Administração;Semipresencial;MAT045_D020;Disciplina 20 - Administração;Sim;60;0;0;0;50;10;0;0;1
MAT045;Negócios;Administração;Semipresencial;MAT045_D021;Disciplina 21 - Administração;Sim;120;0;0;0;100;20;0;0;1
MAT045;Negócios;Administração;Semipresencial;MAT045_D022;Disciplina 22 - Administração;Sim;60;0;0;0;50;10;0;0;1
MAT045;Negócios;Administração;Semipresencial;MAT045_D023;Disciplina 23 - Administração;Não;40;0;0;0;40;0;0;0;1
MAT045;Negócios;Administração;Semipresencial;MAT045_D024;Disciplina 24 - Administração;Não;40;0;0;0;40;0;0;0;1
MAT045;Negócios;Administração;Semipresencial;MAT045_D025;Disciplina 25 - Administração;Sim;40;0;0;0;40;0;0;0;1
MAT045;Negócios;Administração;Semipresencial;MAT045_D026;Disciplina 26 - Administração;Sim;40;30;10;0;0;0;0;0;0
MAT045;Negócios;Administração;Semipresencial;MAT045_D027;Disciplina 27 - Administração;Sim;40;30;10;0;0;0;0;0;0
MAT045;Negócios;Administração;Semipresencial;MAT045_D028;Disciplina 28 - Administração [PROJETO DE EXTENSÃO];Sim;120;50;30;0;0;0;0;40;0
MAT045;Negócios;Administração;Semipresencial;MAT045_D029;Disciplina 29 - Administração;Não;60;30;30;0;0;0;0;0;0
MAT045;Negócios;Administração;Semipresencial;MAT045_D030;Disciplina 30 - Administração;Sim;60;30;30;0;0;0;0;0;0
MAT045;Negócios;Administração;Semipresencial;MAT045_D031;Disciplina 31 - Administração;Não;40;20;20;0;0;0;0;0;0
MAT045;Negócios;Administração;Semipresencial;MAT045_D032;Disciplina 32 - Administração;Não;60;30;30;0;0;0;0;0;0
MAT045;Negócios;Administração;Semipresencial;MAT045_D033;Disciplina 33 - Administração;Não;40;20;20;0;0;0;0;0;0
MAT045;Negócios;Administração;Semipresencial;MAT045_D034;Disciplina 34 - Administração;Sim;60;40;20;0;0;0;0;0;0
MAT045;Negócios;Administração;Semipresencial;MAT045_D035;Disciplina 35 - Administração;Sim;120;60;60;0;0;0;0;0;0
MAT045;Negócios;Administração;Semipresencial;MAT045_D036;Disciplina 36 - Administração;Sim;80;40;40;0;0;0;0;0;0
MAT045;Negócios;Administração;Semipresencial;MAT045_D037;Disciplina 37 - Administração;Sim;40;30;10;0;0;0;0;0;0
MAT045;Negócios;Administração;Semipresencial;MAT045_D038;Disciplina 38 - Administração;Sim;80;40;40;0;0;0;0;0;0
MAT046;Negócios;Administração;Presencial;MAT046_D001;Disciplina 1 - Administração;Não;40;0;0;0;40;0;0;0;1
MAT046;Negócios;Administração;Presencial;MAT046_D002;Disciplina 2 - Administração;Sim;80;0;0;0;80;0;0;0;1
MAT046;Negócios;Administração;Presencial;MAT046_D003;Disciplina 3 - Administração;Não;80;0;0;0;80;0;0;0;1
MAT046;Negócios;Administração;Presencial;MAT046_D004;Disciplina 4 - Administração;Não;40;0;0;0;40;0;0;0;1
MAT046;Negócios;Administração;Presencial;MAT046_D005;Disciplina 5 - Administração;Sim;120;0;0;0;120;0;0;0;1
MAT046;Negócios;Administração;Presencial;MAT046_D006;Disciplina 6 - Administração;Não;60;0;0;0;60;0;0;0;1
MAT046;Negócios;Administração;Presencial;MAT046_D007;Disciplina 7 - Administração;Sim;40;0;0;0;40;0;0;0;1
MAT046;Negócios;Administração;Presencial;MAT046_D008;Disciplina 8 - Administração;Não;40;0;0;0;40;0;0;0;1
MAT046;Negócios;Administração;Presencial;MAT046_D009;Disciplina 9 - Administração [PROJETO DE EXTENSÃO];Não;60;0;0;0;20;0;0;40;1
MAT046;Negócios;Administração;Presencial;MAT046_D010;Disciplina 10 - Administração;Não;60;0;0;0;60;0;0;0;1
MAT046;Negócios;Administração;Presencial;MAT046_D011;Disciplina 11 - Administração;Sim;60;0;0;0;60;0;0;0;1
MAT046;Negócios;Administração;Presencial;MAT046_D012;Disciplina 12 - Administração;Não;80;0;0;0;80;0;0;0;1
MAT046;Negócios;Administração;Presencial;MAT046_D013;Disciplina 13 - Administração;Não;80;0;0;0;80;0;0;0;1
MAT046;Negócios;Administração;Presencial;MAT046_D014;Disciplina 14 - Administração;Não;80;0;0;0;80;0;0;0;1
MAT046;Negócios;Administração;Presencial;MAT046_D015;Disciplina 15 - Administração;Não;120;0;0;0;120;0;0;0;1
MAT046;Negócios;Administração;Presencial;MAT046_D016;Disciplina 16 - Administração;Não;40;0;0;0;40;0;0;0;1
MAT046;Negócios;Administração;Presencial;MAT046_D017;Disciplina 17 - Administração [PROJETO DE EXTENSÃO];Não;80;0;0;0;40;0;0;40;1
MAT046;Negócios;Administração;Presencial;MAT046_D018;Disciplina 18 - Administração;Sim;120;70;50;0;0;0;0;0;0
MAT046;Negócios;Administração;Presencial;MAT046_D019;Disciplina 19 - Administração;Não;120;80;40;0;0;0;0;0;0
MAT046;Negócios;Administração;Presencial;MAT046_D020;Disciplina 20 - Administração;Não;60;30;30;0;0;0;0;0;0
MAT046;Negócios;Administração;Presencial;MAT046_D021;Disciplina 21 - Administração;Sim;60;30;30;0;0;0;0;0;0
MAT046;Negócios;Administração;Presencial;MAT046_D022;Disciplina 22 - Administração;Não;80;40;40;0;0;0;0;0;0
MAT046;Negócios;Administração;Presencial;MAT046_D023;Disciplina 23 - Administração;Não;40;30;10;0;0;0;0;0;0
MAT046;Negócios;Administração;Presencial;MAT046_D024;Disciplina 24 - Administração;Não;40;20;20;0;0;0;0;0;0
MAT046;Negócios;Administração;Presencial;MAT046_D025;Disciplina 25 - Administração;Não;40;20;20;0;0;0;0;0;0
MAT046;Negócios;Administração;Presencial;MAT046_D026;Disciplina 26 - Administração;Não;120;80;40;0;0;0;0;0;0
MAT046;Negócios;Administração;Presencial;MAT046_D027;Disciplina 27 - Administração [PROJETO DE EXTENSÃO];Não;120;40;20;0;0;0;0;60;0
MAT046;Negócios;Administração;Presencial;MAT046_D028;Disciplina 28 - Administração;Não;120;70;50;0;0;0;0;0;0
MAT046;Negócios;Administração;Presencial;MAT046_D029;Disciplina 29 - Administração;Não;120;60;60;0;0;0;0;0;0
MAT046;Negócios;Administração;Presencial;MAT046_D030;Disciplina 30 - Administração;Não;40;20;20;0;0;0;0;0;0
MAT046;Negócios;Administração;Presencial;MAT046_D031;Disciplina 31 - Administração;Sim;40;20;20;0;0;0;0;0;0
MAT046;Negócios;Administração;Presencial;MAT046_D032;Disciplina 32 - Administração;Não;60;30;30;0;0;0;0;0;0
MAT046;Negócios;Administração;Presencial;MAT046_D033;Disciplina 33 - Administração;Não;40;20;20;0;0;0;0;0;0
MAT046;Negócios;Administração;Presencial;MAT046_D034;Disciplina 34 - Administração;Não;120;60;60;0;0;0;0;0;0
MAT046;Negócios;Administração;Presencial;MAT046_D035;Disciplina 35 - Administração;Não;120;80;40;0;0;0;0;0;0
MAT046;Negócios;Administração;Presencial;MAT046_D036;Disciplina 36 - Administração;Não;80;50;30;0;0;0;0;0;0
MAT046;Negócios;Administração;Presencial;MAT046_D037;Disciplina 37 - Administração;Não;40;20;20;0;0;0;0;0;0
MAT046;Negócios;Administração;Presencial;MAT046_D038;Disciplina 38 - Administração;Sim;40;20;20;0;0;0;0;0;0
MAT046;Negócios;Administração;Presencial;MAT046_D039;Disciplina 39 - Administração;Não;60;30;30;0;0;0;0;0;0
MAT046;Negócios;Administração;Presencial;MAT046_D040;Disciplina 40 - Administração;Não;60;40;20;0;0;0;0;0;0
MAT046;Negócios;Administração;Presencial;MAT046_D041;Disciplina 41 - Administração;Não;120;80;40;0;0;0;0;0;0
MAT046;Negócios;Administração;Presencial;MAT046_D042;Disciplina 42 - Administração;Não;80;50;30;0;0;0;0;0;0
MAT046;Negócios;Administração;Presencial;MAT046_D043;Disciplina 43 - Administração;Não;40;20;20;0;0;0;0;0;0
MAT046;Negócios;Administração;Presencial;MAT046_D044;Disciplina 44 - Administração;Não;40;20;20;0;0;0;0;0;0
MAT046;Negócios;Administração;Presencial;MAT046_D045;Disciplina 45 - Administração;Sim;80;40;40;0;0;0;0;0;0
MAT046;Negócios;Administração;Presencial;MAT046_D046;Disciplina 46 - Administração;Sim;40;30;10;0;0;0;0;0;0
MAT046;Negócios;Administração;Presencial;MAT046_D047;Disciplina 47 - Administração;Não;60;30;30;0;0;0;0;0;0
MAT046;Negócios;Administração;Presencial;MAT046_D048;Disciplina 48 - Administração;Não;80;50;30;0;0;0;0;0;0
MAT046;Negócios;Administração;Presencial;MAT046_D049;Disciplina 49 - Administração;Não;40;20;20;0;0;0;0;0;0
MAT046;Negócios;Administração;Presencial;MAT046_D050;Disciplina 50 - Administração;Não;60;40;20;0;0;0;0;0;0
MAT046;Negócios;Administração;Presencial;MAT046_D051;Disciplina 51 - Administração;Não;60;30;30;0;0;0;0;0;0
MAT047;Negócios;Administração;Presencial;MAT047_D001;Disciplina 1 - Administração [PROJETO DE EXTENSÃO];Não;120;0;0;0;60;0;0;60;1
MAT047;Negócios;Administração;Presencial;MAT047_D002;Disciplina 2 - Administração;Sim;80;0;0;0;80;0;0;0;1
MAT047;Negócios;Administração;Presencial;MAT047_D003;Disciplina 3 - Administração;Não;120;0;0;0;120;0;0;0;1
MAT047;Negócios;Administração;Presencial;MAT047_D004;Disciplina 4 - Administração;Sim;60;0;0;0;60;0;0;0;1
MAT047;Negócios;Administração;Presencial;MAT047_D005;Disciplina 5 - Administração;Não;40;0;0;0;40;0;0;0;1
MAT047;Negócios;Administração;Presencial;MAT047_D006;Disciplina 6 - Administração;Não;80;0;0;0;80;0;0;0;1
MAT047;Negócios;Administração;Presencial;MAT047_D007;Disciplina 7 - Administração;Não;40;0;0;0;40;0;0;0;1
MAT047;Negócios;Administração;Presencial;MAT047_D008;Disciplina 8 - Administração;Sim;40;0;0;0;40;0;0;0;1
MAT047;Negócios;Administração;Presencial;MAT047_D009;Disciplina 9 - Administração;Não;120;0;0;0;120;0;0;0;1
MAT047;Negócios;Administração;Presencial;MAT047_D010;Disciplina 10 - Administração;Sim;60;0;0;0;60;0;0;0;1
MAT047;Negócios;Administração;Presencial;MAT047_D011;Disciplina 11 - Administração;Sim;40;0;0;0;40;0;0;0;1
MAT047;Negócios;Administração;Presencial;MAT047_D012;Disciplina 12 - Administração [PROJETO DE EXTENSÃO];Não;80;20;20;0;0;0;0;40;0
MAT047;Negócios;Administração;Presencial;MAT047_D013;Disciplina 13 - Administração;Não;120;80;40;0;0;0;0;0;0
MAT047;Negócios;Administração;Presencial;MAT047_D014;Disciplina 14 - Administração;Sim;80;40;40;0;0;0;0;0;0
MAT047;Negócios;Administração;Presencial;MAT047_D015;Disciplina 15 - Administração;Não;40;20;20;0;0;0;0;0;0
MAT047;Negócios;Administração;Presencial;MAT047_D016;Disciplina 16 - Administração;Não;80;40;40;0;0;0;0;0;0
MAT047;Negócios;Administração;Presencial;MAT047_D017;Disciplina 17 - Administração;Não;120;70;50;0;0;0;0;0;0
MAT047;Negócios;Administração;Presencial;MAT047_D018;Disciplina 18 - Administração;Sim;120;90;30;0;0;0;0;0;0
MAT047;Negócios;Administração;Presencial;MAT047_D019;Disciplina 19 - Administração;Não;60;40;20;0;0;0;0;0;0
MAT047;Negócios;Administração;Presencial;MAT047_D020;Disciplina 20 - Administração;Não;80;40;40;0;0;0;0;0;0
MAT047;Negócios;Administração;Presencial;MAT047_D021;Disciplina 21 - Administração;Sim;120;70;50;0;0;0;0;0;0
MAT047;Negócios;Administração;Presencial;MAT047_D022;Disciplina 22 - Administração;Sim;120;80;40;0;0;0;0;0;0
MAT047;Negócios;Administração;Presencial;MAT047_D023;Disciplina 23 - Administração [PROJETO DE EXTENSÃO];Não;60;10;10;0;0;0;0;40;0
MAT047;Negócios;Administração;Presencial;MAT047_D024;Disciplina 24 - Administração;Não;120;60;60;0;0;0;0;0;0
MAT047;Negócios;Administração;Presencial;MAT047_D025;Disciplina 25 - Administração;Sim;40;30;10;0;0;0;0;0;0
MAT047;Negócios;Administração;Presencial;MAT047_D026;Disciplina 26 - Administração;Não;80;50;30;0;0;0;0;0;0
MAT047;Negócios;Administração;Presencial;MAT047_D027;Disciplina 27 - Administração;Sim;60;30;30;0;0;0;0;0;0
MAT047;Negócios;Administração;Presencial;MAT047_D028;Disciplina 28 - Administração;Não;40;30;10;0;0;0;0;0;0
MAT047;Negócios;Administração;Presencial;MAT047_D029;Disciplina 29 - Administração;Não;40;20;20;0;0;0;0;0;0
MAT047;Negócios;Administração;Presencial;MAT047_D030;Disciplina 30 - Administração;Sim;80;40;40;0;0;0;0;0;0
MAT047;Negócios;Administração;Presencial;MAT047_D031;Disciplina 31 - Administração;Sim;60;40;20;0;0;0;0;0;0
MAT047;Negócios;Administração;Presencial;MAT047_D032;Disciplina 32 - Administração;Sim;120;80;40;0;0;0;0;0;0
MAT047;Negócios;Administração;Presencial;MAT047_D033;Disciplina 33 - Administração;Não;60;40;20;0;0;0;0;0;0
MAT047;Negócios;Administração;Presencial;MAT047_D034;Disciplina 34 - Administração;Sim;120;90;30;0;0;0;0;0;0
MAT047;Negócios;Administração;Presencial;MAT047_D035;Disciplina 35 - Administração;Não;80;40;40;0;0;0;0;0;0
MAT047;Negócios;Administração;Presencial;MAT047_D036;Disciplina 36 - Administração;Não;80;60;20;0;0;0;0;0;0
MAT047;Negócios;Administração;Presencial;MAT047_D037;Disciplina 37 - Administração;Sim;40;20;20;0;0;0;0;0;0
MAT047;Negócios;Administração;Presencial;MAT047_D038;Disciplina 38 - Administração;Não;40;20;20;0;0;0;0;0;0
MAT047;Negócios;Administração;Presencial;MAT047_D039;Disciplina 39 - Administração;Sim;40;20;20;0;0;0;0;0;0
MAT047;Negócios;Administração;Presencial;MAT047_D040;Disciplina 40 - Administração [PROJETO DE EXTENSÃO];Sim;80;10;10;0;0;0;0;60;0
MAT047;Negócios;Administração;Presencial;MAT047_D041;Disciplina 41 - Administração;Sim;120;60;60;0;0;0;0;0;0
MAT047;Negócios;Administração;Presencial;MAT047_D042;Disciplina 42 - Administração;Não;80;60;20;0;0;0;0;0;0
MAT047;Negócios;Administração;Presencial;MAT047_D043;Disciplina 43 - Administração;Não;80;40;40;0;0;0;0;0;0
MAT047;Negócios;Administração;Presencial;MAT047_D044;Disciplina 44 - Administração;Não;40;20;20;0;0;0;0;0;0
MAT047;Negócios;Administração;Presencial;MAT047_D045;Disciplina 45 - Administração;Não;60;30;30;0;0;0;0;0;0
MAT047;Negócios;Administração;Presencial;MAT047_D046;Disciplina 46 - Administração;Não;40;20;20;0;0;0;0;0;0
MAT047;Negócios;Administração;Presencial;MAT047_D047;Disciplina 47 - Administração [PROJETO DE EXTENSÃO];Não;60;10;10;0;0;0;0;40;0
MAT047;Negócios;Administração;Presencial;MAT047_D048;Disciplina 48 - Administração;Não;60;30;30;0;0;0;0;0;0
MAT048;Negócios;Logística;Semipresencial;MAT048_D001;Disciplina 1 - Logística;Não;40;0;0;0;40;0;0;0;1
MAT048;Negócios;Logística;Semipresencial;MAT048_D002;Disciplina 2 - Logística;Sim;80;0;0;0;60;20;0;0;1
MAT048;Negócios;Logística;Semipresencial;MAT048_D003;Disciplina 3 - Logística;Não;40;0;0;0;40;0;0;0;1
MAT048;Negócios;Logística;Semipresencial;MAT048_D004;Disciplina 4 - Logística;Não;80;0;0;0;70;10;0;0;1
MAT048;Negócios;Logística;Semipresencial;MAT048_D005;Disciplina 5 - Logística;Não;120;0;0;0;100;20;0;0;1
MAT048;Negócios;Logística;Semipresencial;MAT048_D006;Disciplina 6 - Logística;Sim;40;0;0;0;40;0;0;0;1
MAT048;Negócios;Logística;Semipresencial;MAT048_D007;Disciplina 7 - Logística [PROJETO DE EXTENSÃO];Sim;80;0;0;0;30;10;0;40;1
MAT048;Negócios;Logística;Semipresencial;MAT048_D008;Disciplina 8 - Logística;Não;120;0;0;0;100;20;0;0;1
MAT048;Negócios;Logística;Semipresencial;MAT048_D009;Disciplina 9 - Logística [PROJETO DE EXTENSÃO];Sim;120;0;0;0;70;10;0;40;1
MAT048;Negócios;Logística;Semipresencial;MAT048_D010;Disciplina 10 - Logística;Não;40;0;0;0;30;10;0;0;1
MAT048;Negócios;Logística;Semipresencial;MAT048_D011;Disciplina 11 - Logística;Sim;60;0;0;0;50;10;0;0;1
MAT048;Negócios;Logística;Semipresencial;MAT048_D012;Disciplina 12 - Logística;Não;60;0;0;0;50;10;0;0;1
MAT048;Negócios;Logística;Semipresencial;MAT048_D013;Disciplina 13 - Logística;Sim;120;0;0;0;110;10;0;0;1
MAT048;Negócios;Logística;Semipresencial;MAT048_D014;Disciplina 14 - Logística;Sim;60;0;0;0;50;10;0;0;1
MAT048;Negócios;Logística;Semipresencial;MAT048_D015;Disciplina 15 - Logística;Sim;60;0;0;0;60;0;0;0;1
MAT048;Negócios;Logística;Semipresencial;MAT048_D016;Disciplina 16 - Logística [PROJETO DE EXTENSÃO];Sim;80;0;0;0;30;10;0;40;1
MAT048;Negócios;Logística;Semipresencial;MAT048_D017;Disciplina 17 - Logística [PROJETO DE EXTENSÃO];Sim;80;0;0;0;40;0;0;40;1
MAT048;Negócios;Logística;Semipresencial;MAT048_D018;Disciplina 18 - Logística;Não;80;0;0;0;70;10;0;0;1
MAT048;Negócios;Logística;Semipresencial;MAT048_D019;Disciplina 19 - Logística;Sim;120;0;0;0;100;20;0;0;1
MAT048;Negócios;Logística;Semipresencial;MAT048_D020;Disciplina 20 - Logística;Sim;60;30;30;0;0;0;0;0;0
MAT048;Negócios;Logística;Semipresencial;MAT048_D021;Disciplina 21 - Logística;Sim;40;20;20;0;0;0;0;0;0
MAT048;Negócios;Logística;Semipresencial;MAT048_D022;Disciplina 22 - Logística [PROJETO DE EXTENSÃO];Sim;60;10;10;0;0;0;0;40;0
MAT048;Negócios;Logística;Semipresencial;MAT048_D023;Disciplina 23 - Logística;Não;120;80;40;0;0;0;0;0;0
MAT048;Negócios;Logística;Semipresencial;MAT048_D024;Disciplina 24 - Logística;Sim;80;40;40;0;0;0;0;0;0
MAT048;Negócios;Logística;Semipresencial;MAT048_D025;Disciplina 25 - Logística;Não;120;70;50;0;0;0;0;0;0
MAT048;Negócios;Logística;Semipresencial;MAT048_D026;Disciplina 26 - Logística;Sim;80;40;40;0;0;0;0;0;0
MAT048;Negócios;Logística;Semipresencial;MAT048_D027;Disciplina 27 - Logística;Sim;120;80;40;0;0;0;0;0;0
MAT048;Negócios;Logística;Semipresencial;MAT048_D028;Disciplina 28 - Logística;Não;40;30;10;0;0;0;0;0;0
MAT048;Negócios;Logística;Semipresencial;MAT048_D029;Disciplina 29 - Logística;Não;80;40;40;0;0;0;0;0;0
MAT048;Negócios;Logística;Semipresencial;MAT048_D030;Disciplina 30 - Logística;Sim;80;60;20;0;0;0;0;0;0
MAT048;Negócios;Logística;Semipresencial;MAT048_D031;Disciplina 31 - Logística;Sim;60;30;30;0;0;0;0;0;0
MAT048;Negócios;Logística;Semipresencial;MAT048_D032;Disciplina 32 - Logística;Sim;120;60;60;0;0;0;0;0;0
MAT048;Negócios;Logística;Semipresencial;MAT048_D033;Disciplina 33 - Logística;Sim;60;30;30;0;0;0;0;0;0
MAT048;Negócios;Logística;Semipresencial;MAT048_D034;Disciplina 34 - Logística;Não;120;70;50;0;0;0;0;0;0
MAT048;Negócios;Logística;Semipresencial;MAT048_D035;Disciplina 35 - Logística;Sim;40;20;20;0;0;0;0;0;0
MAT048;Negócios;Logística;Semipresencial;MAT048_D036;Disciplina 36 - Logística;Não;60;40;20;0;0;0;0;0;0
MAT048;Negócios;Logística;Semipresencial;MAT048_D037;Disciplina 37 - Logística;Não;80;60;20;0;0;0;0;0;0
MAT048;Negócios;Logística;Semipresencial;MAT048_D038;Disciplina 38 - Logística;Não;40;30;10;0;0;0;0;0;0
MAT048;Negócios;Logística;Semipresencial;MAT048_D039;Disciplina 39 - Logística;Sim;120;70;50;0;0;0;0;0;0
MAT048;Negócios;Logística;Semipresencial;MAT048_D040;Disciplina 40 - Logística;Sim;80;40;40;0;0;0;0;0;0
MAT048;Negócios;Logística;Semipresencial;MAT048_D041;Estágio Supervisionado - Logística;Não;60;0;0;0;0;0;60;0;0
MAT049;Licenciaturas;História;Presencial;MAT049_D001;Disciplina 1 - História;Sim;60;0;0;0;60;0;0;0;1
MAT049;Licenciaturas;História;Presencial;MAT049_D002;Disciplina 2 - História;Não;80;0;0;0;80;0;0;0;1
MAT049;Licenciaturas;História;Presencial;MAT049_D003;Disciplina 3 - História;Sim;80;0;0;0;80;0;0;0;1
MAT049;Licenciaturas;História;Presencial;MAT049_D004;Disciplina 4 - História;Não;60;0;0;0;60;0;0;0;1
MAT049;Licenciaturas;História;Presencial;MAT049_D005;Disciplina 5 - História;Não;120;0;0;0;120;0;0;0;1
MAT049;Licenciaturas;História;Presencial;MAT049_D006;Disciplina 6 - História [PROJETO DE EXTENSÃO];Sim;80;0;0;0;40;0;0;40;1
MAT049;Licenciaturas;História;Presencial;MAT049_D007;Disciplina 7 - História;Não;60;0;0;0;60;0;0;0;1
MAT049;Licenciaturas;História;Presencial;MAT049_D008;Disciplina 8 - História;Não;120;0;0;0;120;0;0;0;1
MAT049;Licenciaturas;História;Presencial;MAT049_D009;Disciplina 9 - História [PROJETO DE EXTENSÃO];Não;80;0;0;0;40;0;0;40;1
MAT049;Licenciaturas;História;Presencial;MAT049_D010;Disciplina 10 - História;Não;80;0;0;0;80;0;0;0;1
MAT049;Licenciaturas;História;Presencial;MAT049_D011;Disciplina 11 - História;Não;120;0;0;0;120;0;0;0;1
MAT049;Licenciaturas;História;Presencial;MAT049_D012;Disciplina 12 - História;Sim;60;0;0;0;60;0;0;0;1
MAT049;Licenciaturas;História;Presencial;MAT049_D013;Disciplina 13 - História;Não;80;0;0;0;80;0;0;0;1
MAT049;Licenciaturas;História;Presencial;MAT049_D014;Disciplina 14 - História;Não;120;0;0;0;120;0;0;0;1
MAT049;Licenciaturas;História;Presencial;MAT049_D015;Disciplina 15 - História [PROJETO DE EXTENSÃO];Sim;80;0;0;0;40;0;0;40;1
MAT049;Licenciaturas;História;Presencial;MAT049_D016;Disciplina 16 - História;Sim;120;0;0;0;120;0;0;0;1
MAT049;Licenciaturas;História;Presencial;MAT049_D017;Disciplina 17 - História;Não;80;0;0;0;80;0;0;0;1
MAT049;Licenciaturas;História;Presencial;MAT049_D018;Disciplina 18 - História;Não;40;0;0;0;40;0;0;0;1
MAT049;Licenciaturas;História;Presencial;MAT049_D019;Disciplina 19 - História;Sim;60;0;0;0;60;0;0;0;1
MAT049;Licenciaturas;História;Presencial;MAT049_D020;Disciplina 20 - História [PROJETO DE EXTENSÃO];Sim;60;0;0;0;20;0;0;40;1
MAT049;Licenciaturas;História;Presencial;MAT049_D021;Disciplina 21 - História;Não;40;0;0;0;40;0;0;0;1
MAT049;Licenciaturas;História;Presencial;MAT049_D022;Disciplina 22 - História;Não;120;0;0;0;120;0;0;0;1
MAT049;Licenciaturas;História;Presencial;MAT049_D023;Disciplina 23 - História [PROJETO DE EXTENSÃO];Não;60;0;0;0;20;0;0;40;1
MAT049;Licenciaturas;História;Presencial;MAT049_D024;Disciplina 24 - História;Sim;120;0;0;0;120;0;0;0;1
MAT049;Licenciaturas;História;Presencial;MAT049_D025;Disciplina 25 - História;Sim;80;0;0;0;80;0;0;0;1
MAT049;Licenciaturas;História;Presencial;MAT049_D026;Disciplina 26 - História;Não;40;0;0;0;40;0;0;0;1
MAT049;Licenciaturas;História;Presencial;MAT049_D027;Disciplina 27 - História;Sim;120;0;0;0;120;0;0;0;1
MAT049;Licenciaturas;História;Presencial;MAT049_D028;Disciplina 28 - História;Não;120;0;0;0;120;0;0;0;1
MAT049;Licenciaturas;História;Presencial;MAT049_D029;Disciplina 29 - História;Não;60;0;0;0;60;0;0;0;1
MAT049;Licenciaturas;História;Presencial;MAT049_D030;Disciplina 30 - História [PROJETO DE EXTENSÃO];Sim;80;10;10;0;0;0;0;60;0
MAT049;Licenciaturas;História;Presencial;MAT049_D031;Disciplina 31 - História;Não;60;30;30;0;0;0;0;0;0
MAT049;Licenciaturas;História;Presencial;MAT049_D032;Disciplina 32 - História;Não;80;40;40;0;0;0;0;0;0
MAT049;Licenciaturas;História;Presencial;MAT049_D033;Disciplina 33 - História;Sim;60;30;30;0;0;0;0;0;0
MAT049;Licenciaturas;História;Presencial;MAT049_D034;Disciplina 34 - História;Não;120;70;50;0;0;0;0;0;0
MAT049;Licenciaturas;História;Presencial;MAT049_D035;Disciplina 35 - História;Não;120;60;60;0;0;0;0;0;0
MAT049;Licenciaturas;História;Presencial;MAT049_D036;Disciplina 36 - História;Não;40;20;20;0;0;0;0;0;0
MAT049;Licenciaturas;História;Presencial;MAT049_D037;Disciplina 37 - História;Não;120;70;50;0;0;0;0;0;0
MAT049;Licenciaturas;História;Presencial;MAT049_D038;Disciplina 38 - História;Não;120;60;60;0;0;0;0;0;0
MAT049;Licenciaturas;História;Presencial;MAT049_D039;Disciplina 39 - História;Não;120;70;50;0;0;0;0;0;0
MAT049;Licenciaturas;História;Presencial;MAT049_D040;Disciplina 40 - História;Não;120;60;60;0;0;0;0;0;0
MAT049;Licenciaturas;História;Presencial;MAT049_D041;Disciplina 41 - História;Sim;40;20;20;0;0;0;0;0;0
MAT049;Licenciaturas;História;Presencial;MAT049_D042;Disciplina 42 - História;Não;80;50;30;0;0;0;0;0;0
MAT049;Licenciaturas;História;Presencial;MAT049_D043;Disciplina 43 - História;Não;40;20;20;0;0;0;0;0;0
MAT049;Licenciaturas;História;Presencial;MAT049_D044;Disciplina 44 - História;Não;40;20;20;0;0;0;0;0;0
MAT049;Licenciaturas;História;Presencial;MAT049_D045;Disciplina 45 - História;Sim;60;30;30;0;0;0;0;0;0
MAT049;Licenciaturas;História;Presencial;MAT049_D046;Disciplina 46 - História;Não;80;40;40;0;0;0;0;0;0
MAT049;Licenciaturas;História;Presencial;MAT049_D047;Disciplina 47 - História;Não;60;30;30;0;0;0;0;0;0
MAT049;Licenciaturas;História;Presencial;MAT049_D048;Estágio Supervisionado - História;Não;40;0;0;0;0;0;40;0;0
MAT049;Licenciaturas;História;Presencial;MAT049_D049;Estágio Supervisionado - História;Não;120;0;0;0;0;0;120;0;0
MAT050;Licenciaturas;História;Presencial;MAT050_D001;Disciplina 1 - História;Sim;60;0;0;0;60;0;0;0;1
MAT050;Licenciaturas;História;Presencial;MAT050_D002;Disciplina 2 - História;Não;120;0;0;0;120;0;0;0;1
MAT050;Licenciaturas;História;Presencial;MAT050_D003;Disciplina 3 - História;Sim;80;0;0;0;80;0;0;0;1
MAT050;Licenciaturas;História;Presencial;MAT050_D004;Disciplina 4 - História;Não;120;0;0;0;120;0;0;0;1
MAT050;Licenciaturas;História;Presencial;MAT050_D005;Disciplina 5 - História;Não;120;0;0;0;120;0;0;0;1
MAT050;Licenciaturas;História;Presencial;MAT050_D006;Disciplina 6 - História [PROJETO DE EXTENSÃO];Não;60;0;0;0;20;0;0;40;1
MAT050;Licenciaturas;História;Presencial;MAT050_D007;Disciplina 7 - História;Sim;80;40;40;0;0;0;0;0;0
MAT050;Licenciaturas;História;Presencial;MAT050_D008;Disciplina 8 - História;Sim;40;20;20;0;0;0;0;0;0
MAT050;Licenciaturas;História;Presencial;MAT050_D009;Disciplina 9 - História;Não;120;70;40;10;0;0;0;0;0
MAT050;Licenciaturas;História;Presencial;MAT050_D010;Disciplina 10 - História;Sim;40;20;20;0;0;0;0;0;0
MAT050;Licenciaturas;História;Presencial;MAT050_D011;Disciplina 11 - História [PROJETO DE EXTENSÃO];Não;80;10;10;0;0;0;0;60;0
MAT050;Licenciaturas;História;Presencial;MAT050_D012;Disciplina 12 - História;Não;120;60;60;0;0;0;0;0;0
MAT050;Licenciaturas;História;Presencial;MAT050_D013;Disciplina 13 - História;Não;40;20;20;0;0;0;0;0;0
MAT050;Licenciaturas;História;Presencial;MAT050_D014;Disciplina 14 - História;Não;40;20;20;0;0;0;0;0;0
MAT050;Licenciaturas;História;Presencial;MAT050_D015;Disciplina 15 - História [PROJETO DE EXTENSÃO];Não;60;10;10;0;0;0;0;40;0
MAT050;Licenciaturas;História;Presencial;MAT050_D016;Disciplina 16 - História [PROJETO DE EXTENSÃO];Sim;80;10;10;0;0;0;0;60;0
MAT050;Licenciaturas;História;Presencial;MAT050_D017;Disciplina 17 - História;Sim;80;50;30;0;0;0;0;0;0
MAT050;Licenciaturas;História;Presencial;MAT050_D018;Disciplina 18 - História;Sim;80;50;30;0;0;0;0;0;0
MAT050;Licenciaturas;História;Presencial;MAT050_D019;Disciplina 19 - História;Sim;120;60;60;0;0;0;0;0;0
MAT050;Licenciaturas;História;Presencial;MAT050_D020;Disciplina 20 - História;Não;60;30;30;0;0;0;0;0;0
MAT050;Licenciaturas;História;Presencial;MAT050_D021;Disciplina 21 - História;Não;120;70;50;0;0;0;0;0;0
MAT050;Licenciaturas;História;Presencial;MAT050_D022;Disciplina 22 - História;Não;80;50;30;0;0;0;0;0;0
MAT050;Licenciaturas;História;Presencial;MAT050_D023;Disciplina 23 - História;Não;120;80;40;0;0;0;0;0;0
MAT050;Licenciaturas;História;Presencial;MAT050_D024;Disciplina 24 - História;Não;40;20;20;0;0;0;0;0;0
MAT050;Licenciaturas;História;Presencial;MAT050_D025;Disciplina 25 - História;Não;120;60;60;0;0;0;0;0;0
MAT050;Licenciaturas;História;Presencial;MAT050_D026;Disciplina 26 - História;Não;120;70;50;0;0;0;0;0;0
MAT050;Licenciaturas;História;Presencial;MAT050_D027;Disciplina 27 - História;Não;80;40;40;0;0;0;0;0;0
MAT050;Licenciaturas;História;Presencial;MAT050_D028;Estágio Supervisionado - História;Não;40;0;0;0;0;0;40;0;0
MAT050;Licenciaturas;História;Presencial;MAT050_D029;Estágio Supervisionado - História;Não;80;0;0;0;0;0;80;0;0
MAT051;Saúde;Medicina;Presencial;MAT051_D001;Disciplina 1 - Medicina;Sim;60;0;0;0;60;0;0;0;1
MAT051;Saúde;Medicina;Presencial;MAT051_D002;Disciplina 2 - Medicina;Sim;60;0;0;0;60;0;0;0;1
MAT051;Saúde;Medicina;Presencial;MAT051_D003;Disciplina 3 - Medicina;Não;60;0;0;0;60;0;0;0;1
MAT051;Saúde;Medicina;Presencial;MAT051_D004;Disciplina 4 - Medicina;Não;60;0;0;0;60;0;0;0;1
MAT051;Saúde;Medicina;Presencial;MAT051_D005;Disciplina 5 - Medicina;Não;80;0;0;0;80;0;0;0;1
MAT051;Saúde;Medicina;Presencial;MAT051_D006;Disciplina 6 - Medicina;Não;120;0;0;0;120;0;0;0;1
MAT051;Saúde;Medicina;Presencial;MAT051_D007;Disciplina 7 - Medicina;Sim;120;0;0;0;120;0;0;0;1
MAT051;Saúde;Medicina;Presencial;MAT051_D008;Disciplina 8 - Medicina;Não;60;0;0;0;60;0;0;0;1
MAT051;Saúde;Medicina;Presencial;MAT051_D009;Disciplina 9 - Medicina;Não;120;0;0;0;120;0;0;0;1
MAT051;Saúde;Medicina;Presencial;MAT051_D010;Disciplina 10 - Medicina;Não;60;0;0;0;60;0;0;0;1
MAT051;Saúde;Medicina;Presencial;MAT051_D011;Disciplina 11 - Medicina;Sim;60;0;0;0;60;0;0;0;1
MAT051;Saúde;Medicina;Presencial;MAT051_D012;Disciplina 12 - Medicina;Não;120;0;0;0;120;0;0;0;1
MAT051;Saúde;Medicina;Presencial;MAT051_D013;Disciplina 13 - Medicina [PROJETO DE EXTENSÃO];Não;120;0;0;0;60;0;0;60;1
MAT051;Saúde;Medicina;Presencial;MAT051_D014;Disciplina 14 - Medicina;Não;40;0;0;0;40;0;0;0;1
MAT051;Saúde;Medicina;Presencial;MAT051_D015;Disciplina 15 - Medicina;Não;60;0;0;0;60;0;0;0;1
MAT051;Saúde;Medicina;Presencial;MAT051_D016;Disciplina 16 - Medicina;Não;120;0;0;0;120;0;0;0;1
MAT051;Saúde;Medicina;Presencial;MAT051_D017;Disciplina 17 - Medicina;Sim;120;0;0;0;120;0;0;0;1
MAT051;Saúde;Medicina;Presencial;MAT051_D018;Disciplina 18 - Medicina;Não;120;0;0;0;120;0;0;0;1
MAT051;Saúde;Medicina;Presencial;MAT051_D019;Disciplina 19 - Medicina;Sim;40;0;0;0;40;0;0;0;1
MAT051;Saúde;Medicina;Presencial;MAT051_D020;Disciplina 20 - Medicina;Não;60;0;0;0;60;0;0;0;1
MAT051;Saúde;Medicina;Presencial;MAT051_D021;Disciplina 21 - Medicina [PROJETO DE EXTENSÃO];Sim;60;0;0;0;20;0;0;40;1
MAT051;Saúde;Medicina;Presencial;MAT051_D022;Disciplina 22 - Medicina [PROJETO DE EXTENSÃO];Não;80;0;0;0;20;0;0;60;1
MAT051;Saúde;Medicina;Presencial;MAT051_D023;Disciplina 23 - Medicina;Sim;40;0;0;0;40;0;0;0;1
MAT051;Saúde;Medicina;Presencial;MAT051_D024;Disciplina 24 - Medicina;Não;40;0;0;0;40;0;0;0;1
MAT051;Saúde;Medicina;Presencial;MAT051_D025;Disciplina 25 - Medicina;Não;60;0;0;0;60;0;0;0;1
MAT051;Saúde;Medicina;Presencial;MAT051_D026;Disciplina 26 - Medicina;Não;80;0;0;0;80;0;0;0;1
MAT051;Saúde;Medicina;Presencial;MAT051_D027;Disciplina 27 - Medicina;Não;80;0;0;0;80;0;0;0;1
MAT051;Saúde;Medicina;Presencial;MAT051_D028;Disciplina 28 - Medicina;Não;60;0;0;0;60;0;0;0;1
MAT051;Saúde;Medicina;Presencial;MAT051_D029;Disciplina 29 - Medicina;Não;120;30;40;50;0;0;0;0;0
MAT051;Saúde;Medicina;Presencial;MAT051_D030;Disciplina 30 - Medicina;Sim;40;0;20;20;0;0;0;0;0
MAT051;Saúde;Medicina;Presencial;MAT051_D031;Disciplina 31 - Medicina;Sim;80;20;30;30;0;0;0;0;0
MAT051;Saúde;Medicina;Presencial;MAT051_D032;Disciplina 32 - Medicina [PROJETO DE EXTENSÃO];Sim;120;10;20;30;0;0;0;60;0
MAT051;Saúde;Medicina;Presencial;MAT051_D033;Disciplina 33 - Medicina;Sim;80;10;30;40;0;0;0;0;0
MAT051;Saúde;Medicina;Presencial;MAT051_D034;Disciplina 34 - Medicina;Não;120;20;40;60;0;0;0;0;0
MAT051;Saúde;Medicina;Presencial;MAT051_D035;Disciplina 35 - Medicina;Não;120;20;40;60;0;0;0;0;0
MAT051;Saúde;Medicina;Presencial;MAT051_D036;Disciplina 36 - Medicina;Não;40;10;20;10;0;0;0;0;0
MAT051;Saúde;Medicina;Presencial;MAT051_D037;Disciplina 37 - Medicina;Não;80;10;30;40;0;0;0;0;0
MAT051;Saúde;Medicina;Presencial;MAT051_D038;Disciplina 38 - Medicina;Sim;80;10;30;40;0;0;0;0;0
MAT051;Saúde;Medicina;Presencial;MAT051_D039;Disciplina 39 - Medicina;Não;120;20;40;60;0;0;0;0;0
MAT051;Saúde;Medicina;Presencial;MAT051_D040;Disciplina 40 - Medicina [PROJETO DE EXTENSÃO];Não;60;0;20;0;0;0;0;40;0
MAT051;Saúde;Medicina;Presencial;MAT051_D041;Disciplina 41 - Medicina;Sim;80;20;30;30;0;0;0;0;0
MAT051;Saúde;Medicina;Presencial;MAT051_D042;Disciplina 42 - Medicina;Não;40;10;20;10;0;0;0;0;0
MAT051;Saúde;Medicina;Presencial;MAT051_D043;Disciplina 43 - Medicina [PROJETO DE EXTENSÃO];Não;60;0;20;0;0;0;0;40;0
MAT051;Saúde;Medicina;Presencial;MAT051_D044;Disciplina 44 - Medicina;Não;80;20;30;30;0;0;0;0;0
MAT051;Saúde;Medicina;Presencial;MAT051_D045;Disciplina 45 - Medicina;Sim;40;0;20;20;0;0;0;0;0
MAT051;Saúde;Medicina;Presencial;MAT051_D046;Disciplina 46 - Medicina;Não;60;10;20;30;0;0;0;0;0
MAT051;Saúde;Medicina;Presencial;MAT051_D047;Disciplina 47 - Medicina;Sim;80;20;20;40;0;0;0;0;0
MAT051;Saúde;Medicina;Presencial;MAT051_D048;Disciplina 48 - Medicina;Sim;40;0;20;20;0;0;0;0;0
MAT051;Saúde;Medicina;Presencial;MAT051_D049;Disciplina 49 - Medicina;Não;60;10;30;20;0;0;0;0;0
MAT051;Saúde;Medicina;Presencial;MAT051_D050;Disciplina 50 - Medicina;Sim;80;10;30;40;0;0;0;0;0
MAT051;Saúde;Medicina;Presencial;MAT051_D051;Disciplina 51 - Medicina;Sim;60;10;20;30;0;0;0;0;0
MAT051;Saúde;Medicina;Presencial;MAT051_D052;Disciplina 52 - Medicina;Não;120;30;30;60;0;0;0;0;0
MAT051;Saúde;Medicina;Presencial;MAT051_D053;Disciplina 53 - Medicina;Não;120;30;40;50;0;0;0;0;0
MAT051;Saúde;Medicina;Presencial;MAT051_D054;Disciplina 54 - Medicina;Não;60;10;20;30;0;0;0;0;0
MAT051;Saúde;Medicina;Presencial;MAT051_D055;Disciplina 55 - Medicina;Não;120;20;40;60;0;0;0;0;0
MAT051;Saúde;Medicina;Presencial;MAT051_D056;Disciplina 56 - Medicina;Não;120;30;40;50;0;0;0;0;0
MAT051;Saúde;Medicina;Presencial;MAT051_D057;Disciplina 57 - Medicina;Não;60;10;30;20;0;0;0;0;0
MAT051;Saúde;Medicina;Presencial;MAT051_D058;Disciplina 58 - Medicina;Não;120;30;30;60;0;0;0;0;0
MAT051;Saúde;Medicina;Presencial;MAT051_D059;Disciplina 59 - Medicina;Sim;60;10;30;20;0;0;0;0;0
MAT051;Saúde;Medicina;Presencial;MAT051_D060;Disciplina 60 - Medicina;Sim;60;10;20;30;0;0;0;0;0
MAT051;Saúde;Medicina;Presencial;MAT051_D061;Disciplina 61 - Medicina [PROJETO DE EXTENSÃO];Sim;120;10;30;40;0;0;0;40;0
MAT051;Saúde;Medicina;Presencial;MAT051_D062;Estágio Supervisionado - Medicina;Não;80;0;0;0;0;0;80;0;0
MAT051;Saúde;Medicina;Presencial;MAT051_D063;Estágio Supervisionado - Medicina;Não;60;0;0;0;0;0;60;0;0
MAT052;Engenharias;Engenharia de Produção;100% EAD;MAT052_D001;Disciplina 1 - Engenharia de Produção;Sim;40;0;0;0;40;0;0;0;1
MAT052;Engenharias;Engenharia de Produção;100% EAD;MAT052_D002;Disciplina 2 - Engenharia de Produção;Não;80;0;0;0;70;10;0;0;1
MAT052;Engenharias;Engenharia de Produção;100% EAD;MAT052_D003;Disciplina 3 - Engenharia de Produção;Sim;40;0;0;0;40;0;0;0;1
MAT052;Engenharias;Engenharia de Produção;100% EAD;MAT052_D004;Disciplina 4 - Engenharia de Produção;Não;120;0;0;0;100;20;0;0;1
MAT052;Engenharias;Engenharia de Produção;100% EAD;MAT052_D005;Disciplina 5 - Engenharia de Produção;Sim;60;0;0;0;50;10;0;0;1
MAT052;Engenharias;Engenharia de Produção;100% EAD;MAT052_D006;Disciplina 6 - Engenharia de Produção;Sim;60;0;0;0;50;10;0;0;1
MAT052;Engenharias;Engenharia de Produção;100% EAD;MAT052_D007;Disciplina 7 - Engenharia de Produção;Não;120;0;0;0;100;20;0;0;1
MAT052;Engenharias;Engenharia de Produção;100% EAD;MAT052_D008;Disciplina 8 - Engenharia de Produção [PROJETO DE EXTENSÃO];Sim;120;0;0;0;50;10;0;60;1
MAT052;Engenharias;Engenharia de Produção;100% EAD;MAT052_D009;Disciplina 9 - Engenharia de Produção;Sim;120;0;0;0;90;30;0;0;1
MAT052;Engenharias;Engenharia de Produção;100% EAD;MAT052_D010;Disciplina 10 - Engenharia de Produção;Não;120;0;0;0;100;20;0;0;1
MAT052;Engenharias;Engenharia de Produção;100% EAD;MAT052_D011;Disciplina 11 - Engenharia de Produção;Não;120;0;0;0;100;20;0;0;1
MAT052;Engenharias;Engenharia de Produção;100% EAD;MAT052_D012;Disciplina 12 - Engenharia de Produção;Sim;120;0;0;0;100;20;0;0;1
MAT052;Engenharias;Engenharia de Produção;100% EAD;MAT052_D013;Disciplina 13 - Engenharia de Produção;Não;120;0;0;0;110;10;0;0;1
MAT052;Engenharias;Engenharia de Produção;100% EAD;MAT052_D014;Disciplina 14 - Engenharia de Produção;Sim;60;0;0;0;50;10;0;0;1
MAT052;Engenharias;Engenharia de Produção;100% EAD;MAT052_D015;Disciplina 15 - Engenharia de Produção;Sim;40;0;0;0;40;0;0;0;1
MAT052;Engenharias;Engenharia de Produção;100% EAD;MAT052_D016;Disciplina 16 - Engenharia de Produção;Não;40;0;0;0;40;0;0;0;1
MAT052;Engenharias;Engenharia de Produção;100% EAD;MAT052_D017;Disciplina 17 - Engenharia de Produção [PROJETO DE EXTENSÃO];Sim;60;0;0;0;20;0;0;40;1
MAT052;Engenharias;Engenharia de Produção;100% EAD;MAT052_D018;Disciplina 18 - Engenharia de Produção [PROJETO DE EXTENSÃO];Não;80;0;0;0;40;0;0;40;1
MAT052;Engenharias;Engenharia de Produção;100% EAD;MAT052_D019;Disciplina 19 - Engenharia de Produção;Sim;40;0;0;0;40;0;0;0;1
MAT052;Engenharias;Engenharia de Produção;100% EAD;MAT052_D020;Disciplina 20 - Engenharia de Produção;Sim;80;0;0;0;70;10;0;0;1
MAT052;Engenharias;Engenharia de Produção;100% EAD;MAT052_D021;Disciplina 21 - Engenharia de Produção;Não;60;0;0;0;50;10;0;0;1
MAT052;Engenharias;Engenharia de Produção;100% EAD;MAT052_D022;Disciplina 22 - Engenharia de Produção;Sim;80;0;0;0;70;10;0;0;1
MAT052;Engenharias;Engenharia de Produção;100% EAD;MAT052_D023;Disciplina 23 - Engenharia de Produção;Não;60;0;0;0;50;10;0;0;1
MAT052;Engenharias;Engenharia de Produção;100% EAD;MAT052_D024;Disciplina 24 - Engenharia de Produção;Não;120;0;0;0;90;30;0;0;1
MAT052;Engenharias;Engenharia de Produção;100% EAD;MAT052_D025;Disciplina 25 - Engenharia de Produção;Não;120;0;0;0;100;20;0;0;1
MAT052;Engenharias;Engenharia de Produção;100% EAD;MAT052_D026;Disciplina 26 - Engenharia de Produção;Sim;40;0;0;0;30;10;0;0;1
MAT052;Engenharias;Engenharia de Produção;100% EAD;MAT052_D027;Disciplina 27 - Engenharia de Produção;Não;40;0;0;0;40;0;0;0;1
MAT052;Engenharias;Engenharia de Produção;100% EAD;MAT052_D028;Disciplina 28 - Engenharia de Produção;Sim;80;0;0;0;70;10;0;0;1
MAT052;Engenharias;Engenharia de Produção;100% EAD;MAT052_D029;Disciplina 29 - Engenharia de Produção;Não;80;0;0;0;70;10;0;0;1
MAT052;Engenharias;Engenharia de Produção;100% EAD;MAT052_D030;Disciplina 30 - Engenharia de Produção;Sim;40;0;0;0;40;0;0;0;1
MAT052;Engenharias;Engenharia de Produção;100% EAD;MAT052_D031;Disciplina 31 - Engenharia de Produção;Não;120;0;0;0;100;20;0;0;1
MAT052;Engenharias;Engenharia de Produção;100% EAD;MAT052_D032;Disciplina 32 - Engenharia de Produção;Sim;60;0;0;0;50;10;0;0;1
MAT052;Engenharias;Engenharia de Produção;100% EAD;MAT052_D033;Disciplina 33 - Engenharia de Produção [PROJETO DE EXTENSÃO];Sim;120;0;0;0;70;10;0;40;1
MAT052;Engenharias;Engenharia de Produção;100% EAD;MAT052_D034;Disciplina 34 - Engenharia de Produção;Sim;40;0;0;0;30;10;0;0;1
MAT052;Engenharias;Engenharia de Produção;100% EAD;MAT052_D035;Disciplina 35 - Engenharia de Produção [PROJETO DE EXTENSÃO];Sim;60;0;0;0;20;0;0;40;1
MAT052;Engenharias;Engenharia de Produção;100% EAD;MAT052_D036;Disciplina 36 - Engenharia de Produção;Sim;80;0;0;0;60;20;0;0;1
MAT052;Engenharias;Engenharia de Produção;100% EAD;MAT052_D037;Disciplina 37 - Engenharia de Produção;Sim;40;0;0;0;40;0;0;0;1
MAT052;Engenharias;Engenharia de Produção;100% EAD;MAT052_D038;Disciplina 38 - Engenharia de Produção;Não;120;0;0;0;90;30;0;0;1
MAT052;Engenharias;Engenharia de Produção;100% EAD;MAT052_D039;Disciplina 39 - Engenharia de Produção [PROJETO DE EXTENSÃO];Não;80;0;0;0;20;0;0;60;1
MAT052;Engenharias;Engenharia de Produção;100% EAD;MAT052_D040;Disciplina 40 - Engenharia de Produção;Não;80;0;0;0;70;10;0;0;1
MAT052;Engenharias;Engenharia de Produção;100% EAD;MAT052_D041;Disciplina 41 - Engenharia de Produção;Sim;40;0;0;0;40;0;0;0;1
MAT052;Engenharias;Engenharia de Produção;100% EAD;MAT052_D042;Disciplina 42 - Engenharia de Produção;Sim;120;0;0;0;100;20;0;0;1
MAT052;Engenharias;Engenharia de Produção;100% EAD;MAT052_D043;Disciplina 43 - Engenharia de Produção;Não;40;0;0;0;30;10;0;0;1
MAT052;Engenharias;Engenharia de Produção;100% EAD;MAT052_D044;Disciplina 44 - Engenharia de Produção;Não;60;0;0;0;50;10;0;0;1
MAT052;Engenharias;Engenharia de Produção;100% EAD;MAT052_D045;Disciplina 45 - Engenharia de Produção;Sim;60;0;0;0;50;10;0;0;1
MAT052;Engenharias;Engenharia de Produção;100% EAD;MAT052_D046;Disciplina 46 - Engenharia de Produção;Não;80;0;0;0;70;10;0;0;1
MAT052;Engenharias;Engenharia de Produção;100% EAD;MAT052_D047;Disciplina 47 - Engenharia de Produção;Não;40;0;0;0;30;10;0;0;1
MAT053;Engenharias;Engenharia de Software;Presencial;MAT053_D001;Disciplina 1 - Engenharia de Software;Não;40;0;0;0;40;0;0;0;1
MAT053;Engenharias;Engenharia de Software;Presencial;MAT053_D002;Disciplina 2 - Engenharia de Software;Sim;80;0;0;0;80;0;0;0;1
MAT053;Engenharias;Engenharia de Software;Presencial;MAT053_D003;Disciplina 3 - Engenharia de Software;Não;80;0;0;0;80;0;0;0;1
MAT053;Engenharias;Engenharia de Software;Presencial;MAT053_D004;Disciplina 4 - Engenharia de Software;Não;60;0;0;0;60;0;0;0;1
MAT053;Engenharias;Engenharia de Software;Presencial;MAT053_D005;Disciplina 5 - Engenharia de Software;Sim;80;0;0;0;80;0;0;0;1
MAT053;Engenharias;Engenharia de Software;Presencial;MAT053_D006;Disciplina 6 - Engenharia de Software;Não;80;0;0;0;80;0;0;0;1
MAT053;Engenharias;Engenharia de Software;Presencial;MAT053_D007;Disciplina 7 - Engenharia de Software;Sim;80;0;0;0;80;0;0;0;1
MAT053;Engenharias;Engenharia de Software;Presencial;MAT053_D008;Disciplina 8 - Engenharia de Software;Não;80;0;0;0;80;0;0;0;1
MAT053;Engenharias;Engenharia de Software;Presencial;MAT053_D009;Disciplina 9 - Engenharia de Software;Sim;40;0;0;0;40;0;0;0;1
MAT053;Engenharias;Engenharia de Software;Presencial;MAT053_D010;Disciplina 10 - Engenharia de Software;Sim;60;0;0;0;60;0;0;0;1
MAT053;Engenharias;Engenharia de Software;Presencial;MAT053_D011;Disciplina 11 - Engenharia de Software;Sim;120;0;0;0;120;0;0;0;1
MAT053;Engenharias;Engenharia de Software;Presencial;MAT053_D012;Disciplina 12 - Engenharia de Software;Sim;40;0;0;0;40;0;0;0;1
MAT053;Engenharias;Engenharia de Software;Presencial;MAT053_D013;Disciplina 13 - Engenharia de Software;Sim;80;0;0;0;80;0;0;0;1
MAT053;Engenharias;Engenharia de Software;Presencial;MAT053_D014;Disciplina 14 - Engenharia de Software;Não;60;0;0;0;60;0;0;0;1
MAT053;Engenharias;Engenharia de Software;Presencial;MAT053_D015;Disciplina 15 - Engenharia de Software;Sim;60;0;0;0;60;0;0;0;1
MAT053;Engenharias;Engenharia de Software;Presencial;MAT053_D016;Disciplina 16 - Engenharia de Software;Não;60;0;0;0;60;0;0;0;1
MAT053;Engenharias;Engenharia de Software;Presencial;MAT053_D017;Disciplina 17 - Engenharia de Software [PROJETO DE EXTENSÃO];Sim;60;0;0;0;20;0;0;40;1
MAT053;Engenharias;Engenharia de Software;Presencial;MAT053_D018;Disciplina 18 - Engenharia de Software;Não;80;0;0;0;80;0;0;0;1
MAT053;Engenharias;Engenharia de Software;Presencial;MAT053_D019;Disciplina 19 - Engenharia de Software;Sim;60;0;0;0;60;0;0;0;1
MAT053;Engenharias;Engenharia de Software;Presencial;MAT053_D020;Disciplina 20 - Engenharia de Software;Sim;120;0;0;0;120;0;0;0;1
MAT053;Engenharias;Engenharia de Software;Presencial;MAT053_D021;Disciplina 21 - Engenharia de Software;Sim;120;40;40;40;0;0;0;0;0
MAT053;Engenharias;Engenharia de Software;Presencial;MAT053_D022;Disciplina 22 - Engenharia de Software [PROJETO DE EXTENSÃO];Sim;60;0;20;0;0;0;0;40;0
MAT053;Engenharias;Engenharia de Software;Presencial;MAT053_D023;Disciplina 23 - Engenharia de Software;Sim;80;30;40;10;0;0;0;0;0
MAT053;Engenharias;Engenharia de Software;Presencial;MAT053_D024;Disciplina 24 - Engenharia de Software [PROJETO DE EXTENSÃO];Não;120;20;30;10;0;0;0;60;0
MAT053;Engenharias;Engenharia de Software;Presencial;MAT053_D025;Disciplina 25 - Engenharia de Software;Sim;120;30;50;40;0;0;0;0;0
MAT053;Engenharias;Engenharia de Software;Presencial;MAT053_D026;Disciplina 26 - Engenharia de Software;Sim;120;30;70;20;0;0;0;0;0
MAT053;Engenharias;Engenharia de Software;Presencial;MAT053_D027;Disciplina 27 - Engenharia de Software;Não;40;10;20;10;0;0;0;0;0
MAT053;Engenharias;Engenharia de Software;Presencial;MAT053_D028;Disciplina 28 - Engenharia de Software;Sim;40;10;30;0;0;0;0;0;0
MAT053;Engenharias;Engenharia de Software;Presencial;MAT053_D029;Disciplina 29 - Engenharia de Software;Sim;120;40;40;40;0;0;0;0;0
MAT053;Engenharias;Engenharia de Software;Presencial;MAT053_D030;Disciplina 30 - Engenharia de Software;Sim;80;30;30;20;0;0;0;0;0
MAT053;Engenharias;Engenharia de Software;Presencial;MAT053_D031;Disciplina 31 - Engenharia de Software;Não;80;20;40;20;0;0;0;0;0
MAT053;Engenharias;Engenharia de Software;Presencial;MAT053_D032;Disciplina 32 - Engenharia de Software;Não;120;30;50;40;0;0;0;0;0
MAT053;Engenharias;Engenharia de Software;Presencial;MAT053_D033;Disciplina 33 - Engenharia de Software;Não;120;30;60;30;0;0;0;0;0
MAT053;Engenharias;Engenharia de Software;Presencial;MAT053_D034;Disciplina 34 - Engenharia de Software;Sim;80;30;40;10;0;0;0;0;0
MAT053;Engenharias;Engenharia de Software;Presencial;MAT053_D035;Estágio Supervisionado - Engenharia de Software;Não;40;0;0;0;0;0;40;0;0
MAT053;Engenharias;Engenharia de Software;Presencial;MAT053_D036;Estágio Supervisionado - Engenharia de Software;Não;40;0;0;0;0;0;40;0;0
MAT054;Negócios;Economia;Semipresencial;MAT054_D001;Disciplina 1 - Economia;Sim;120;0;0;0;100;20;0;0;1
MAT054;Negócios;Economia;Semipresencial;MAT054_D002;Disciplina 2 - Economia;Sim;60;0;0;0;60;0;0;0;1
MAT054;Negócios;Economia;Semipresencial;MAT054_D003;Disciplina 3 - Economia;Não;120;0;0;0;110;10;0;0;1
MAT054;Negócios;Economia;Semipresencial;MAT054_D004;Disciplina 4 - Economia;Sim;60;0;0;0;50;10;0;0;1
MAT054;Negócios;Economia;Semipresencial;MAT054_D005;Disciplina 5 - Economia;Sim;120;0;0;0;110;10;0;0;1
MAT054;Negócios;Economia;Semipresencial;MAT054_D006;Disciplina 6 - Economia [PROJETO DE EXTENSÃO];Não;80;0;0;0;40;0;0;40;1
MAT054;Negócios;Economia;Semipresencial;MAT054_D007;Disciplina 7 - Economia;Não;80;0;0;0;70;10;0;0;1
MAT054;Negócios;Economia;Semipresencial;MAT054_D008;Disciplina 8 - Economia;Não;80;0;0;0;70;10;0;0;1
MAT054;Negócios;Economia;Semipresencial;MAT054_D009;Disciplina 9 - Economia;Sim;80;0;0;0;70;10;0;0;1
MAT054;Negócios;Economia;Semipresencial;MAT054_D010;Disciplina 10 - Economia;Sim;60;0;0;0;50;10;0;0;1
MAT054;Negócios;Economia;Semipresencial;MAT054_D011;Disciplina 11 - Economia;Sim;120;0;0;0;100;20;0;0;1
MAT054;Negócios;Economia;Semipresencial;MAT054_D012;Disciplina 12 - Economia;Sim;80;0;0;0;60;20;0;0;1
MAT054;Negócios;Economia;Semipresencial;MAT054_D013;Disciplina 13 - Economia;Sim;40;0;0;0;30;10;0;0;1
MAT054;Negócios;Economia;Semipresencial;MAT054_D014;Disciplina 14 - Economia;Sim;40;0;0;0;30;10;0;0;1
MAT054;Negócios;Economia;Semipresencial;MAT054_D015;Disciplina 15 - Economia;Sim;40;0;0;0;30;10;0;0;1
MAT054;Negócios;Economia;Semipresencial;MAT054_D016;Disciplina 16 - Economia;Sim;120;0;0;0;100;20;0;0;1
MAT054;Negócios;Economia;Semipresencial;MAT054_D017;Disciplina 17 - Economia;Não;40;0;0;0;40;0;0;0;1
MAT054;Negócios;Economia;Semipresencial;MAT054_D018;Disciplina 18 - Economia;Não;40;0;0;0;40;0;0;0;1
MAT054;Negócios;Economia;Semipresencial;MAT054_D019;Disciplina 19 - Economia;Sim;60;0;0;0;50;10;0;0;1
MAT054;Negócios;Economia;Semipresencial;MAT054_D020;Disciplina 20 - Economia;Não;120;0;0;0;100;20;0;0;1
MAT054;Negócios;Economia;Semipresencial;MAT054_D021;Disciplina 21 - Economia;Sim;120;0;0;0;110;10;0;0;1
MAT054;Negócios;Economia;Semipresencial;MAT054_D022;Disciplina 22 - Economia;Não;40;0;0;0;40;0;0;0;1
MAT054;Negócios;Economia;Semipresencial;MAT054_D023;Disciplina 23 - Economia;Não;120;0;0;0;100;20;0;0;1
MAT054;Negócios;Economia;Semipresencial;MAT054_D024;Disciplina 24 - Economia [PROJETO DE EXTENSÃO];Sim;60;0;0;0;20;0;0;40;1
MAT054;Negócios;Economia;Semipresencial;MAT054_D025;Disciplina 25 - Economia;Sim;60;0;0;0;50;10;0;0;1
MAT054;Negócios;Economia;Semipresencial;MAT054_D026;Disciplina 26 - Economia;Sim;80;0;0;0;60;20;0;0;1
MAT054;Negócios;Economia;Semipresencial;MAT054_D027;Disciplina 27 - Economia;Sim;60;0;0;0;50;10;0;0;1
MAT054;Negócios;Economia;Semipresencial;MAT054_D028;Disciplina 28 - Economia;Não;80;0;0;0;70;10;0;0;1
MAT054;Negócios;Economia;Semipresencial;MAT054_D029;Disciplina 29 - Economia;Sim;40;0;0;0;40;0;0;0;1
MAT054;Negócios;Economia;Semipresencial;MAT054_D030;Disciplina 30 - Economia;Não;80;50;30;0;0;0;0;0;0
MAT054;Negócios;Economia;Semipresencial;MAT054_D031;Disciplina 31 - Economia;Sim;80;40;40;0;0;0;0;0;0
MAT054;Negócios;Economia;Semipresencial;MAT054_D032;Disciplina 32 - Economia;Sim;40;20;20;0;0;0;0;0;0
MAT054;Negócios;Economia;Semipresencial;MAT054_D033;Disciplina 33 - Economia [PROJETO DE EXTENSÃO];Não;80;10;10;0;0;0;0;60;0
MAT054;Negócios;Economia;Semipresencial;MAT054_D034;Disciplina 34 - Economia [PROJETO DE EXTENSÃO];Sim;60;10;10;0;0;0;0;40;0
MAT054;Negócios;Economia;Semipresencial;MAT054_D035;Disciplina 35 - Economia;Sim;40;20;20;0;0;0;0;0;0
MAT054;Negócios;Economia;Semipresencial;MAT054_D036;Disciplina 36 - Economia;Não;120;90;30;0;0;0;0;0;0
MAT054;Negócios;Economia;Semipresencial;MAT054_D037;Disciplina 37 - Economia [PROJETO DE EXTENSÃO];Não;80;10;10;0;0;0;0;60;0
MAT054;Negócios;Economia;Semipresencial;MAT054_D038;Disciplina 38 - Economia;Não;60;40;20;0;0;0;0;0;0
MAT054;Negócios;Economia;Semipresencial;MAT054_D039;Disciplina 39 - Economia;Não;120;80;40;0;0;0;0;0;0
MAT054;Negócios;Economia;Semipresencial;MAT054_D040;Estágio Supervisionado - Economia;Não;20;0;0;0;0;0;20;0;0
MAT055;Saúde;Enfermagem;Presencial;MAT055_D001;Disciplina 1 - Enfermagem;Não;60;0;0;0;60;0;0;0;1
MAT055;Saúde;Enfermagem;Presencial;MAT055_D002;Disciplina 2 - Enfermagem;Sim;120;0;0;0;120;0;0;0;1
MAT055;Saúde;Enfermagem;Presencial;MAT055_D003;Disciplina 3 - Enfermagem;Não;40;0;0;0;40;0;0;0;1
MAT055;Saúde;Enfermagem;Presencial;MAT055_D004;Disciplina 4 - Enfermagem;Sim;40;0;0;0;40;0;0;0;1
MAT055;Saúde;Enfermagem;Presencial;MAT055_D005;Disciplina 5 - Enfermagem;Não;80;0;0;0;80;0;0;0;1
MAT055;Saúde;Enfermagem;Presencial;MAT055_D006;Disciplina 6 - Enfermagem;Não;40;0;0;0;40;0;0;0;1
MAT055;Saúde;Enfermagem;Presencial;MAT055_D007;Disciplina 7 - Enfermagem;Sim;120;0;0;0;120;0;0;0;1
MAT055;Saúde;Enfermagem;Presencial;MAT055_D008;Disciplina 8 - Enfermagem [PROJETO DE EXTENSÃO];Sim;60;0;20;0;0;0;0;40;0
MAT055;Saúde;Enfermagem;Presencial;MAT055_D009;Disciplina 9 - Enfermagem;Não;120;20;40;60;0;0;0;0;0
MAT055;Saúde;Enfermagem;Presencial;MAT055_D010;Disciplina 10 - Enfermagem;Não;40;10;10;20;0;0;0;0;0
MAT055;Saúde;Enfermagem;Presencial;MAT055_D011;Disciplina 11 - Enfermagem;Não;60;10;20;30;0;0;0;0;0
MAT055;Saúde;Enfermagem;Presencial;MAT055_D012;Disciplina 12 - Enfermagem;Sim;120;30;40;50;0;0;0;0;0
MAT055;Saúde;Enfermagem;Presencial;MAT055_D013;Disciplina 13 - Enfermagem;Não;40;10;20;10;0;0;0;0;0
MAT055;Saúde;Enfermagem;Presencial;MAT055_D014;Disciplina 14 - Enfermagem;Não;40;0;20;20;0;0;0;0;0
MAT055;Saúde;Enfermagem;Presencial;MAT055_D015;Disciplina 15 - Enfermagem;Não;40;10;20;10;0;0;0;0;0
MAT055;Saúde;Enfermagem;Presencial;MAT055_D016;Disciplina 16 - Enfermagem;Não;80;20;30;30;0;0;0;0;0
MAT055;Saúde;Enfermagem;Presencial;MAT055_D017;Disciplina 17 - Enfermagem;Sim;80;20;20;40;0;0;0;0;0
MAT055;Saúde;Enfermagem;Presencial;MAT055_D018;Disciplina 18 - Enfermagem [PROJETO DE EXTENSÃO];Não;80;10;10;20;0;0;0;40;0
MAT055;Saúde;Enfermagem;Presencial;MAT055_D019;Disciplina 19 - Enfermagem;Sim;60;10;20;30;0;0;0;0;0
MAT055;Saúde;Enfermagem;Presencial;MAT055_D020;Disciplina 20 - Enfermagem;Sim;120;30;30;60;0;0;0;0;0
MAT055;Saúde;Enfermagem;Presencial;MAT055_D021;Disciplina 21 - Enfermagem;Sim;60;10;30;20;0;0;0;0;0
MAT055;Saúde;Enfermagem;Presencial;MAT055_D022;Disciplina 22 - Enfermagem;Não;60;10;20;30;0;0;0;0;0
MAT055;Saúde;Enfermagem;Presencial;MAT055_D023;Disciplina 23 - Enfermagem;Sim;40;0;30;10;0;0;0;0;0
MAT055;Saúde;Enfermagem;Presencial;MAT055_D024;Disciplina 24 - Enfermagem;Sim;40;10;10;20;0;0;0;0;0
MAT055;Saúde;Enfermagem;Presencial;MAT055_D025;Disciplina 25 - Enfermagem;Não;60;10;30;20;0;0;0;0;0
MAT055;Saúde;Enfermagem;Presencial;MAT055_D026;Disciplina 26 - Enfermagem;Não;120;20;40;60;0;0;0;0;0
MAT055;Saúde;Enfermagem;Presencial;MAT055_D027;Disciplina 27 - Enfermagem;Sim;80;10;40;30;0;0;0;0;0
MAT055;Saúde;Enfermagem;Presencial;MAT055_D028;Disciplina 28 - Enfermagem;Não;60;10;30;20;0;0;0;0;0
MAT055;Saúde;Enfermagem;Presencial;MAT055_D029;Disciplina 29 - Enfermagem;Não;60;10;20;30;0;0;0;0;0
MAT055;Saúde;Enfermagem;Presencial;MAT055_D030;Disciplina 30 - Enfermagem [PROJETO DE EXTENSÃO];Sim;120;10;30;20;0;0;0;60;0
MAT055;Saúde;Enfermagem;Presencial;MAT055_D031;Disciplina 31 - Enfermagem;Sim;120;30;50;40;0;0;0;0;0
MAT055;Saúde;Enfermagem;Presencial;MAT055_D032;Disciplina 32 - Enfermagem;Não;60;10;30;20;0;0;0;0;0
MAT055;Saúde;Enfermagem;Presencial;MAT055_D033;Estágio Supervisionado - Enfermagem;Não;40;0;0;0;0;0;40;0;0
MAT055;Saúde;Enfermagem;Presencial;MAT055_D034;Estágio Supervisionado - Enfermagem;Não;40;0;0;0;0;0;40;0;0
MAT056;Engenharias;Engenharia Civil;Semipresencial;MAT056_D001;Disciplina 1 - Engenharia Civil [PROJETO DE EXTENSÃO];Sim;120;0;0;0;60;0;0;60;1
MAT056;Engenharias;Engenharia Civil;Semipresencial;MAT056_D002;Disciplina 2 - Engenharia Civil;Sim;80;0;0;0;70;10;0;0;1
MAT056;Engenharias;Engenharia Civil;Semipresencial;MAT056_D003;Disciplina 3 - Engenharia Civil;Sim;60;0;0;0;50;10;0;0;1
MAT056;Engenharias;Engenharia Civil;Semipresencial;MAT056_D004;Disciplina 4 - Engenharia Civil;Sim;60;0;0;0;50;10;0;0;1
MAT056;Engenharias;Engenharia Civil;Semipresencial;MAT056_D005;Disciplina 5 - Engenharia Civil;Não;80;0;0;0;60;20;0;0;1
MAT056;Engenharias;Engenharia Civil;Semipresencial;MAT056_D006;Disciplina 6 - Engenharia Civil;Não;40;0;0;0;30;10;0;0;1
MAT056;Engenharias;Engenharia Civil;Semipresencial;MAT056_D007;Disciplina 7 - Engenharia Civil;Não;60;0;0;0;50;10;0;0;1
MAT056;Engenharias;Engenharia Civil;Semipresencial;MAT056_D008;Disciplina 8 - Engenharia Civil;Não;80;0;0;0;70;10;0;0;1
MAT056;Engenharias;Engenharia Civil;Semipresencial;MAT056_D009;Disciplina 9 - Engenharia Civil;Sim;40;0;0;0;30;10;0;0;1
MAT056;Engenharias;Engenharia Civil;Semipresencial;MAT056_D010;Disciplina 10 - Engenharia Civil;Não;80;0;0;0;60;20;0;0;1
MAT056;Engenharias;Engenharia Civil;Semipresencial;MAT056_D011;Disciplina 11 - Engenharia Civil;Não;60;0;0;0;50;10;0;0;1
MAT056;Engenharias;Engenharia Civil;Semipresencial;MAT056_D012;Disciplina 12 - Engenharia Civil;Sim;60;0;0;0;50;10;0;0;1
MAT056;Engenharias;Engenharia Civil;Semipresencial;MAT056_D013;Disciplina 13 - Engenharia Civil;Sim;120;0;0;0;90;30;0;0;1
MAT056;Engenharias;Engenharia Civil;Semipresencial;MAT056_D014;Disciplina 14 - Engenharia Civil;Sim;80;0;0;0;70;10;0;0;1
MAT056;Engenharias;Engenharia Civil;Semipresencial;MAT056_D015;Disciplina 15 - Engenharia Civil;Sim;40;0;0;0;40;0;0;0;1
MAT056;Engenharias;Engenharia Civil;Semipresencial;MAT056_D016;Disciplina 16 - Engenharia Civil;Não;60;0;0;0;50;10;0;0;1
MAT056;Engenharias;Engenharia Civil;Semipresencial;MAT056_D017;Disciplina 17 - Engenharia Civil;Sim;120;0;0;0;100;20;0;0;1
MAT056;Engenharias;Engenharia Civil;Semipresencial;MAT056_D018;Disciplina 18 - Engenharia Civil;Sim;120;0;0;0;100;20;0;0;1
MAT056;Engenharias;Engenharia Civil;Semipresencial;MAT056_D019;Disciplina 19 - Engenharia Civil;Sim;40;0;0;0;40;0;0;0;1
MAT056;Engenharias;Engenharia Civil;Semipresencial;MAT056_D020;Disciplina 20 - Engenharia Civil;Não;60;0;0;0;50;10;0;0;1
MAT056;Engenharias;Engenharia Civil;Semipresencial;MAT056_D021;Disciplina 21 - Engenharia Civil;Não;120;0;0;0;90;30;0;0;1
MAT056;Engenharias;Engenharia Civil;Semipresencial;MAT056_D022;Disciplina 22 - Engenharia Civil;Sim;40;0;0;0;40;0;0;0;1
MAT056;Engenharias;Engenharia Civil;Semipresencial;MAT056_D023;Disciplina 23 - Engenharia Civil;Não;40;0;0;0;40;0;0;0;1
MAT056;Engenharias;Engenharia Civil;Semipresencial;MAT056_D024;Disciplina 24 - Engenharia Civil [PROJETO DE EXTENSÃO];Não;80;0;0;0;30;10;0;40;1
MAT056;Engenharias;Engenharia Civil;Semipresencial;MAT056_D025;Disciplina 25 - Engenharia Civil;Não;80;20;40;20;0;0;0;0;0
MAT056;Engenharias;Engenharia Civil;Semipresencial;MAT056_D026;Disciplina 26 - Engenharia Civil;Sim;60;20;30;10;0;0;0;0;0
MAT056;Engenharias;Engenharia Civil;Semipresencial;MAT056_D027;Disciplina 27 - Engenharia Civil;Não;120;30;50;40;0;0;0;0;0
MAT056;Engenharias;Engenharia Civil;Semipresencial;MAT056_D028;Disciplina 28 - Engenharia Civil;Não;120;50;50;20;0;0;0;0;0
MAT056;Engenharias;Engenharia Civil;Semipresencial;MAT056_D029;Disciplina 29 - Engenharia Civil [PROJETO DE EXTENSÃO];Sim;80;10;30;0;0;0;0;40;0
MAT056;Engenharias;Engenharia Civil;Semipresencial;MAT056_D030;Disciplina 30 - Engenharia Civil;Não;60;20;20;20;0;0;0;0;0
MAT056;Engenharias;Engenharia Civil;Semipresencial;MAT056_D031;Disciplina 31 - Engenharia Civil;Não;120;50;50;20;0;0;0;0;0
MAT056;Engenharias;Engenharia Civil;Semipresencial;MAT056_D032;Disciplina 32 - Engenharia Civil;Não;40;10;30;0;0;0;0;0;0
MAT056;Engenharias;Engenharia Civil;Semipresencial;MAT056_D033;Disciplina 33 - Engenharia Civil;Não;40;10;20;10;0;0;0;0;0
MAT056;Engenharias;Engenharia Civil;Semipresencial;MAT056_D034;Disciplina 34 - Engenharia Civil;Não;40;10;20;10;0;0;0;0;0
MAT056;Engenharias;Engenharia Civil;Semipresencial;MAT056_D035;Disciplina 35 - Engenharia Civil;Não;40;10;20;10;0;0;0;0;0
MAT056;Engenharias;Engenharia Civil;Semipresencial;MAT056_D036;Disciplina 36 - Engenharia Civil;Sim;80;20;40;20;0;0;0;0;0
MAT056;Engenharias;Engenharia Civil;Semipresencial;MAT056_D037;Disciplina 37 - Engenharia Civil;Sim;60;20;20;20;0;0;0;0;0
MAT056;Engenharias;Engenharia Civil;Semipresencial;MAT056_D038;Disciplina 38 - Engenharia Civil;Sim;40;10;20;10;0;0;0;0;0
MAT056;Engenharias;Engenharia Civil;Semipresencial;MAT056_D039;Disciplina 39 - Engenharia Civil;Não;40;10;30;0;0;0;0;0;0
MAT056;Engenharias;Engenharia Civil;Semipresencial;MAT056_D040;Disciplina 40 - Engenharia Civil [PROJETO DE EXTENSÃO];Sim;120;20;30;10;0;0;0;60;0
MAT056;Engenharias;Engenharia Civil;Semipresencial;MAT056_D041;Disciplina 41 - Engenharia Civil;Sim;80;20;40;20;0;0;0;0;0
MAT056;Engenharias;Engenharia Civil;Semipresencial;MAT056_D042;Estágio Supervisionado - Engenharia Civil;Não;120;0;0;0;0;0;120;0;0
MAT056;Engenharias;Engenharia Civil;Semipresencial;MAT056_D043;Estágio Supervisionado - Engenharia Civil;Não;120;0;0;0;0;0;120;0;0
MAT057;Negócios;Administração;Semipresencial;MAT057_D001;Disciplina 1 - Administração;Não;80;0;0;0;70;10;0;0;1
MAT057;Negócios;Administração;Semipresencial;MAT057_D002;Disciplina 2 - Administração;Não;40;0;0;0;40;0;0;0;1
MAT057;Negócios;Administração;Semipresencial;MAT057_D003;Disciplina 3 - Administração;Não;80;0;0;0;70;10;0;0;1
MAT057;Negócios;Administração;Semipresencial;MAT057_D004;Disciplina 4 - Administração;Não;40;0;0;0;40;0;0;0;1
MAT057;Negócios;Administração;Semipresencial;MAT057_D005;Disciplina 5 - Administração;Sim;60;0;0;0;50;10;0;0;1
MAT057;Negócios;Administração;Semipresencial;MAT057_D006;Disciplina 6 - Administração;Não;60;0;0;0;50;10;0;0;1
MAT057;Negócios;Administração;Semipresencial;MAT057_D007;Disciplina 7 - Administração [PROJETO DE EXTENSÃO];Não;80;0;0;0;40;0;0;40;1
MAT057;Negócios;Administração;Semipresencial;MAT057_D008;Disciplina 8 - Administração;Não;120;0;0;0;100;20;0;0;1
MAT057;Negócios;Administração;Semipresencial;MAT057_D009;Disciplina 9 - Administração;Sim;40;0;0;0;30;10;0;0;1
MAT057;Negócios;Administração;Semipresencial;MAT057_D010;Disciplina 10 - Administração;Sim;80;0;0;0;70;10;0;0;1
MAT057;Negócios;Administração;Semipresencial;MAT057_D011;Disciplina 11 - Administração;Sim;120;0;0;0;100;20;0;0;1
MAT057;Negócios;Administração;Semipresencial;MAT057_D012;Disciplina 12 - Administração;Não;60;0;0;0;60;0;0;0;1
MAT057;Negócios;Administração;Semipresencial;MAT057_D013;Disciplina 13 - Administração;Sim;40;0;0;0;30;10;0;0;1
MAT057;Negócios;Administração;Semipresencial;MAT057_D014;Disciplina 14 - Administração;Não;60;0;0;0;60;0;0;0;1
MAT057;Negócios;Administração;Semipresencial;MAT057_D015;Disciplina 15 - Administração;Não;40;0;0;0;40;0;0;0;1
MAT057;Negócios;Administração;Semipresencial;MAT057_D016;Disciplina 16 - Administração;Não;120;0;0;0;100;20;0;0;1
MAT057;Negócios;Administração;Semipresencial;MAT057_D017;Disciplina 17 - Administração;Sim;40;0;0;0;40;0;0;0;1
MAT057;Negócios;Administração;Semipresencial;MAT057_D018;Disciplina 18 - Administração;Não;120;0;0;0;100;20;0;0;1
MAT057;Negócios;Administração;Semipresencial;MAT057_D019;Disciplina 19 - Administração;Sim;40;0;0;0;40;0;0;0;1
MAT057;Negócios;Administração;Semipresencial;MAT057_D020;Disciplina 20 - Administração;Não;80;0;0;0;70;10;0;0;1
MAT057;Negócios;Administração;Semipresencial;MAT057_D021;Disciplina 21 - Administração;Sim;60;0;0;0;60;0;0;0;1
MAT057;Negócios;Administração;Semipresencial;MAT057_D022;Disciplina 22 - Administração;Não;40;0;0;0;40;0;0;0;1
MAT057;Negócios;Administração;Semipresencial;MAT057_D023;Disciplina 23 - Administração;Não;40;0;0;0;30;10;0;0;1
MAT057;Negócios;Administração;Semipresencial;MAT057_D024;Disciplina 24 - Administração;Sim;60;0;0;0;50;10;0;0;1
MAT057;Negócios;Administração;Semipresencial;MAT057_D025;Disciplina 25 - Administração;Não;40;0;0;0;40;0;0;0;1
MAT057;Negócios;Administração;Semipresencial;MAT057_D026;Disciplina 26 - Administração;Sim;60;0;0;0;50;10;0;0;1
MAT057;Negócios;Administração;Semipresencial;MAT057_D027;Disciplina 27 - Administração;Não;120;0;0;0;90;30;0;0;1
MAT057;Negócios;Administração;Semipresencial;MAT057_D028;Disciplina 28 - Administração [PROJETO DE EXTENSÃO];Sim;80;0;0;0;20;0;0;60;1
MAT057;Negócios;Administração;Semipresencial;MAT057_D029;Disciplina 29 - Administração [PROJETO DE EXTENSÃO];Sim;80;0;0;0;30;10;0;40;1
MAT057;Negócios;Administração;Semipresencial;MAT057_D030;Disciplina 30 - Administração;Não;60;0;0;0;50;10;0;0;1
MAT057;Negócios;Administração;Semipresencial;MAT057_D031;Disciplina 31 - Administração;Sim;80;0;0;0;70;10;0;0;1
MAT057;Negócios;Administração;Semipresencial;MAT057_D032;Disciplina 32 - Administração;Não;60;0;0;0;50;10;0;0;1
MAT057;Negócios;Administração;Semipresencial;MAT057_D033;Disciplina 33 - Administração [PROJETO DE EXTENSÃO];Sim;80;0;0;0;20;0;0;60;1
MAT057;Negócios;Administração;Semipresencial;MAT057_D034;Disciplina 34 - Administração;Não;40;0;0;0;40;0;0;0;1
MAT057;Negócios;Administração;Semipresencial;MAT057_D035;Disciplina 35 - Administração;Não;40;0;0;0;40;0;0;0;1
MAT057;Negócios;Administração;Semipresencial;MAT057_D036;Disciplina 36 - Administração;Não;80;50;30;0;0;0;0;0;0
MAT057;Negócios;Administração;Semipresencial;MAT057_D037;Disciplina 37 - Administração;Não;120;70;50;0;0;0;0;0;0
MAT057;Negócios;Administração;Semipresencial;MAT057_D038;Disciplina 38 - Administração;Não;80;50;30;0;0;0;0;0;0
MAT057;Negócios;Administração;Semipresencial;MAT057_D039;Disciplina 39 - Administração;Sim;40;20;20;0;0;0;0;0;0
MAT057;Negócios;Administração;Semipresencial;MAT057_D040;Disciplina 40 - Administração;Sim;80;50;30;0;0;0;0;0;0
MAT057;Negócios;Administração;Semipresencial;MAT057_D041;Disciplina 41 - Administração;Sim;40;30;10;0;0;0;0;0;0
MAT057;Negócios;Administração;Semipresencial;MAT057_D042;Disciplina 42 - Administração;Sim;120;80;40;0;0;0;0;0;0
MAT057;Negócios;Administração;Semipresencial;MAT057_D043;Disciplina 43 - Administração;Não;120;60;60;0;0;0;0;0;0
MAT057;Negócios;Administração;Semipresencial;MAT057_D044;Disciplina 44 - Administração [PROJETO DE EXTENSÃO];Sim;80;20;20;0;0;0;0;40;0
MAT057;Negócios;Administração;Semipresencial;MAT057_D045;Disciplina 45 - Administração;Sim;40;20;20;0;0;0;0;0;0
MAT057;Negócios;Administração;Semipresencial;MAT057_D046;Disciplina 46 - Administração;Sim;120;80;40;0;0;0;0;0;0
MAT057;Negócios;Administração;Semipresencial;MAT057_D047;Disciplina 47 - Administração;Sim;60;30;30;0;0;0;0;0;0
MAT057;Negócios;Administração;Semipresencial;MAT057_D048;Disciplina 48 - Administração;Não;80;40;40;0;0;0;0;0;0
MAT057;Negócios;Administração;Semipresencial;MAT057_D049;Disciplina 49 - Administração;Sim;60;40;20;0;0;0;0;0;0
MAT057;Negócios;Administração;Semipresencial;MAT057_D050;Disciplina 50 - Administração [PROJETO DE EXTENSÃO];Sim;80;20;20;0;0;0;0;40;0
MAT057;Negócios;Administração;Semipresencial;MAT057_D051;Disciplina 51 - Administração;Não;40;20;20;0;0;0;0;0;0
MAT057;Negócios;Administração;Semipresencial;MAT057_D052;Estágio Supervisionado - Administração;Não;20;0;0;0;0;0;20;0;0
MAT058;Engenharias;Engenharia de Software;Presencial;MAT058_D001;Disciplina 1 - Engenharia de Software;Não;120;0;0;0;120;0;0;0;1
MAT058;Engenharias;Engenharia de Software;Presencial;MAT058_D002;Disciplina 2 - Engenharia de Software;Não;80;0;0;0;80;0;0;0;1
MAT058;Engenharias;Engenharia de Software;Presencial;MAT058_D003;Disciplina 3 - Engenharia de Software;Não;120;0;0;0;120;0;0;0;1
MAT058;Engenharias;Engenharia de Software;Presencial;MAT058_D004;Disciplina 4 - Engenharia de Software;Não;60;0;0;0;60;0;0;0;1
MAT058;Engenharias;Engenharia de Software;Presencial;MAT058_D005;Disciplina 5 - Engenharia de Software;Não;60;0;0;0;60;0;0;0;1
MAT058;Engenharias;Engenharia de Software;Presencial;MAT058_D006;Disciplina 6 - Engenharia de Software;Não;40;0;0;0;40;0;0;0;1
MAT058;Engenharias;Engenharia de Software;Presencial;MAT058_D007;Disciplina 7 - Engenharia de Software;Não;120;0;0;0;120;0;0;0;1
MAT058;Engenharias;Engenharia de Software;Presencial;MAT058_D008;Disciplina 8 - Engenharia de Software [PROJETO DE EXTENSÃO];Sim;60;0;20;0;0;0;0;40;0
MAT058;Engenharias;Engenharia de Software;Presencial;MAT058_D009;Disciplina 9 - Engenharia de Software;Não;80;30;40;10;0;0;0;0;0
MAT058;Engenharias;Engenharia de Software;Presencial;MAT058_D010;Disciplina 10 - Engenharia de Software;Não;60;20;20;20;0;0;0;0;0
MAT058;Engenharias;Engenharia de Software;Presencial;MAT058_D011;Disciplina 11 - Engenharia de Software;Não;120;50;50;20;0;0;0;0;0
MAT058;Engenharias;Engenharia de Software;Presencial;MAT058_D012;Disciplina 12 - Engenharia de Software;Não;80;30;30;20;0;0;0;0;0
MAT058;Engenharias;Engenharia de Software;Presencial;MAT058_D013;Disciplina 13 - Engenharia de Software;Não;80;20;40;20;0;0;0;0;0
MAT058;Engenharias;Engenharia de Software;Presencial;MAT058_D014;Disciplina 14 - Engenharia de Software;Não;40;10;20;10;0;0;0;0;0
MAT058;Engenharias;Engenharia de Software;Presencial;MAT058_D015;Disciplina 15 - Engenharia de Software [PROJETO DE EXTENSÃO];Sim;80;0;20;0;0;0;0;60;0
MAT058;Engenharias;Engenharia de Software;Presencial;MAT058_D016;Disciplina 16 - Engenharia de Software;Sim;40;10;20;10;0;0;0;0;0
MAT058;Engenharias;Engenharia de Software;Presencial;MAT058_D017;Disciplina 17 - Engenharia de Software;Não;40;10;30;0;0;0;0;0;0
MAT058;Engenharias;Engenharia de Software;Presencial;MAT058_D018;Disciplina 18 - Engenharia de Software [PROJETO DE EXTENSÃO];Não;60;0;20;0;0;0;0;40;0
MAT058;Engenharias;Engenharia de Software;Presencial;MAT058_D019;Disciplina 19 - Engenharia de Software;Não;60;20;30;10;0;0;0;0;0
MAT058;Engenharias;Engenharia de Software;Presencial;MAT058_D020;Disciplina 20 - Engenharia de Software;Não;40;10;30;0;0;0;0;0;0
MAT058;Engenharias;Engenharia de Software;Presencial;MAT058_D021;Disciplina 21 - Engenharia de Software;Sim;120;40;50;30;0;0;0;0;0
MAT058;Engenharias;Engenharia de Software;Presencial;MAT058_D022;Disciplina 22 - Engenharia de Software;Não;40;10;20;10;0;0;0;0;0
MAT058;Engenharias;Engenharia de Software;Presencial;MAT058_D023;Disciplina 23 - Engenharia de Software;Não;120;50;40;30;0;0;0;0;0
MAT058;Engenharias;Engenharia de Software;Presencial;MAT058_D024;Disciplina 24 - Engenharia de Software;Não;80;30;20;30;0;0;0;0;0
MAT058;Engenharias;Engenharia de Software;Presencial;MAT058_D025;Disciplina 25 - Engenharia de Software;Sim;80;30;30;20;0;0;0;0;0
MAT058;Engenharias;Engenharia de Software;Presencial;MAT058_D026;Disciplina 26 - Engenharia de Software [PROJETO DE EXTENSÃO];Sim;80;0;20;0;0;0;0;60;0
MAT058;Engenharias;Engenharia de Software;Presencial;MAT058_D027;Disciplina 27 - Engenharia de Software;Não;40;10;20;10;0;0;0;0;0
MAT058;Engenharias;Engenharia de Software;Presencial;MAT058_D028;Disciplina 28 - Engenharia de Software;Sim;120;40;50;30;0;0;0;0;0
MAT058;Engenharias;Engenharia de Software;Presencial;MAT058_D029;Disciplina 29 - Engenharia de Software;Não;40;10;20;10;0;0;0;0;0
MAT058;Engenharias;Engenharia de Software;Presencial;MAT058_D030;Disciplina 30 - Engenharia de Software;Não;80;30;20;30;0;0;0;0;0
MAT058;Engenharias;Engenharia de Software;Presencial;MAT058_D031;Disciplina 31 - Engenharia de Software;Não;60;20;30;10;0;0;0;0;0
MAT058;Engenharias;Engenharia de Software;Presencial;MAT058_D032;Estágio Supervisionado - Engenharia de Software;Não;80;0;0;0;0;0;80;0;0
MAT058;Engenharias;Engenharia de Software;Presencial;MAT058_D033;Estágio Supervisionado - Engenharia de Software;Não;20;0;0;0;0;0;20;0;0
MAT059;Tecnologia;Sistemas de Informação;Semipresencial;MAT059_D001;Disciplina 1 - Sistemas de Informação;Sim;60;0;0;0;50;10;0;0;1
MAT059;Tecnologia;Sistemas de Informação;Semipresencial;MAT059_D002;Disciplina 2 - Sistemas de Informação;Sim;60;0;0;0;50;10;0;0;1
MAT059;Tecnologia;Sistemas de Informação;Semipresencial;MAT059_D003;Disciplina 3 - Sistemas de Informação;Sim;60;0;0;0;50;10;0;0;1
MAT059;Tecnologia;Sistemas de Informação;Semipresencial;MAT059_D004;Disciplina 4 - Sistemas de Informação;Não;40;0;0;0;40;0;0;0;1
MAT059;Tecnologia;Sistemas de Informação;Semipresencial;MAT059_D005;Disciplina 5 - Sistemas de Informação;Sim;120;0;0;0;110;10;0;0;1
MAT059;Tecnologia;Sistemas de Informação;Semipresencial;MAT059_D006;Disciplina 6 - Sistemas de Informação;Sim;40;0;0;0;40;0;0;0;1
MAT059;Tecnologia;Sistemas de Informação;Semipresencial;MAT059_D007;Disciplina 7 - Sistemas de Informação;Sim;60;0;0;0;50;10;0;0;1
MAT059;Tecnologia;Sistemas de Informação;Semipresencial;MAT059_D008;Disciplina 8 - Sistemas de Informação;Sim;80;0;0;0;70;10;0;0;1
MAT059;Tecnologia;Sistemas de Informação;Semipresencial;MAT059_D009;Disciplina 9 - Sistemas de Informação;Não;40;0;0;0;40;0;0;0;1
MAT059;Tecnologia;Sistemas de Informação;Semipresencial;MAT059_D010;Disciplina 10 - Sistemas de Informação;Sim;80;0;0;0;60;20;0;0;1
MAT059;Tecnologia;Sistemas de Informação;Semipresencial;MAT059_D011;Disciplina 11 - Sistemas de Informação;Sim;40;0;0;0;40;0;0;0;1
MAT059;Tecnologia;Sistemas de Informação;Semipresencial;MAT059_D012;Disciplina 12 - Sistemas de Informação;Sim;120;0;0;0;100;20;0;0;1
MAT059;Tecnologia;Sistemas de Informação;Semipresencial;MAT059_D013;Disciplina 13 - Sistemas de Informação;Sim;80;0;0;0;70;10;0;0;1
MAT059;Tecnologia;Sistemas de Informação;Semipresencial;MAT059_D014;Disciplina 14 - Sistemas de Informação;Não;40;0;0;0;40;0;0;0;1
MAT059;Tecnologia;Sistemas de Informação;Semipresencial;MAT059_D015;Disciplina 15 - Sistemas de Informação;Sim;60;0;0;0;60;0;0;0;1
MAT059;Tecnologia;Sistemas de Informação;Semipresencial;MAT059_D016;Disciplina 16 - Sistemas de Informação;Sim;60;0;0;0;50;10;0;0;1
MAT059;Tecnologia;Sistemas de Informação;Semipresencial;MAT059_D017;Disciplina 17 - Sistemas de Informação;Não;120;0;0;0;90;30;0;0;1
MAT059;Tecnologia;Sistemas de Informação;Semipresencial;MAT059_D018;Disciplina 18 - Sistemas de Informação;Não;120;0;0;0;100;20;0;0;1
MAT059;Tecnologia;Sistemas de Informação;Semipresencial;MAT059_D019;Disciplina 19 - Sistemas de Informação;Não;40;0;0;0;40;0;0;0;1
MAT059;Tecnologia;Sistemas de Informação;Semipresencial;MAT059_D020;Disciplina 20 - Sistemas de Informação [PROJETO DE EXTENSÃO];Não;60;0;0;0;20;0;0;40;1
MAT059;Tecnologia;Sistemas de Informação;Semipresencial;MAT059_D021;Disciplina 21 - Sistemas de Informação;Sim;80;0;0;0;70;10;0;0;1
MAT059;Tecnologia;Sistemas de Informação;Semipresencial;MAT059_D022;Disciplina 22 - Sistemas de Informação;Sim;40;0;0;0;40;0;0;0;1
MAT059;Tecnologia;Sistemas de Informação;Semipresencial;MAT059_D023;Disciplina 23 - Sistemas de Informação;Não;40;0;0;0;30;10;0;0;1
MAT059;Tecnologia;Sistemas de Informação;Semipresencial;MAT059_D024;Disciplina 24 - Sistemas de Informação;Não;60;0;0;0;60;0;0;0;1
MAT059;Tecnologia;Sistemas de Informação;Semipresencial;MAT059_D025;Disciplina 25 - Sistemas de Informação [PROJETO DE EXTENSÃO];Não;120;0;0;0;50;10;0;60;1
MAT059;Tecnologia;Sistemas de Informação;Semipresencial;MAT059_D026;Disciplina 26 - Sistemas de Informação;Não;80;0;0;0;70;10;0;0;1
MAT059;Tecnologia;Sistemas de Informação;Semipresencial;MAT059_D027;Disciplina 27 - Sistemas de Informação;Não;120;0;0;0;100;20;0;0;1
MAT059;Tecnologia;Sistemas de Informação;Semipresencial;MAT059_D028;Disciplina 28 - Sistemas de Informação;Não;40;0;0;0;40;0;0;0;1
MAT059;Tecnologia;Sistemas de Informação;Semipresencial;MAT059_D029;Disciplina 29 - Sistemas de Informação;Sim;40;0;0;0;40;0;0;0;1
MAT059;Tecnologia;Sistemas de Informação;Semipresencial;MAT059_D030;Disciplina 30 - Sistemas de Informação;Sim;60;0;0;0;50;10;0;0;1
MAT059;Tecnologia;Sistemas de Informação;Semipresencial;MAT059_D031;Disciplina 31 - Sistemas de Informação;Sim;120;0;0;0;90;30;0;0;1
MAT059;Tecnologia;Sistemas de Informação;Semipresencial;MAT059_D032;Disciplina 32 - Sistemas de Informação;Não;40;0;0;0;40;0;0;0;1
MAT059;Tecnologia;Sistemas de Informação;Semipresencial;MAT059_D033;Disciplina 33 - Sistemas de Informação;Sim;40;0;0;0;40;0;0;0;1
MAT059;Tecnologia;Sistemas de Informação;Semipresencial;MAT059_D034;Disciplina 34 - Sistemas de Informação;Não;120;0;0;0;90;30;0;0;1
MAT059;Tecnologia;Sistemas de Informação;Semipresencial;MAT059_D035;Disciplina 35 - Sistemas de Informação;Sim;60;0;0;0;60;0;0;0;1
MAT059;Tecnologia;Sistemas de Informação;Semipresencial;MAT059_D036;Disciplina 36 - Sistemas de Informação;Não;60;0;0;0;50;10;0;0;1
MAT059;Tecnologia;Sistemas de Informação;Semipresencial;MAT059_D037;Disciplina 37 - Sistemas de Informação;Não;80;0;0;0;60;20;0;0;1
MAT059;Tecnologia;Sistemas de Informação;Semipresencial;MAT059_D038;Disciplina 38 - Sistemas de Informação;Sim;80;0;0;0;60;20;0;0;1
MAT059;Tecnologia;Sistemas de Informação;Semipresencial;MAT059_D039;Disciplina 39 - Sistemas de Informação;Sim;80;0;0;0;70;10;0;0;1
MAT059;Tecnologia;Sistemas de Informação;Semipresencial;MAT059_D040;Disciplina 40 - Sistemas de Informação;Não;120;0;0;0;100;20;0;0;1
MAT059;Tecnologia;Sistemas de Informação;Semipresencial;MAT059_D041;Disciplina 41 - Sistemas de Informação;Sim;80;20;40;20;0;0;0;0;0
MAT059;Tecnologia;Sistemas de Informação;Semipresencial;MAT059_D042;Disciplina 42 - Sistemas de Informação;Sim;80;30;30;20;0;0;0;0;0
MAT059;Tecnologia;Sistemas de Informação;Semipresencial;MAT059_D043;Disciplina 43 - Sistemas de Informação;Não;120;40;60;20;0;0;0;0;0
MAT059;Tecnologia;Sistemas de Informação;Semipresencial;MAT059_D044;Disciplina 44 - Sistemas de Informação;Sim;80;30;30;20;0;0;0;0;0
MAT059;Tecnologia;Sistemas de Informação;Semipresencial;MAT059_D045;Disciplina 45 - Sistemas de Informação [PROJETO DE EXTENSÃO];Não;60;0;20;0;0;0;0;40;0
MAT059;Tecnologia;Sistemas de Informação;Semipresencial;MAT059_D046;Disciplina 46 - Sistemas de Informação;Não;40;10;30;0;0;0;0;0;0
MAT059;Tecnologia;Sistemas de Informação;Semipresencial;MAT059_D047;Disciplina 47 - Sistemas de Informação;Sim;60;20;30;10;0;0;0;0;0
MAT059;Tecnologia;Sistemas de Informação;Semipresencial;MAT059_D048;Disciplina 48 - Sistemas de Informação;Sim;60;10;40;10;0;0;0;0;0
MAT059;Tecnologia;Sistemas de Informação;Semipresencial;MAT059_D049;Disciplina 49 - Sistemas de Informação;Não;40;10;30;0;0;0;0;0;0
MAT059;Tecnologia;Sistemas de Informação;Semipresencial;MAT059_D050;Disciplina 50 - Sistemas de Informação;Não;60;10;30;20;0;0;0;0;0
MAT059;Tecnologia;Sistemas de Informação;Semipresencial;MAT059_D051;Disciplina 51 - Sistemas de Informação;Sim;40;10;20;10;0;0;0;0;0
MAT059;Tecnologia;Sistemas de Informação;Semipresencial;MAT059_D052;Disciplina 52 - Sistemas de Informação;Não;20;0;20;0;0;0;0;0;0
MAT060;Negócios;Marketing;Presencial;MAT060_D001;Disciplina 1 - Marketing;Não;60;0;0;0;60;0;0;0;1
MAT060;Negócios;Marketing;Presencial;MAT060_D002;Disciplina 2 - Marketing;Não;120;0;0;0;120;0;0;0;1
MAT060;Negócios;Marketing;Presencial;MAT060_D003;Disciplina 3 - Marketing;Sim;80;0;0;0;80;0;0;0;1
MAT060;Negócios;Marketing;Presencial;MAT060_D004;Disciplina 4 - Marketing;Sim;120;0;0;0;120;0;0;0;1
MAT060;Negócios;Marketing;Presencial;MAT060_D005;Disciplina 5 - Marketing;Sim;80;0;0;0;80;0;0;0;1
MAT060;Negócios;Marketing;Presencial;MAT060_D006;Disciplina 6 - Marketing;Não;40;0;0;0;40;0;0;0;1
MAT060;Negócios;Marketing;Presencial;MAT060_D007;Disciplina 7 - Marketing;Não;40;0;0;0;40;0;0;0;1
MAT060;Negócios;Marketing;Presencial;MAT060_D008;Disciplina 8 - Marketing;Não;60;0;0;0;60;0;0;0;1
MAT060;Negócios;Marketing;Presencial;MAT060_D009;Disciplina 9 - Marketing;Não;80;0;0;0;80;0;0;0;1
MAT060;Negócios;Marketing;Presencial;MAT060_D010;Disciplina 10 - Marketing;Sim;40;0;0;0;40;0;0;0;1
MAT060;Negócios;Marketing;Presencial;MAT060_D011;Disciplina 11 - Marketing [PROJETO DE EXTENSÃO];Não;60;0;0;0;20;0;0;40;1
MAT060;Negócios;Marketing;Presencial;MAT060_D012;Disciplina 12 - Marketing;Sim;80;0;0;0;80;0;0;0;1
MAT060;Negócios;Marketing;Presencial;MAT060_D013;Disciplina 13 - Marketing;Não;60;0;0;0;60;0;0;0;1
MAT060;Negócios;Marketing;Presencial;MAT060_D014;Disciplina 14 - Marketing;Não;40;20;20;0;0;0;0;0;0
MAT060;Negócios;Marketing;Presencial;MAT060_D015;Disciplina 15 - Marketing;Sim;60;30;30;0;0;0;0;0;0
MAT060;Negócios;Marketing;Presencial;MAT060_D016;Disciplina 16 - Marketing;Não;80;40;40;0;0;0;0;0;0
MAT060;Negócios;Marketing;Presencial;MAT060_D017;Disciplina 17 - Marketing;Não;120;60;60;0;0;0;0;0;0
MAT060;Negócios;Marketing;Presencial;MAT060_D018;Disciplina 18 - Marketing;Não;40;20;20;0;0;0;0;0;0
MAT060;Negócios;Marketing;Presencial;MAT060_D019;Disciplina 19 - Marketing;Não;80;50;30;0;0;0;0;0;0
MAT060;Negócios;Marketing;Presencial;MAT060_D020;Disciplina 20 - Marketing;Não;80;40;40;0;0;0;0;0;0
MAT060;Negócios;Marketing;Presencial;MAT060_D021;Disciplina 21 - Marketing;Sim;60;30;30;0;0;0;0;0;0
MAT060;Negócios;Marketing;Presencial;MAT060_D022;Disciplina 22 - Marketing;Não;40;30;10;0;0;0;0;0;0
MAT060;Negócios;Marketing;Presencial;MAT060_D023;Disciplina 23 - Marketing;Não;120;70;50;0;0;0;0;0;0
MAT060;Negócios;Marketing;Presencial;MAT060_D024;Disciplina 24 - Marketing;Não;120;80;40;0;0;0;0;0;0
MAT060;Negócios;Marketing;Presencial;MAT060_D025;Disciplina 25 - Marketing;Não;60;40;20;0;0;0;0;0;0
MAT060;Negócios;Marketing;Presencial;MAT060_D026;Disciplina 26 - Marketing;Não;40;20;20;0;0;0;0;0;0
MAT060;Negócios;Marketing;Presencial;MAT060_D027;Disciplina 27 - Marketing;Sim;120;80;40;0;0;0;0;0;0
MAT060;Negócios;Marketing;Presencial;MAT060_D028;Disciplina 28 - Marketing;Não;40;20;20;0;0;0;0;0;0
MAT060;Negócios;Marketing;Presencial;MAT060_D029;Disciplina 29 - Marketing;Não;60;40;20;0;0;0;0;0;0
MAT060;Negócios;Marketing;Presencial;MAT060_D030;Disciplina 30 - Marketing;Não;40;20;20;0;0;0;0;0;0
MAT060;Negócios;Marketing;Presencial;MAT060_D031;Disciplina 31 - Marketing;Não;40;30;10;0;0;0;0;0;0
MAT060;Negócios;Marketing;Presencial;MAT060_D032;Disciplina 32 - Marketing;Não;40;20;20;0;0;0;0;0;0
MAT060;Negócios;Marketing;Presencial;MAT060_D033;Disciplina 33 - Marketing;Não;60;40;20;0;0;0;0;0;0
MAT060;Negócios;Marketing;Presencial;MAT060_D034;Disciplina 34 - Marketing;Sim;60;40;20;0;0;0;0;0;0
MAT060;Negócios;Marketing;Presencial;MAT060_D035;Disciplina 35 - Marketing;Sim;60;40;20;0;0;0;0;0;0
MAT060;Negócios;Marketing;Presencial;MAT060_D036;Estágio Supervisionado - Marketing;Não;20;0;0;0;0;0;20;0;0
